"GeneID"	"omega0"	"MedianVar"	"VarRankBin"	"VarRankCategory"
"ENSDARG00000000002"	0.0650868297457183	0.426666666666667	0.5	"mid"
"ENSDARG00000000018"	0.0213010474689079	0.504722222222222	0.6	"mid"
"ENSDARG00000000019"	0.0183980414562483	0.209	0.3	"mid"
"ENSDARG00000000068"	0.0772069760688313	0.372954545454545	0.4	"mid"
"ENSDARG00000000069"	0.07079375700001	0.400833333333333	0.5	"mid"
"ENSDARG00000000086"	0.0280595416429952	0.478787878787879	0.5	"mid"
"ENSDARG00000000151"	0.017130023216702	0.487159090909091	0.5	"mid"
"ENSDARG00000000161"	0.0842961408839975	0.421363636363636	0.5	"mid"
"ENSDARG00000000175"	0.0767234675196211	0.490892857142857	0.5	"mid"
"ENSDARG00000000189"	0.0600078594378837	0.489166666666667	0.5	"mid"
"ENSDARG00000000241"	0.0485166802291301	0.402727272727273	0.5	"mid"
"ENSDARG00000000394"	0.125701379943569	0.286969696969697	0.3	"mid"
"ENSDARG00000000423"	0.0748738512369522	0.401666666666667	0.5	"mid"
"ENSDARG00000000442"	0.0695940276528169	0.615555555555556	0.7	"mid"
"ENSDARG00000000476"	0.135246989203462	0.359	0.4	"mid"
"ENSDARG00000000489"	0.0634617842590619	0.46515873015873	0.5	"mid"
"ENSDARG00000000503"	0.0122606337709419	0.332020202020202	0.4	"mid"
"ENSDARG00000000540"	0.0698246499542024	0.223977272727273	0.3	"mid"
"ENSDARG00000000542"	0.0495447436723039	0.175178571428571	0.2	"low"
"ENSDARG00000000551"	0.0423660494403341	0.538333333333333	0.6	"mid"
"ENSDARG00000000567"	0.088775651157789	0.266978021978022	0.3	"mid"
"ENSDARG00000000588"	0.0438159405697362	0.709583333333333	0.8	"mid"
"ENSDARG00000000631"	0.0661666198974532	0.341772727272727	0.4	"mid"
"ENSDARG00000000638"	0.0729460485590157	0.357	0.4	"mid"
"ENSDARG00000000651"	0.102210499379905	0.47	0.5	"mid"
"ENSDARG00000000656"	0.0731942445480592	0.442272727272727	0.5	"mid"
"ENSDARG00000000690"	0.0993178055843996	0.452727272727273	0.5	"mid"
"ENSDARG00000000729"	0.124381866197312	0.443611111111111	0.5	"mid"
"ENSDARG00000000747"	0.112483475671477	0.400844155844156	0.5	"mid"
"ENSDARG00000000760"	0.1030476486467	0.438194444444444	0.5	"mid"
"ENSDARG00000000767"	0.0713483628081697	0.591515151515152	0.6	"mid"
"ENSDARG00000000779"	0.0253407638444843	0.241439393939394	0.3	"mid"
"ENSDARG00000000796"	0.06903768285719	0.8425	0.9	"high"
"ENSDARG00000000830"	0.120319242357248	0.205555555555556	0.3	"mid"
"ENSDARG00000000857"	0.0256671025398485	0.675795454545455	0.7	"mid"
"ENSDARG00000000861"	0.0371801015400636	0.610050505050505	0.7	"mid"
"ENSDARG00000000887"	0.161793310933131	0.633690476190476	0.7	"mid"
"ENSDARG00000000906"	0.0939157648042454	0.237777777777778	0.3	"mid"
"ENSDARG00000000935"	0.041218476106782	0.626363636363636	0.7	"mid"
"ENSDARG00000000966"	0.0755776138686857	0.187272727272727	0.2	"low"
"ENSDARG00000001015"	0.0378881127354229	0.379545454545455	0.4	"mid"
"ENSDARG00000001169"	0.0928865062008584	0.248131313131313	0.3	"mid"
"ENSDARG00000001220"	0.0193011819667137	0.11	0.2	"low"
"ENSDARG00000001234"	0.0699085531058503	0.622111111111111	0.7	"mid"
"ENSDARG00000001241"	0.0200310861265872	0.480808080808081	0.5	"mid"
"ENSDARG00000001249"	0.0237634816393005	0.439204545454545	0.5	"mid"
"ENSDARG00000001303"	0.0667215404977034	0.413055555555556	0.5	"mid"
"ENSDARG00000001313"	0.132023834509207	0.462638888888889	0.5	"mid"
"ENSDARG00000001431"	0.012613618936412	0.798636363636364	0.8	"mid"
"ENSDARG00000001442"	0.0972300451519128	0.324545454545455	0.4	"mid"
"ENSDARG00000001447"	0.0519034833498796	0.456363636363636	0.5	"mid"
"ENSDARG00000001452"	0.152889651838576	0.516	0.6	"mid"
"ENSDARG00000001463"	0.0584376367992933	0.635	0.7	"mid"
"ENSDARG00000001498"	0.11622885994966	0.527272727272727	0.6	"mid"
"ENSDARG00000001557"	0.097434152548074	0.702689393939394	0.8	"mid"
"ENSDARG00000001558"	0.0721037886522552	0.728681818181818	0.8	"mid"
"ENSDARG00000001578"	0.0659368891543037	0.226136363636364	0.3	"mid"
"ENSDARG00000001621"	0.0211747462523983	0.637666666666667	0.7	"mid"
"ENSDARG00000001634"	0.037664518923321	0.493818181818182	0.5	"mid"
"ENSDARG00000001656"	0.0848362107791998	0.558090909090909	0.6	"mid"
"ENSDARG00000001676"	0.036795357489344	0.614363636363636	0.7	"mid"
"ENSDARG00000001710"	0.0317668431525923	0.41	0.5	"mid"
"ENSDARG00000001729"	0.0442169168626959	0.1605	0.2	"low"
"ENSDARG00000001733"	0.0567871347841072	0.541428571428571	0.6	"mid"
"ENSDARG00000001767"	0.0809913183147779	0.706643356643357	0.8	"mid"
"ENSDARG00000001776"	0.064052719402925	0.39	0.4	"mid"
"ENSDARG00000001777"	0.0453094694156919	0.4275	0.5	"mid"
"ENSDARG00000001785"	0.0535141363216409	0.851	0.9	"high"
"ENSDARG00000001803"	0.052974444647912	0.433636363636364	0.5	"mid"
"ENSDARG00000001804"	0.0903220380684849	0.565333333333333	0.6	"mid"
"ENSDARG00000001807"	0.0649600551634009	0.790909090909091	0.8	"mid"
"ENSDARG00000001870"	0.042065950667695	0.596	0.6	"mid"
"ENSDARG00000001873"	0.0917676497652742	0.687692307692308	0.7	"mid"
"ENSDARG00000001879"	0.0913837134307942	0.711262626262626	0.8	"mid"
"ENSDARG00000001880"	0.0431159518368508	0.602	0.7	"mid"
"ENSDARG00000001888"	0.0484958057263073	0.56	0.6	"mid"
"ENSDARG00000001889"	0.00751441004763671	0.883392857142857	0.9	"high"
"ENSDARG00000001890"	0.0148992566562755	0.585142857142857	0.6	"mid"
"ENSDARG00000001897"	0.0574598371063777	0.524409090909091	0.6	"mid"
"ENSDARG00000001898"	0.0882350726869045	0.522727272727273	0.6	"mid"
"ENSDARG00000001930"	0.0188149785924207	0.308232323232323	0.4	"mid"
"ENSDARG00000001939"	0.0534856658587148	0.2195	0.3	"mid"
"ENSDARG00000001953"	0.0377470593542992	0.7775	0.8	"mid"
"ENSDARG00000001969"	0.038964130865392	0.2615	0.3	"mid"
"ENSDARG00000001993"	0.0263905244298444	0.93	1	"high"
"ENSDARG00000001994"	0.0382381066977116	0.323333333333333	0.4	"mid"
"ENSDARG00000002002"	0.0952902097977719	0.473636363636364	0.5	"mid"
"ENSDARG00000002006"	0.0250679949353638	0.278333333333333	0.3	"mid"
"ENSDARG00000002013"	0.0593934813088625	0.7215	0.8	"mid"
"ENSDARG00000002016"	0.0473664702713887	0.304038461538462	0.4	"mid"
"ENSDARG00000002020"	0.0407198983624681	0.372222222222222	0.4	"mid"
"ENSDARG00000002021"	0.0356912705049301	0.414895104895105	0.5	"mid"
"ENSDARG00000002037"	0.0389996450095595	0.514444444444444	0.6	"mid"
"ENSDARG00000002060"	0.148536125974163	0.916090909090909	1	"high"
"ENSDARG00000002077"	0.0623716187681934	0.390909090909091	0.4	"mid"
"ENSDARG00000002082"	0.012917484443184	0.668181818181818	0.7	"mid"
"ENSDARG00000002127"	0.0437344943906386	0.349090909090909	0.4	"mid"
"ENSDARG00000002128"	0.0679934742325939	0.331363636363636	0.4	"mid"
"ENSDARG00000002131"	0.0118302165937454	0.390833333333333	0.4	"mid"
"ENSDARG00000002165"	0.0857569920310666	0.368706293706294	0.4	"mid"
"ENSDARG00000002172"	0.0430698677745465	0.764318181818182	0.8	"mid"
"ENSDARG00000002174"	0.0490577758788076	0.556666666666667	0.6	"mid"
"ENSDARG00000002184"	0.147512875318591	0.374444444444444	0.4	"mid"
"ENSDARG00000002190"	0.0410333409601911	0.370594405594406	0.4	"mid"
"ENSDARG00000002194"	0.222103556071835	0.852115384615385	0.9	"high"
"ENSDARG00000002197"	0.0327173411182759	0.732121212121212	0.8	"mid"
"ENSDARG00000002204"	0.155220050614884	0.882727272727273	0.9	"high"
"ENSDARG00000002210"	0.0201047594624703	0.5075	0.6	"mid"
"ENSDARG00000002213"	0.0474788029211747	0.395265151515152	0.4	"mid"
"ENSDARG00000002215"	0.083524213861026	0.502272727272727	0.6	"mid"
"ENSDARG00000002216"	0.0312047809225181	0.647649572649573	0.7	"mid"
"ENSDARG00000002217"	0.0213368727604811	0.226369047619048	0.3	"mid"
"ENSDARG00000002220"	0.0257556067019129	0.32030303030303	0.4	"mid"
"ENSDARG00000002230"	0.0686370685549991	0.233030303030303	0.3	"mid"
"ENSDARG00000002235"	0.0604408168164905	0.507727272727273	0.6	"mid"
"ENSDARG00000002240"	0.0479137251963879	0.642777777777778	0.7	"mid"
"ENSDARG00000002249"	0.151767302864449	0.630227272727273	0.7	"mid"
"ENSDARG00000002255"	0.0649311426112981	0.45043956043956	0.5	"mid"
"ENSDARG00000002259"	0.152520000528049	0.415318181818182	0.5	"mid"
"ENSDARG00000002264"	0.0928793196723526	0.303051948051948	0.4	"mid"
"ENSDARG00000002267"	0.0515363857559661	0.591666666666667	0.6	"mid"
"ENSDARG00000002271"	0.051781860254932	0.71	0.8	"mid"
"ENSDARG00000002285"	0.0557310337674177	0.334015151515151	0.4	"mid"
"ENSDARG00000002298"	0.136147864015915	0.745	0.8	"mid"
"ENSDARG00000002304"	0.0494218695401195	0.693636363636364	0.7	"mid"
"ENSDARG00000002305"	0.0444684173306402	0.267878787878788	0.3	"mid"
"ENSDARG00000002330"	0.0589333225309373	0.726	0.8	"mid"
"ENSDARG00000002332"	0.0317305749517237	0.348376623376623	0.4	"mid"
"ENSDARG00000002336"	0.0596637174961819	0.635	0.7	"mid"
"ENSDARG00000002339"	0.0119591422117857	0.45530303030303	0.5	"mid"
"ENSDARG00000002347"	0.113377214693819	0.746666666666667	0.8	"mid"
"ENSDARG00000002365"	0.107641469800146	0.6465	0.7	"mid"
"ENSDARG00000002385"	0.0963308635718654	0.218	0.3	"mid"
"ENSDARG00000002391"	0.114951556101078	0.731818181818182	0.8	"mid"
"ENSDARG00000002396"	0.0784522557082333	0.546	0.6	"mid"
"ENSDARG00000002401"	0.0531662299137865	0.612590909090909	0.7	"mid"
"ENSDARG00000002402"	0.0207260565471134	0.169136363636364	0.2	"low"
"ENSDARG00000002403"	0.149994721732192	0.710909090909091	0.8	"mid"
"ENSDARG00000002405"	0.104576212296982	0.582777777777778	0.6	"mid"
"ENSDARG00000002445"	0.117665388931799	0.336111111111111	0.4	"mid"
"ENSDARG00000002479"	0.0827557334228668	0.450595238095238	0.5	"mid"
"ENSDARG00000002487"	0.0925924469668297	0.590357142857143	0.6	"mid"
"ENSDARG00000002494"	0.104151286634991	0.693333333333333	0.7	"mid"
"ENSDARG00000002507"	0.0677467984687577	0.675384615384615	0.7	"mid"
"ENSDARG00000002509"	0.139304158866771	0.9	0.9	"high"
"ENSDARG00000002523"	0.0567812405844939	0.248251748251748	0.3	"mid"
"ENSDARG00000002536"	0.0205765389432177	0.35375	0.4	"mid"
"ENSDARG00000002538"	0.0357304745529254	0.290984848484849	0.3	"mid"
"ENSDARG00000002552"	0.0341040181388958	0.252660256410256	0.3	"mid"
"ENSDARG00000002576"	0.038276114262449	0.674444444444444	0.7	"mid"
"ENSDARG00000002582"	0.0287178595852896	0.756666666666667	0.8	"mid"
"ENSDARG00000002587"	0.0340468141243827	0.366545454545455	0.4	"mid"
"ENSDARG00000002591"	0.0122366803633802	0.4	0.4	"mid"
"ENSDARG00000002597"	0.0470921763897196	0.864545454545455	0.9	"high"
"ENSDARG00000002607"	0.0674361121720781	0.402857142857143	0.5	"mid"
"ENSDARG00000002609"	0.0193879321036043	0.437692307692308	0.5	"mid"
"ENSDARG00000002613"	0.149161112015052	0.719166666666667	0.8	"mid"
"ENSDARG00000002632"	0.0748401298531517	0.461666666666667	0.5	"mid"
"ENSDARG00000002635"	0.0695212428251842	0.29	0.3	"mid"
"ENSDARG00000002644"	0.0827907933243912	0.435833333333333	0.5	"mid"
"ENSDARG00000002656"	0.0565145394617864	0.369090909090909	0.4	"mid"
"ENSDARG00000002659"	0.0497718404389842	0.267207792207792	0.3	"mid"
"ENSDARG00000002663"	0.115061469546166	0.477833333333333	0.5	"mid"
"ENSDARG00000002670"	0.0557239672718613	0.453333333333333	0.5	"mid"
"ENSDARG00000002690"	0.0736432175784903	0.298	0.3	"mid"
"ENSDARG00000002696"	0.0455692096070192	0.297333333333333	0.3	"mid"
"ENSDARG00000002701"	0.0687175478775247	0.421	0.5	"mid"
"ENSDARG00000002731"	0.0895429470643452	0.393590909090909	0.4	"mid"
"ENSDARG00000002732"	0.092454707904266	0.692777777777778	0.7	"mid"
"ENSDARG00000002745"	0.0605002291080904	0.604444444444444	0.7	"mid"
"ENSDARG00000002754"	0.120359788959154	0.38025974025974	0.4	"mid"
"ENSDARG00000002758"	0.0607691731425513	0.665340909090909	0.7	"mid"
"ENSDARG00000002768"	0.110084669891119	0.886590909090909	0.9	"high"
"ENSDARG00000002787"	0.0130731015196581	0.611583333333333	0.7	"mid"
"ENSDARG00000002790"	0.00628733005622552	0.155714285714286	0.2	"low"
"ENSDARG00000002792"	0.0399244769751305	0.112937062937063	0.2	"low"
"ENSDARG00000002798"	0.0557398053840501	0.398365384615385	0.4	"mid"
"ENSDARG00000002826"	0.139221467738908	0.418333333333333	0.5	"mid"
"ENSDARG00000002830"	0.0571049493519539	0.6565	0.7	"mid"
"ENSDARG00000002840"	0.0253263921279923	0.5	0.5	"mid"
"ENSDARG00000002847"	0.123744582704532	0.773939393939394	0.8	"mid"
"ENSDARG00000002877"	0.0579231451052352	0.381666666666667	0.4	"mid"
"ENSDARG00000002897"	0.0763940753532041	0.423974358974359	0.5	"mid"
"ENSDARG00000002909"	0.0930142861018537	0.462350427350427	0.5	"mid"
"ENSDARG00000002912"	0.0183860837187897	0.63719696969697	0.7	"mid"
"ENSDARG00000002916"	0.0760874076570919	0.473772727272727	0.5	"mid"
"ENSDARG00000002945"	0.0639240531419213	0.663333333333333	0.7	"mid"
"ENSDARG00000002947"	0.044091725169764	0.452222222222222	0.5	"mid"
"ENSDARG00000002949"	0.00782806488758641	0.131111111111111	0.2	"low"
"ENSDARG00000002952"	0.0361940236988716	0.385	0.4	"mid"
"ENSDARG00000002967"	0.051146676788303	0.412363636363636	0.5	"mid"
"ENSDARG00000002971"	0.0935774846602768	0.595340909090909	0.6	"mid"
"ENSDARG00000002986"	0.112337794360928	0.631818181818182	0.7	"mid"
"ENSDARG00000002991"	0.0979709286040889	0.807416666666667	0.9	"high"
"ENSDARG00000002994"	0.0793883264429599	0.425769230769231	0.5	"mid"
"ENSDARG00000003017"	0.00676562623494529	0.782167832167832	0.8	"mid"
"ENSDARG00000003021"	0.0512866850528147	0.289346153846154	0.3	"mid"
"ENSDARG00000003027"	0.0721961175273989	0.596363636363636	0.6	"mid"
"ENSDARG00000003058"	0.111935720892779	0.249924242424242	0.3	"mid"
"ENSDARG00000003061"	0.112380871667682	0.418181818181818	0.5	"mid"
"ENSDARG00000003068"	0.0741462649268161	0.627	0.7	"mid"
"ENSDARG00000003081"	0.111307011618612	0.89	0.9	"high"
"ENSDARG00000003085"	0.0655155417673081	0.484545454545455	0.5	"mid"
"ENSDARG00000003087"	0.0911018504695732	0.2875	0.3	"mid"
"ENSDARG00000003091"	0.129712467776139	0.593846153846154	0.6	"mid"
"ENSDARG00000003098"	0.0739842425063974	0.570909090909091	0.6	"mid"
"ENSDARG00000003109"	0.0584497828231958	0.740423076923077	0.8	"mid"
"ENSDARG00000003113"	0.104409436062437	0.496818181818182	0.5	"mid"
"ENSDARG00000003127"	0.160299428912055	0.219090909090909	0.3	"mid"
"ENSDARG00000003142"	0.0659047993110133	0.486	0.5	"mid"
"ENSDARG00000003144"	0.1292965802665	0.518	0.6	"mid"
"ENSDARG00000003153"	0.0112671584522248	0.285454545454545	0.3	"mid"
"ENSDARG00000003157"	0.11482047723132	0.459647435897436	0.5	"mid"
"ENSDARG00000003165"	0.0156634698424553	0.649345238095238	0.7	"mid"
"ENSDARG00000003167"	0.00476321126371403	0.194345238095238	0.2	"low"
"ENSDARG00000003169"	0.0430393841296914	0.294711538461538	0.3	"mid"
"ENSDARG00000003175"	0.0427630014612637	0.259545454545455	0.3	"mid"
"ENSDARG00000003189"	0.0122621445647088	0.586666666666667	0.6	"mid"
"ENSDARG00000003193"	0.112647677252477	0.59	0.6	"mid"
"ENSDARG00000003203"	0.0769776054281815	0.511818181818182	0.6	"mid"
"ENSDARG00000003205"	0.116154867634132	0.111363636363636	0.2	"low"
"ENSDARG00000003206"	0.157154880718964	0.404090909090909	0.5	"mid"
"ENSDARG00000003208"	0.1088236448366	0.435979020979021	0.5	"mid"
"ENSDARG00000003213"	0.0397957785304263	0.468642857142857	0.5	"mid"
"ENSDARG00000003217"	0.187464028985522	0.562348484848485	0.6	"mid"
"ENSDARG00000003219"	0.0951318673532252	0.5825	0.6	"mid"
"ENSDARG00000003235"	0.0683501862807025	0.335083333333333	0.4	"mid"
"ENSDARG00000003244"	0.215657218296997	0.525649350649351	0.6	"mid"
"ENSDARG00000003250"	0.0544044945863512	0.507689393939394	0.6	"mid"
"ENSDARG00000003257"	0.0540688441350797	0.36	0.4	"mid"
"ENSDARG00000003259"	0.0527910661777939	0.723227272727273	0.8	"mid"
"ENSDARG00000003269"	0.0222033867183987	0.376573426573427	0.4	"mid"
"ENSDARG00000003270"	0.0599724156685901	0.391363636363636	0.4	"mid"
"ENSDARG00000003281"	0.129333370544548	0.731666666666667	0.8	"mid"
"ENSDARG00000003287"	0.0676297041350706	0.421666666666667	0.5	"mid"
"ENSDARG00000003303"	0.077251762143841	0.574155844155844	0.6	"mid"
"ENSDARG00000003307"	0.0321423507087919	0.39	0.4	"mid"
"ENSDARG00000003308"	0.0395568898132993	0.122272727272727	0.2	"low"
"ENSDARG00000003311"	0.0376992320503798	0.246363636363636	0.3	"mid"
"ENSDARG00000003313"	0.124691199627377	0.771666666666667	0.8	"mid"
"ENSDARG00000003320"	0.0362215508467293	0.3585	0.4	"mid"
"ENSDARG00000003373"	0.109753993707552	0.696272727272727	0.7	"mid"
"ENSDARG00000003375"	0.073625509233902	0.485757575757576	0.5	"mid"
"ENSDARG00000003382"	0.0573066539271325	0.213857142857143	0.3	"mid"
"ENSDARG00000003383"	0.0250801757606713	0.621515151515152	0.7	"mid"
"ENSDARG00000003398"	0.0172051087935729	0.295357142857143	0.3	"mid"
"ENSDARG00000003444"	0.12922303517183	0.462765151515152	0.5	"mid"
"ENSDARG00000003449"	0.0387072085648051	0.482272727272727	0.5	"mid"
"ENSDARG00000003475"	0.0973886244176137	0.481111111111111	0.5	"mid"
"ENSDARG00000003486"	0.00570053239022106	0.288888888888889	0.3	"mid"
"ENSDARG00000003487"	0.028670820187672	0.31625	0.4	"mid"
"ENSDARG00000003495"	0.0303348681597711	0.216666666666667	0.3	"mid"
"ENSDARG00000003512"	0.0384008767316671	0.394545454545455	0.4	"mid"
"ENSDARG00000003517"	0.0959803822640166	0.381262626262626	0.4	"mid"
"ENSDARG00000003519"	0.114923626819423	0.612727272727273	0.7	"mid"
"ENSDARG00000003520"	0.0557671294167089	0.392545454545455	0.4	"mid"
"ENSDARG00000003523"	0.120061921504549	0.62	0.7	"mid"
"ENSDARG00000003526"	0.0077945100955631	0.329	0.4	"mid"
"ENSDARG00000003527"	0.0550126948395422	0.54275	0.6	"mid"
"ENSDARG00000003531"	0.0388729144828594	0.467638888888889	0.5	"mid"
"ENSDARG00000003533"	0.0977317628169677	0.884545454545455	0.9	"high"
"ENSDARG00000003564"	0.0625002589199574	0.769409090909091	0.8	"mid"
"ENSDARG00000003573"	0.00361153601561314	0.246813186813187	0.3	"mid"
"ENSDARG00000003576"	0.0324502884003291	0.560277777777778	0.6	"mid"
"ENSDARG00000003584"	0.129401553259169	0.53	0.6	"mid"
"ENSDARG00000003592"	0.0792160196786806	0.31	0.4	"mid"
"ENSDARG00000003607"	0.0156591052160164	0.260363636363636	0.3	"mid"
"ENSDARG00000003616"	0.00627443922182421	0.573044871794872	0.6	"mid"
"ENSDARG00000003631"	0.0494589998640097	0.697	0.7	"mid"
"ENSDARG00000003641"	0.0872428439370469	0.57525	0.6	"mid"
"ENSDARG00000003642"	0.137766953022149	0.757777777777778	0.8	"mid"
"ENSDARG00000003655"	0.0726473134108971	0.355833333333333	0.4	"mid"
"ENSDARG00000003675"	0.126542656473287	0.299954545454545	0.3	"mid"
"ENSDARG00000003680"	0.0176103827328941	0.621818181818182	0.7	"mid"
"ENSDARG00000003693"	0.0715471369804927	0.572076923076923	0.6	"mid"
"ENSDARG00000003697"	0.0739006131564083	0.541363636363636	0.6	"mid"
"ENSDARG00000003701"	0.0945567107017295	0.9025	1	"high"
"ENSDARG00000003705"	0.134042835244453	0.274555555555556	0.3	"mid"
"ENSDARG00000003749"	0.0453605686202346	0.224166666666667	0.3	"mid"
"ENSDARG00000003750"	0.0571335045590936	0.693888888888889	0.7	"mid"
"ENSDARG00000003751"	0.0543082443985646	0.36	0.4	"mid"
"ENSDARG00000003757"	0.154569497734074	0.495454545454545	0.5	"mid"
"ENSDARG00000003776"	0.024922122762502	0.282142857142857	0.3	"mid"
"ENSDARG00000003779"	0.032871928394596	0.236	0.3	"mid"
"ENSDARG00000003789"	0.0624234900128184	0.4355	0.5	"mid"
"ENSDARG00000003808"	0.0670798881010457	0.382272727272727	0.4	"mid"
"ENSDARG00000003811"	0.0652276339332975	0.343833333333333	0.4	"mid"
"ENSDARG00000003818"	0.0246965490231226	0.125757575757576	0.2	"low"
"ENSDARG00000003820"	0.0521938628935887	0.981363636363636	1	"high"
"ENSDARG00000003822"	0.112999506528421	0.464545454545455	0.5	"mid"
"ENSDARG00000003827"	0.193216172137691	0.304393939393939	0.4	"mid"
"ENSDARG00000003829"	0.0185058310229619	0.511045454545455	0.6	"mid"
"ENSDARG00000003835"	0.0342405260694707	0.386805555555556	0.4	"mid"
"ENSDARG00000003841"	0.124079526726106	0.49	0.5	"mid"
"ENSDARG00000003845"	0.107591179229775	0.325416666666667	0.4	"mid"
"ENSDARG00000003846"	0.112091732215315	0.545606060606061	0.6	"mid"
"ENSDARG00000003854"	0.114461503769085	0.701818181818182	0.8	"mid"
"ENSDARG00000003860"	0.0325374036625917	0.393	0.4	"mid"
"ENSDARG00000003866"	0.0210029451444744	0.208712121212121	0.3	"mid"
"ENSDARG00000003869"	0.0597619465960736	0.265779220779221	0.3	"mid"
"ENSDARG00000003872"	0.0225238848618698	0.408571428571429	0.5	"mid"
"ENSDARG00000003877"	0.04250539036638	0.497777777777778	0.5	"mid"
"ENSDARG00000003899"	0.0933928461567527	0.335	0.4	"mid"
"ENSDARG00000003902"	0.125740832881519	0.988181818181818	1	"high"
"ENSDARG00000003904"	0.181759985162257	0.97	1	"high"
"ENSDARG00000003910"	0.0581091265000044	0.579949494949495	0.6	"mid"
"ENSDARG00000003927"	0.0811603891978308	0.235416666666667	0.3	"mid"
"ENSDARG00000003931"	0.0569331823455154	0.261590909090909	0.3	"mid"
"ENSDARG00000003934"	0.0693100291708685	0.521414141414141	0.6	"mid"
"ENSDARG00000003938"	0.103823968727487	0.326	0.4	"mid"
"ENSDARG00000003940"	0.0543717545072066	0.195636363636364	0.2	"low"
"ENSDARG00000003941"	0.0581318614846655	0.724285714285714	0.8	"mid"
"ENSDARG00000003961"	0.10180580226685	0.64625	0.7	"mid"
"ENSDARG00000003963"	0.0303333355036435	0.514545454545455	0.6	"mid"
"ENSDARG00000003968"	0.153142425870064	0.640629370629371	0.7	"mid"
"ENSDARG00000003974"	0.0144168342079432	0.291780303030303	0.3	"mid"
"ENSDARG00000003977"	0.0713522955978911	0.39	0.4	"mid"
"ENSDARG00000003984"	0.129305706485729	0.202916666666667	0.3	"mid"
"ENSDARG00000003989"	0.0206227403850009	0.614230769230769	0.7	"mid"
"ENSDARG00000003991"	0.0433102218594538	0.786363636363636	0.8	"mid"
"ENSDARG00000003998"	0.0480908977502666	0.656666666666667	0.7	"mid"
"ENSDARG00000004017"	0.105688851932993	0.62175	0.7	"mid"
"ENSDARG00000004037"	0.081452208816895	0.238068181818182	0.3	"mid"
"ENSDARG00000004046"	0.0308154699571806	0.278560606060606	0.3	"mid"
"ENSDARG00000004051"	0.101138367692552	0.4425	0.5	"mid"
"ENSDARG00000004055"	0.0880412398816188	0.606753246753247	0.7	"mid"
"ENSDARG00000004059"	0.0968337295543055	0.363333333333333	0.4	"mid"
"ENSDARG00000004060"	0.0759641401554325	0.769747474747475	0.8	"mid"
"ENSDARG00000004078"	0.0689298909786801	0.784551282051282	0.8	"mid"
"ENSDARG00000004094"	0.0657425800469056	0.560555555555556	0.6	"mid"
"ENSDARG00000004105"	0.0582451986090996	0.539714285714286	0.6	"mid"
"ENSDARG00000004111"	0.0805319338788841	0.608737373737374	0.7	"mid"
"ENSDARG00000004114"	0.113093028094554	0.4525	0.5	"mid"
"ENSDARG00000004115"	0.0233024218798083	0.398888888888889	0.4	"mid"
"ENSDARG00000004130"	0.0865374403573971	0.4435	0.5	"mid"
"ENSDARG00000004131"	0.152778079151198	0.4575	0.5	"mid"
"ENSDARG00000004141"	0.100325705969274	0.812676767676768	0.9	"high"
"ENSDARG00000004151"	0.0260255225467531	0.694285714285714	0.7	"mid"
"ENSDARG00000004154"	0.0220761561046498	0.560909090909091	0.6	"mid"
"ENSDARG00000004160"	0.0579220638888348	0.483472222222222	0.5	"mid"
"ENSDARG00000004161"	0.0166587929005172	0.197323232323232	0.2	"low"
"ENSDARG00000004167"	0.106138080264588	0.407777777777778	0.5	"mid"
"ENSDARG00000004169"	0.0524630430109764	0.626153846153846	0.7	"mid"
"ENSDARG00000004171"	0.0585831470518658	0.438277777777778	0.5	"mid"
"ENSDARG00000004173"	0.0143781759786663	0.319285714285714	0.4	"mid"
"ENSDARG00000004174"	0.016971058023545	0.460769230769231	0.5	"mid"
"ENSDARG00000004187"	0.0420746471817087	0.634166666666667	0.7	"mid"
"ENSDARG00000004189"	0.0290830876537908	0.335	0.4	"mid"
"ENSDARG00000004196"	0.063999965617234	0.754166666666667	0.8	"mid"
"ENSDARG00000004204"	0.187094377365517	0.764015151515151	0.8	"mid"
"ENSDARG00000004211"	0.0400111163965069	0.443333333333333	0.5	"mid"
"ENSDARG00000004218"	0.0378654877549013	0.525	0.6	"mid"
"ENSDARG00000004246"	0.0328696641254661	0.383166666666667	0.4	"mid"
"ENSDARG00000004251"	0.0927039629321462	0.485	0.5	"mid"
"ENSDARG00000004261"	0.0118161476801644	0.243295454545455	0.3	"mid"
"ENSDARG00000004270"	0.0647547534225242	0.310909090909091	0.4	"mid"
"ENSDARG00000004274"	0.121326044945332	0.573939393939394	0.6	"mid"
"ENSDARG00000004280"	0.0222428178476858	0.196722222222222	0.2	"low"
"ENSDARG00000004296"	0.151639077591986	0.912606837606838	1	"high"
"ENSDARG00000004301"	0.0478963944325996	0.321818181818182	0.4	"mid"
"ENSDARG00000004306"	0.0294731214134926	0.56	0.6	"mid"
"ENSDARG00000004308"	0.0573491866372464	0.506565656565657	0.6	"mid"
"ENSDARG00000004311"	0.0760580033900499	0.293712121212121	0.3	"mid"
"ENSDARG00000004318"	0.0691281707491191	0.383825757575758	0.4	"mid"
"ENSDARG00000004325"	0.0867687887305201	0.618205128205128	0.7	"mid"
"ENSDARG00000004336"	0.030603297592823	0.308333333333333	0.4	"mid"
"ENSDARG00000004363"	0.0441456028898967	0.333333333333333	0.4	"mid"
"ENSDARG00000004372"	0.0320780800692287	0.209318181818182	0.3	"mid"
"ENSDARG00000004377"	0.0519179360583913	0.3605	0.4	"mid"
"ENSDARG00000004378"	0.037594246685177	0.263333333333333	0.3	"mid"
"ENSDARG00000004386"	0.074362157126688	0.438333333333333	0.5	"mid"
"ENSDARG00000004396"	0.0866991879587257	0.5825	0.6	"mid"
"ENSDARG00000004402"	0.0175953904746155	0.679090909090909	0.7	"mid"
"ENSDARG00000004405"	0.114693564116734	0.765555555555556	0.8	"mid"
"ENSDARG00000004427"	0.0676088890103392	0.385	0.4	"mid"
"ENSDARG00000004433"	0.0626712333388007	0.389350649350649	0.4	"mid"
"ENSDARG00000004436"	0.0841834233743971	0.320833333333333	0.4	"mid"
"ENSDARG00000004445"	0.0306086106947735	0.552222222222222	0.6	"mid"
"ENSDARG00000004459"	0.0835129416659755	0.463	0.5	"mid"
"ENSDARG00000004460"	0.0222663986942704	0.461428571428571	0.5	"mid"
"ENSDARG00000004470"	0.0797665429651867	0.215757575757576	0.3	"mid"
"ENSDARG00000004497"	0.0837360767556912	0.728636363636364	0.8	"mid"
"ENSDARG00000004517"	0.0347559017501035	0.59375	0.6	"mid"
"ENSDARG00000004527"	0.0746973520611207	0.471111111111111	0.5	"mid"
"ENSDARG00000004539"	0.067031199083391	0.7625	0.8	"mid"
"ENSDARG00000004576"	0.0680294899787886	0.430178571428571	0.5	"mid"
"ENSDARG00000004587"	0.0228204017758709	0.400909090909091	0.5	"mid"
"ENSDARG00000004588"	0.0437632245518263	0.65010101010101	0.7	"mid"
"ENSDARG00000004592"	0.0417155614204887	0.407777777777778	0.5	"mid"
"ENSDARG00000004616"	0.042947077667227	0.825454545454545	0.9	"high"
"ENSDARG00000004621"	0.0287791074478653	0.23375	0.3	"mid"
"ENSDARG00000004627"	0.080253375033174	0.924545454545455	1	"high"
"ENSDARG00000004632"	0.051064786876765	0.474962121212121	0.5	"mid"
"ENSDARG00000004635"	0.0240427445864361	0.525984848484848	0.6	"mid"
"ENSDARG00000004636"	0.059875720344726	0.302159090909091	0.4	"mid"
"ENSDARG00000004672"	0.0342095640509032	0.485333333333333	0.5	"mid"
"ENSDARG00000004680"	0.0700098894971404	0.259038461538462	0.3	"mid"
"ENSDARG00000004687"	0.065061702872486	0.526	0.6	"mid"
"ENSDARG00000004692"	0.0339276605581613	0.569181818181818	0.6	"mid"
"ENSDARG00000004696"	0.0438354786006578	0.29875	0.3	"mid"
"ENSDARG00000004697"	0.0319547783778079	0.606818181818182	0.7	"mid"
"ENSDARG00000004706"	0.0330595451438324	0.208295454545455	0.3	"mid"
"ENSDARG00000004713"	0.0562227948396172	0.538181818181818	0.6	"mid"
"ENSDARG00000004714"	0.102679218573374	0.303409090909091	0.4	"mid"
"ENSDARG00000004724"	0.0778681674396571	0.56425	0.6	"mid"
"ENSDARG00000004726"	0.0593710701691628	0.597083333333333	0.6	"mid"
"ENSDARG00000004745"	0.0595124850350504	0.825	0.9	"high"
"ENSDARG00000004748"	0.167712189104443	0.482909090909091	0.5	"mid"
"ENSDARG00000004754"	0.0637662517318398	0.686083916083916	0.7	"mid"
"ENSDARG00000004771"	0.120767326609008	0.349821428571429	0.4	"mid"
"ENSDARG00000004774"	0.0753331429861191	0.428181818181818	0.5	"mid"
"ENSDARG00000004782"	0.0299630952193166	0.555	0.6	"mid"
"ENSDARG00000004785"	0.00414901061538551	0.200444444444444	0.3	"mid"
"ENSDARG00000004796"	0.0322314894198163	0.194142857142857	0.2	"low"
"ENSDARG00000004806"	0.0573496282354749	0.484722222222222	0.5	"mid"
"ENSDARG00000004830"	0.0382400317488351	0.34948051948052	0.4	"mid"
"ENSDARG00000004836"	0.033156275027047	0.263166666666667	0.3	"mid"
"ENSDARG00000004843"	0.0605344717520836	0.698055555555556	0.7	"mid"
"ENSDARG00000004851"	0.051360385979358	0.143333333333333	0.2	"low"
"ENSDARG00000004861"	0.0143566292108241	0.495353535353535	0.5	"mid"
"ENSDARG00000004866"	0.0446510616846556	0.516590909090909	0.6	"mid"
"ENSDARG00000004870"	0.0404820868163387	0.503333333333333	0.6	"mid"
"ENSDARG00000004889"	0.0792442128593564	0.338181818181818	0.4	"mid"
"ENSDARG00000004891"	0.0733852029717207	0.574924242424242	0.6	"mid"
"ENSDARG00000004906"	0.0431955728476068	0.367234848484848	0.4	"mid"
"ENSDARG00000004925"	0.0593912799019247	0.332166666666667	0.4	"mid"
"ENSDARG00000004930"	0.151177531544362	0.4855	0.5	"mid"
"ENSDARG00000004932"	0.115732770017304	0.494166666666667	0.5	"mid"
"ENSDARG00000004937"	0.157652631005929	0.687777777777778	0.7	"mid"
"ENSDARG00000004948"	0.106590548133274	0.316666666666667	0.4	"mid"
"ENSDARG00000004952"	0.0548257784942859	0.954722222222222	1	"high"
"ENSDARG00000004954"	0.0787695703397239	0.638055555555556	0.7	"mid"
"ENSDARG00000004956"	0.0138950683300767	0.191363636363636	0.2	"low"
"ENSDARG00000004979"	0.0806222864343357	0.783583333333333	0.8	"mid"
"ENSDARG00000004988"	0.0126523174418004	0.442142857142857	0.5	"mid"
"ENSDARG00000005002"	0.0687037395141939	0.499545454545455	0.5	"mid"
"ENSDARG00000005015"	0.0760508358651921	0.481515151515151	0.5	"mid"
"ENSDARG00000005023"	0.0606020393845693	0.475384615384615	0.5	"mid"
"ENSDARG00000005026"	0.0481043662060332	0.502403846153846	0.6	"mid"
"ENSDARG00000005034"	0.126338797487425	0.26125	0.3	"mid"
"ENSDARG00000005049"	0.0520267378012061	0.504954545454545	0.6	"mid"
"ENSDARG00000005057"	0.0375711944959953	0.685636363636364	0.7	"mid"
"ENSDARG00000005058"	0.103211492659621	0.648333333333333	0.7	"mid"
"ENSDARG00000005078"	0.0492052234902378	0.4745	0.5	"mid"
"ENSDARG00000005085"	0.127212123925178	0.446493506493506	0.5	"mid"
"ENSDARG00000005092"	0.160300282689544	0.264545454545455	0.3	"mid"
"ENSDARG00000005098"	0.1169959372571	0.719	0.8	"mid"
"ENSDARG00000005104"	0.0427805674344705	0.74	0.8	"mid"
"ENSDARG00000005108"	0.129718374720734	0.667083333333333	0.7	"mid"
"ENSDARG00000005112"	0.171110302765442	0.700909090909091	0.8	"mid"
"ENSDARG00000005115"	0.0285026183612427	0.669675324675325	0.7	"mid"
"ENSDARG00000005122"	0.0215587208034851	0.632077922077922	0.7	"mid"
"ENSDARG00000005128"	0.15045627667198	0.319083333333333	0.4	"mid"
"ENSDARG00000005134"	0.0206067108858964	0.2445	0.3	"mid"
"ENSDARG00000005139"	0.0888027531651926	0.893	0.9	"high"
"ENSDARG00000005141"	0.024791943249516	0.381	0.4	"mid"
"ENSDARG00000005163"	0.039670490672854	0.291428571428571	0.3	"mid"
"ENSDARG00000005172"	0.0023796593718222	0.709	0.8	"mid"
"ENSDARG00000005179"	0.151347885190857	0.682272727272727	0.7	"mid"
"ENSDARG00000005185"	0.0688081902143505	0.85075	0.9	"high"
"ENSDARG00000005186"	0.0578268939251694	0.601057692307692	0.7	"mid"
"ENSDARG00000005210"	0.0821894173106714	0.226111111111111	0.3	"mid"
"ENSDARG00000005218"	0.0440437575746626	0.503825757575758	0.6	"mid"
"ENSDARG00000005220"	0.0262729371171767	0.459090909090909	0.5	"mid"
"ENSDARG00000005230"	0.0136309668847663	0.182727272727273	0.2	"low"
"ENSDARG00000005232"	0.0382477461058363	0.899166666666667	0.9	"high"
"ENSDARG00000005236"	0.0751702928948147	0.142272727272727	0.2	"low"
"ENSDARG00000005246"	0.136736287543429	0.600909090909091	0.7	"mid"
"ENSDARG00000005251"	0.0323482356840113	0.32541958041958	0.4	"mid"
"ENSDARG00000005254"	0.0212165650186439	0.366931818181818	0.4	"mid"
"ENSDARG00000005274"	0.0681921328529861	0.533333333333333	0.6	"mid"
"ENSDARG00000005284"	0.0627874600623324	0.433846153846154	0.5	"mid"
"ENSDARG00000005315"	0.024180690696217	0.188257575757576	0.2	"low"
"ENSDARG00000005318"	0.0948106109131035	0.299444444444444	0.3	"mid"
"ENSDARG00000005350"	0.0264561039638357	0.481038961038961	0.5	"mid"
"ENSDARG00000005355"	0.0638392595363836	0.568888888888889	0.6	"mid"
"ENSDARG00000005359"	0.0297555711433372	0.34047619047619	0.4	"mid"
"ENSDARG00000005368"	0.176548356755509	0.578143939393939	0.6	"mid"
"ENSDARG00000005372"	0.0291079709636316	0.246931818181818	0.3	"mid"
"ENSDARG00000005382"	0.0983069051871633	0.222222222222222	0.3	"mid"
"ENSDARG00000005397"	0.0286595547857637	0.304444444444444	0.4	"mid"
"ENSDARG00000005414"	0.0623643419966407	0.43375	0.5	"mid"
"ENSDARG00000005416"	0.0428614944496327	0.893333333333333	0.9	"high"
"ENSDARG00000005423"	0.0326927540622355	0.544700854700855	0.6	"mid"
"ENSDARG00000005425"	0.0391163081316861	0.725909090909091	0.8	"mid"
"ENSDARG00000005448"	0.123405908315178	0.30979797979798	0.4	"mid"
"ENSDARG00000005453"	0.0320283244925245	0.538636363636364	0.6	"mid"
"ENSDARG00000005454"	0.150197045564058	0.745681818181818	0.8	"mid"
"ENSDARG00000005456"	0.0732567153621311	0.376666666666667	0.4	"mid"
"ENSDARG00000005458"	0.0214846548551175	0.257121212121212	0.3	"mid"
"ENSDARG00000005462"	0.0771715051065549	0.602222222222222	0.7	"mid"
"ENSDARG00000005463"	0.0530432829123654	0.368333333333333	0.4	"mid"
"ENSDARG00000005464"	0.133779438465054	0.434047619047619	0.5	"mid"
"ENSDARG00000005468"	0.0480523285158399	0.423717948717949	0.5	"mid"
"ENSDARG00000005476"	0.0468905336755933	0.523636363636364	0.6	"mid"
"ENSDARG00000005481"	0.0980370207076383	0.680909090909091	0.7	"mid"
"ENSDARG00000005482"	0.0197794404992709	0.3425	0.4	"mid"
"ENSDARG00000005500"	0.0373082869279805	0.47	0.5	"mid"
"ENSDARG00000005525"	0.154612822365979	0.6485	0.7	"mid"
"ENSDARG00000005536"	0.0992324307120494	0.23075	0.3	"mid"
"ENSDARG00000005540"	0.00638310446781494	0.458878205128205	0.5	"mid"
"ENSDARG00000005541"	0.061468881631335	0.608	0.7	"mid"
"ENSDARG00000005547"	0.0826733864254437	0.37452380952381	0.4	"mid"
"ENSDARG00000005549"	0.0223527048894788	0.343232323232323	0.4	"mid"
"ENSDARG00000005551"	0.0381310781633023	0.307272727272727	0.4	"mid"
"ENSDARG00000005560"	0.0262595366800681	0.515222222222222	0.6	"mid"
"ENSDARG00000005561"	0.0933064992073688	0.66	0.7	"mid"
"ENSDARG00000005565"	0.134092619891886	0.884772727272727	0.9	"high"
"ENSDARG00000005576"	0.0871761215168838	0.398333333333333	0.4	"mid"
"ENSDARG00000005590"	0.0850491572999302	0.26	0.3	"mid"
"ENSDARG00000005606"	0.0665235280117883	0.367537878787879	0.4	"mid"
"ENSDARG00000005612"	0.0745939888688211	0.316388888888889	0.4	"mid"
"ENSDARG00000005619"	0.0650399955579248	0.425929487179487	0.5	"mid"
"ENSDARG00000005625"	0.0331200815565981	0.406388888888889	0.5	"mid"
"ENSDARG00000005640"	0.0960638400212371	0.306222222222222	0.4	"mid"
"ENSDARG00000005643"	0.0465671268193196	0.328	0.4	"mid"
"ENSDARG00000005645"	0.0681065715680852	0.443636363636364	0.5	"mid"
"ENSDARG00000005651"	0.00766286651002031	0.396	0.4	"mid"
"ENSDARG00000005652"	0.0470128635399834	0.589090909090909	0.6	"mid"
"ENSDARG00000005679"	0.0682335440767267	0.275111111111111	0.3	"mid"
"ENSDARG00000005690"	0.0527596071549172	0.629090909090909	0.7	"mid"
"ENSDARG00000005699"	0.050041246111226	0.356666666666667	0.4	"mid"
"ENSDARG00000005704"	0.190652509030217	0.591	0.6	"mid"
"ENSDARG00000005713"	0.0649713495977901	0.4025	0.5	"mid"
"ENSDARG00000005738"	0.04849654150952	0.523333333333333	0.6	"mid"
"ENSDARG00000005754"	0.0509272588011916	0.438910256410256	0.5	"mid"
"ENSDARG00000005762"	0.0952574583108767	0.752727272727273	0.8	"mid"
"ENSDARG00000005772"	0.122740972335382	0.390363636363636	0.4	"mid"
"ENSDARG00000005774"	0.0436643709061693	0.701818181818182	0.8	"mid"
"ENSDARG00000005776"	0.0819460667938996	0.551363636363636	0.6	"mid"
"ENSDARG00000005789"	0.139945069371926	0.49375	0.5	"mid"
"ENSDARG00000005799"	0.101291364804108	0.388219696969697	0.4	"mid"
"ENSDARG00000005800"	0.0605833356457635	0.7995	0.8	"mid"
"ENSDARG00000005821"	0.128503967280169	0.255909090909091	0.3	"mid"
"ENSDARG00000005827"	0.0114788561813752	0.316666666666667	0.4	"mid"
"ENSDARG00000005842"	0.138680050284647	0.389786324786325	0.4	"mid"
"ENSDARG00000005861"	0.0670933396358741	0.354545454545455	0.4	"mid"
"ENSDARG00000005867"	0.105384027535372	0.422272727272727	0.5	"mid"
"ENSDARG00000005870"	0.12723647557626	0.264444444444444	0.3	"mid"
"ENSDARG00000005891"	0.077645423621307	0.347171717171717	0.4	"mid"
"ENSDARG00000005897"	0.0592529733560831	0.449222222222222	0.5	"mid"
"ENSDARG00000005908"	0.0721556545317766	0.356571428571429	0.4	"mid"
"ENSDARG00000005916"	0.0538659855296093	0.255555555555556	0.3	"mid"
"ENSDARG00000005924"	0.213813608662047	0.563333333333333	0.6	"mid"
"ENSDARG00000005926"	0.049091457316644	0.3075	0.4	"mid"
"ENSDARG00000005927"	0.0514453064432235	0.461060606060606	0.5	"mid"
"ENSDARG00000005941"	0.0236667449451046	0.240863636363636	0.3	"mid"
"ENSDARG00000005945"	0.0407607894996248	0.139166666666667	0.2	"low"
"ENSDARG00000005948"	0.0539840166665281	0.268809523809524	0.3	"mid"
"ENSDARG00000005980"	0.0649900764922216	0.480050505050505	0.5	"mid"
"ENSDARG00000005989"	0.048609245522277	0.689090909090909	0.7	"mid"
"ENSDARG00000006011"	0.0495800120628418	0.411666666666667	0.5	"mid"
"ENSDARG00000006025"	0.0659149080856833	0.451805555555556	0.5	"mid"
"ENSDARG00000006029"	0.0908589033916523	0.355555555555556	0.4	"mid"
"ENSDARG00000006031"	0.06448708021881	0.827386363636364	0.9	"high"
"ENSDARG00000006038"	0.0402712583233441	0.613484848484849	0.7	"mid"
"ENSDARG00000006040"	0.110900800116537	0.662222222222222	0.7	"mid"
"ENSDARG00000006044"	0.042015197207415	0.403769230769231	0.5	"mid"
"ENSDARG00000006052"	0.102139159405052	0.389166666666667	0.4	"mid"
"ENSDARG00000006062"	0.0904282590527596	0.340378787878788	0.4	"mid"
"ENSDARG00000006065"	0.0689186718180039	0.6375	0.7	"mid"
"ENSDARG00000006074"	0.0431511594028479	0.557272727272727	0.6	"mid"
"ENSDARG00000006092"	0.0293399993864529	0.3375	0.4	"mid"
"ENSDARG00000006093"	0.0968036718617811	0.375192307692308	0.4	"mid"
"ENSDARG00000006094"	0.112597502735349	0.428181818181818	0.5	"mid"
"ENSDARG00000006110"	0.0791805228871591	0.431161616161616	0.5	"mid"
"ENSDARG00000006112"	0.0883898292676375	0.428888888888889	0.5	"mid"
"ENSDARG00000006120"	0.0366516701687055	0.78	0.8	"mid"
"ENSDARG00000006124"	0.0490851290485549	0.414722222222222	0.5	"mid"
"ENSDARG00000006125"	0.0111329362831416	0.44474025974026	0.5	"mid"
"ENSDARG00000006128"	0.063487347937206	0.301388888888889	0.4	"mid"
"ENSDARG00000006137"	0.0769654856558284	0.600719696969697	0.7	"mid"
"ENSDARG00000006169"	0.129381090850465	0.542727272727273	0.6	"mid"
"ENSDARG00000006207"	0.0832656061959145	0.766818181818182	0.8	"mid"
"ENSDARG00000006215"	0.101886458872365	0.531	0.6	"mid"
"ENSDARG00000006219"	0.16088007996738	0.6785	0.7	"mid"
"ENSDARG00000006220"	0.161982395360473	0.715555555555556	0.8	"mid"
"ENSDARG00000006225"	0.0155004515990944	0.182	0.2	"low"
"ENSDARG00000006235"	0.0318499978825612	0.578166666666667	0.6	"mid"
"ENSDARG00000006240"	0.0829842252492578	0.430265151515152	0.5	"mid"
"ENSDARG00000006242"	0.0506982637829018	0.244	0.3	"mid"
"ENSDARG00000006257"	0.0398288073680017	0.592638888888889	0.6	"mid"
"ENSDARG00000006272"	0.0653973655352183	0.47	0.5	"mid"
"ENSDARG00000006283"	0.0643538248680095	0.345	0.4	"mid"
"ENSDARG00000006290"	0.140663650188209	0.870416666666667	0.9	"high"
"ENSDARG00000006299"	0.0700113083121436	0.505454545454545	0.6	"mid"
"ENSDARG00000006300"	0.0900094746169832	0.389265734265734	0.4	"mid"
"ENSDARG00000006314"	0.0839913197086758	0.582307692307692	0.6	"mid"
"ENSDARG00000006332"	0.0740712061054075	0.200884615384615	0.3	"mid"
"ENSDARG00000006353"	0.100515145147713	0.699090909090909	0.7	"mid"
"ENSDARG00000006370"	0.0100016180369312	0.267222222222222	0.3	"mid"
"ENSDARG00000006372"	0.135777975474477	0.413472222222222	0.5	"mid"
"ENSDARG00000006389"	0.018316292609494	0.431666666666667	0.5	"mid"
"ENSDARG00000006392"	0.0744535420337998	0.384818181818182	0.4	"mid"
"ENSDARG00000006395"	0.0396146144906913	0.683423076923077	0.7	"mid"
"ENSDARG00000006399"	0.0128582655954789	0.124	0.2	"low"
"ENSDARG00000006420"	0.0449818622346436	0.319111111111111	0.4	"mid"
"ENSDARG00000006427"	0.121189515261131	0.795	0.8	"mid"
"ENSDARG00000006434"	0.166365669787201	0.559333333333333	0.6	"mid"
"ENSDARG00000006456"	0.129371816880098	0.658232323232323	0.7	"mid"
"ENSDARG00000006468"	0.105409176965276	0.42525	0.5	"mid"
"ENSDARG00000006477"	0.0624827505791559	0.202472527472527	0.3	"mid"
"ENSDARG00000006491"	0.068261155616101	0.565772727272727	0.6	"mid"
"ENSDARG00000006494"	0.0159016966892769	0.396818181818182	0.4	"mid"
"ENSDARG00000006514"	0.0261999934350963	0.689423076923077	0.7	"mid"
"ENSDARG00000006524"	0.0213437228084064	0.1285	0.2	"low"
"ENSDARG00000006527"	0.0309719123148306	0.363611111111111	0.4	"mid"
"ENSDARG00000006545"	0.0448246177751678	0.275666666666667	0.3	"mid"
"ENSDARG00000006546"	0.0918103123245974	0.319090909090909	0.4	"mid"
"ENSDARG00000006553"	0.0359104630029767	0.439583333333333	0.5	"mid"
"ENSDARG00000006566"	0.0118579040101421	0.498977272727273	0.5	"mid"
"ENSDARG00000006567"	0.0719069599711088	0.208376623376623	0.3	"mid"
"ENSDARG00000006580"	0.125181769188485	0.706363636363636	0.8	"mid"
"ENSDARG00000006584"	0.0392925325116115	0.392727272727273	0.4	"mid"
"ENSDARG00000006600"	0.0723796888259507	0.212380952380952	0.3	"mid"
"ENSDARG00000006603"	0.0591803871850249	0.351923076923077	0.4	"mid"
"ENSDARG00000006604"	0.0998313725138801	0.670277777777778	0.7	"mid"
"ENSDARG00000006609"	0.0232969371714772	0.224545454545455	0.3	"mid"
"ENSDARG00000006617"	0.0394635077882823	0.33	0.4	"mid"
"ENSDARG00000006621"	0.0563157613671992	0.286704545454545	0.3	"mid"
"ENSDARG00000006624"	0.0232983084226211	0.408055555555556	0.5	"mid"
"ENSDARG00000006640"	0.0508696573422289	0.765714285714286	0.8	"mid"
"ENSDARG00000006642"	0.0134623990397666	0.423166666666667	0.5	"mid"
"ENSDARG00000006666"	0.0860176066699777	0.375277777777778	0.4	"mid"
"ENSDARG00000006672"	0.0265436629059666	0.387083333333333	0.4	"mid"
"ENSDARG00000006712"	0.106473412917534	0.243	0.3	"mid"
"ENSDARG00000006719"	0.0472982464956749	0.3425	0.4	"mid"
"ENSDARG00000006747"	0.0321513212235319	0.440833333333333	0.5	"mid"
"ENSDARG00000006757"	0.0807752025813725	0.874388888888889	0.9	"high"
"ENSDARG00000006766"	0.0321798149578685	0.333333333333333	0.4	"mid"
"ENSDARG00000006782"	0.104872440583742	0.3305	0.4	"mid"
"ENSDARG00000006786"	0.0468519618814335	0.668636363636364	0.7	"mid"
"ENSDARG00000006791"	0.0214885548723232	0.463531468531469	0.5	"mid"
"ENSDARG00000006811"	0.0976785764009391	0.703181818181818	0.8	"mid"
"ENSDARG00000006812"	0.0258844777913624	0.174	0.2	"low"
"ENSDARG00000006818"	0.0659869381703836	0.596919191919192	0.6	"mid"
"ENSDARG00000006837"	0.0634637133471107	0.766818181818182	0.8	"mid"
"ENSDARG00000006840"	0.0448201933099048	0.597447552447552	0.6	"mid"
"ENSDARG00000006859"	0.0255966842513727	0.544083333333333	0.6	"mid"
"ENSDARG00000006862"	0.0577023156556163	0.283863636363636	0.3	"mid"
"ENSDARG00000006889"	0.0208591371971487	0.457777777777778	0.5	"mid"
"ENSDARG00000006899"	0.0557446912016099	0.51	0.6	"mid"
"ENSDARG00000006900"	0.0210586042969539	0.526333333333333	0.6	"mid"
"ENSDARG00000006901"	0.06370133673789	0.691681818181818	0.7	"mid"
"ENSDARG00000006915"	0.0126767922151599	0.246060606060606	0.3	"mid"
"ENSDARG00000006921"	0.0418358251785809	0.41325	0.5	"mid"
"ENSDARG00000006924"	0.0350750281659855	0.504393939393939	0.6	"mid"
"ENSDARG00000006963"	0.0243266968488927	0.431	0.5	"mid"
"ENSDARG00000007018"	0.274367122590988	0.603636363636364	0.7	"mid"
"ENSDARG00000007024"	0.127298351245219	0.927727272727273	1	"high"
"ENSDARG00000007025"	0.10209151117339	0.280972222222222	0.3	"mid"
"ENSDARG00000007034"	0.0315745558594513	0.180909090909091	0.2	"low"
"ENSDARG00000007040"	0.219416048331955	0.799230769230769	0.8	"mid"
"ENSDARG00000007065"	0.134755029908188	0.447	0.5	"mid"
"ENSDARG00000007077"	0.0960281339605347	0.593636363636364	0.6	"mid"
"ENSDARG00000007081"	0.0346273318131981	0.373384615384615	0.4	"mid"
"ENSDARG00000007086"	0.127622265096009	0.706	0.8	"mid"
"ENSDARG00000007092"	0.0227639354059437	0.207651515151515	0.3	"mid"
"ENSDARG00000007099"	0.06301776614682	0.599444444444444	0.6	"mid"
"ENSDARG00000007108"	0.174579758303224	0.460909090909091	0.5	"mid"
"ENSDARG00000007127"	0.0886265194292701	0.49969696969697	0.5	"mid"
"ENSDARG00000007130"	0.0654964273798738	0.586818181818182	0.6	"mid"
"ENSDARG00000007135"	0.0293550154733285	0.309469696969697	0.4	"mid"
"ENSDARG00000007136"	0.026323651617277	0.333055555555556	0.4	"mid"
"ENSDARG00000007169"	0.0436109158395783	0.912363636363636	1	"high"
"ENSDARG00000007175"	0.100128757684358	0.238772727272727	0.3	"mid"
"ENSDARG00000007179"	0.0613349763121791	0.540444444444445	0.6	"mid"
"ENSDARG00000007181"	0.0676562568385692	0.430598290598291	0.5	"mid"
"ENSDARG00000007184"	0.0273757280750202	0.976722222222222	1	"high"
"ENSDARG00000007196"	0.0142313919246384	0.318383838383838	0.4	"mid"
"ENSDARG00000007198"	0.0387933265055353	0.247828282828283	0.3	"mid"
"ENSDARG00000007207"	0.0662778401435676	0.678888888888889	0.7	"mid"
"ENSDARG00000007216"	0.0138502704115326	0.602727272727273	0.7	"mid"
"ENSDARG00000007217"	0.0721659271770718	0.294409090909091	0.3	"mid"
"ENSDARG00000007219"	0.0125819307028785	0.688363636363636	0.7	"mid"
"ENSDARG00000007221"	0.0861818846061035	0.475	0.5	"mid"
"ENSDARG00000007231"	0.0363558314297011	0.345	0.4	"mid"
"ENSDARG00000007241"	0.0465946649760667	0.643571428571429	0.7	"mid"
"ENSDARG00000007247"	0.0798077272948971	0.339909090909091	0.4	"mid"
"ENSDARG00000007250"	0.044039808972582	0.194285714285714	0.2	"low"
"ENSDARG00000007257"	0.0214835587672296	0.523166666666667	0.6	"mid"
"ENSDARG00000007275"	0.126956967422064	0.667272727272727	0.7	"mid"
"ENSDARG00000007276"	0.080458269330894	0.606666666666667	0.7	"mid"
"ENSDARG00000007278"	0.0719781535994991	0.451111111111111	0.5	"mid"
"ENSDARG00000007279"	0.0319914893855957	0.367032967032967	0.4	"mid"
"ENSDARG00000007285"	0.0629093389533156	0.760808080808081	0.8	"mid"
"ENSDARG00000007302"	0.0879800791174223	0.200454545454545	0.3	"mid"
"ENSDARG00000007323"	0.0414217861905306	0.289166666666667	0.3	"mid"
"ENSDARG00000007344"	0.0870137441345416	0.875	0.9	"high"
"ENSDARG00000007347"	0.0697798640329571	0.695909090909091	0.7	"mid"
"ENSDARG00000007358"	0.181516214183969	0.792318181818182	0.8	"mid"
"ENSDARG00000007359"	0.0723906566040417	0.356883116883117	0.4	"mid"
"ENSDARG00000007362"	0.0881095583457392	0.227342657342657	0.3	"mid"
"ENSDARG00000007369"	0.0378073549882478	0.451666666666667	0.5	"mid"
"ENSDARG00000007370"	0.0572143974762311	0.356349206349206	0.4	"mid"
"ENSDARG00000007377"	0.0644353780051546	0.890050505050505	0.9	"high"
"ENSDARG00000007396"	0.0398237799626766	0.583636363636364	0.6	"mid"
"ENSDARG00000007405"	0.0355667703231694	0.2625	0.3	"mid"
"ENSDARG00000007409"	0.0725145716225982	0.432373737373737	0.5	"mid"
"ENSDARG00000007418"	0.0881042895485999	0.75	0.8	"mid"
"ENSDARG00000007421"	0.0779012692225476	0.51	0.6	"mid"
"ENSDARG00000007429"	0.0941594191292362	0.2975	0.3	"mid"
"ENSDARG00000007438"	0.00324805251733369	0.107227272727273	0.2	"low"
"ENSDARG00000007443"	0.0917196645412176	0.492222222222222	0.5	"mid"
"ENSDARG00000007444"	0.0814392299715772	0.226409090909091	0.3	"mid"
"ENSDARG00000007449"	0.0670072926003235	0.8765	0.9	"high"
"ENSDARG00000007465"	0.231446764642686	0.706868686868687	0.8	"mid"
"ENSDARG00000007477"	0.0346500004712752	0.45510101010101	0.5	"mid"
"ENSDARG00000007494"	0.0860084750601626	0.547692307692308	0.6	"mid"
"ENSDARG00000007496"	0.104405391497434	0.468787878787879	0.5	"mid"
"ENSDARG00000007523"	0.0491128903012663	0.581515151515152	0.6	"mid"
"ENSDARG00000007526"	0.0297862340285506	0.463227272727273	0.5	"mid"
"ENSDARG00000007531"	0.0980137615601059	0.653589743589744	0.7	"mid"
"ENSDARG00000007534"	0.12044329397255	0.560959595959596	0.6	"mid"
"ENSDARG00000007560"	0.0796301753766047	0.801	0.9	"high"
"ENSDARG00000007601"	0.0448338250663552	0.230409090909091	0.3	"mid"
"ENSDARG00000007603"	0.0683322253598462	0.294666666666667	0.3	"mid"
"ENSDARG00000007624"	0.0485195459819725	0.449090909090909	0.5	"mid"
"ENSDARG00000007630"	0.0662004373856063	0.706666666666667	0.8	"mid"
"ENSDARG00000007639"	0.057881641069755	0.648412698412698	0.7	"mid"
"ENSDARG00000007654"	0.0408848785510972	0.262916666666667	0.3	"mid"
"ENSDARG00000007655"	0.0673372050847774	0.441111111111111	0.5	"mid"
"ENSDARG00000007663"	0.0574506053090883	0.390954545454545	0.4	"mid"
"ENSDARG00000007671"	0.176112848846037	0.732727272727273	0.8	"mid"
"ENSDARG00000007678"	0.0582050215447193	0.36538961038961	0.4	"mid"
"ENSDARG00000007682"	0.1303595604378	0.837777777777778	0.9	"high"
"ENSDARG00000007691"	0.0065219310935409	0.150090909090909	0.2	"low"
"ENSDARG00000007697"	0.0981475148032859	0.404090909090909	0.5	"mid"
"ENSDARG00000007711"	0.0605989118484012	0.401090909090909	0.5	"mid"
"ENSDARG00000007715"	0.0888503080976427	0.316071428571429	0.4	"mid"
"ENSDARG00000007720"	0.0719771384481565	0.4545	0.5	"mid"
"ENSDARG00000007722"	0.106102842716479	0.393044871794872	0.4	"mid"
"ENSDARG00000007734"	0.179665418472696	0.374166666666667	0.4	"mid"
"ENSDARG00000007737"	0.0908925863737202	0.758205128205128	0.8	"mid"
"ENSDARG00000007739"	0.0420315102889538	0.509166666666667	0.6	"mid"
"ENSDARG00000007751"	0.136331848365205	0.431363636363636	0.5	"mid"
"ENSDARG00000007753"	0.0287872131876291	0.595555555555556	0.6	"mid"
"ENSDARG00000007755"	0.0230055962066743	0.195181818181818	0.2	"low"
"ENSDARG00000007760"	0.0288620920617794	0.357777777777778	0.4	"mid"
"ENSDARG00000007764"	0.0363328054509648	0.265714285714286	0.3	"mid"
"ENSDARG00000007769"	0.139784579059405	0.857159090909091	0.9	"high"
"ENSDARG00000007774"	0.0496089325761156	0.402916666666667	0.5	"mid"
"ENSDARG00000007783"	0.0681129477414216	0.484583333333333	0.5	"mid"
"ENSDARG00000007786"	0.0476697977540392	0.473181818181818	0.5	"mid"
"ENSDARG00000007788"	0.0608809985797663	0.49	0.5	"mid"
"ENSDARG00000007791"	0.0252947675331566	0.0999090909090909	0.1	"low"
"ENSDARG00000007804"	0.091958600826597	0.337857142857143	0.4	"mid"
"ENSDARG00000007807"	0.0105916249952531	0.297	0.3	"mid"
"ENSDARG00000007808"	0.0890523377473517	0.876010101010101	0.9	"high"
"ENSDARG00000007813"	0.0415342683281269	0.278825757575758	0.3	"mid"
"ENSDARG00000007818"	0.0621604402289348	0.293333333333333	0.3	"mid"
"ENSDARG00000007823"	0.0453055041037686	0.829848484848485	0.9	"high"
"ENSDARG00000007824"	0.0590293107473324	0.40125	0.5	"mid"
"ENSDARG00000007825"	0.0214333788334308	0.292857142857143	0.3	"mid"
"ENSDARG00000007863"	0.0658178315366843	0.3225	0.4	"mid"
"ENSDARG00000007867"	0.114845535180906	0.324141414141414	0.4	"mid"
"ENSDARG00000007885"	0.092549012556197	0.612698412698413	0.7	"mid"
"ENSDARG00000007886"	0.0469596588336927	0.271277777777778	0.3	"mid"
"ENSDARG00000007891"	0.0919772827460329	0.671428571428571	0.7	"mid"
"ENSDARG00000007892"	0.117082236472391	0.422954545454545	0.5	"mid"
"ENSDARG00000007901"	0.0323878941357571	0.325416666666667	0.4	"mid"
"ENSDARG00000007916"	0.0712200512834915	0.368333333333333	0.4	"mid"
"ENSDARG00000007918"	0.108179719869018	0.545833333333333	0.6	"mid"
"ENSDARG00000007943"	0.0281581625840093	0.195909090909091	0.2	"low"
"ENSDARG00000007955"	0.0577338135207962	0.569166666666667	0.6	"mid"
"ENSDARG00000007959"	0.0513314407869218	0.202	0.3	"mid"
"ENSDARG00000007971"	0.0392657790014691	0.480909090909091	0.5	"mid"
"ENSDARG00000007975"	0.138512618134169	0.41	0.5	"mid"
"ENSDARG00000007989"	0.0220615666359235	0.595681818181818	0.6	"mid"
"ENSDARG00000007996"	0.0903379675219114	0.282727272727273	0.3	"mid"
"ENSDARG00000008014"	0.143133709007718	0.461818181818182	0.5	"mid"
"ENSDARG00000008020"	0.0205555999200151	0.257	0.3	"mid"
"ENSDARG00000008026"	0.0711586097220022	0.56040404040404	0.6	"mid"
"ENSDARG00000008032"	0.0644949963937067	0.458833333333333	0.5	"mid"
"ENSDARG00000008034"	0.062302750619644	0.44	0.5	"mid"
"ENSDARG00000008049"	0.0879040692652732	0.757	0.8	"mid"
"ENSDARG00000008060"	0.104037401738838	0.676363636363636	0.7	"mid"
"ENSDARG00000008068"	0.110148799525571	0.386181818181818	0.4	"mid"
"ENSDARG00000008097"	0.048289943179474	0.265378787878788	0.3	"mid"
"ENSDARG00000008100"	0.0381119267800819	0.418511904761905	0.5	"mid"
"ENSDARG00000008105"	0.0629078543061983	0.415136363636364	0.5	"mid"
"ENSDARG00000008107"	0.0212980535553936	0.439166666666667	0.5	"mid"
"ENSDARG00000008141"	0.0766962366684611	0.3625	0.4	"mid"
"ENSDARG00000008142"	0.0946055322520423	0.244583333333333	0.3	"mid"
"ENSDARG00000008153"	0.0952180471696313	0.420396825396825	0.5	"mid"
"ENSDARG00000008155"	0.0912762377882271	0.643194444444444	0.7	"mid"
"ENSDARG00000008165"	0.141446689480562	0.495151515151515	0.5	"mid"
"ENSDARG00000008170"	0.0698671172636419	0.616807692307692	0.7	"mid"
"ENSDARG00000008184"	0.135733925075617	0.346269841269841	0.4	"mid"
"ENSDARG00000008186"	0.0534783360973747	0.3335	0.4	"mid"
"ENSDARG00000008188"	0.0287026740192128	0.510833333333333	0.6	"mid"
"ENSDARG00000008200"	0.0352290906835606	0.594962121212121	0.6	"mid"
"ENSDARG00000008224"	0.0140057450042633	0.251083333333333	0.3	"mid"
"ENSDARG00000008237"	0.0336049379998897	0.238080808080808	0.3	"mid"
"ENSDARG00000008238"	0.0874848340508396	0.455	0.5	"mid"
"ENSDARG00000008239"	0.0784586303707438	0.297181818181818	0.3	"mid"
"ENSDARG00000008255"	0.045514391247225	0.383636363636364	0.4	"mid"
"ENSDARG00000008278"	0.0375294337339707	0.627478632478632	0.7	"mid"
"ENSDARG00000008287"	0.099654246120839	0.554944444444444	0.6	"mid"
"ENSDARG00000008310"	0.0511051329657298	0.233636363636364	0.3	"mid"
"ENSDARG00000008370"	0.0110508613361615	0.388257575757576	0.4	"mid"
"ENSDARG00000008377"	0.0482543006860263	0.159090909090909	0.2	"low"
"ENSDARG00000008384"	0.107819859116794	0.32875	0.4	"mid"
"ENSDARG00000008388"	0.060521872296792	0.5545	0.6	"mid"
"ENSDARG00000008395"	0.0695057774936384	0.344294871794872	0.4	"mid"
"ENSDARG00000008407"	0.0657934463048094	0.392386363636364	0.4	"mid"
"ENSDARG00000008413"	0.0402067738698776	0.688251748251748	0.7	"mid"
"ENSDARG00000008433"	0.0665124415317611	0.78	0.8	"mid"
"ENSDARG00000008434"	0.0903351352294471	0.52969696969697	0.6	"mid"
"ENSDARG00000008447"	0.0751588612185566	0.333	0.4	"mid"
"ENSDARG00000008454"	0.06045576026069	0.704	0.8	"mid"
"ENSDARG00000008457"	0.10706297688031	0.471414141414141	0.5	"mid"
"ENSDARG00000008461"	0.0561531867139416	0.307575757575758	0.4	"mid"
"ENSDARG00000008472"	0.0913645830859419	0.373333333333333	0.4	"mid"
"ENSDARG00000008480"	0.0470418608481365	0.372727272727273	0.4	"mid"
"ENSDARG00000008490"	0.0550350280894469	0.242424242424242	0.3	"mid"
"ENSDARG00000008491"	0.0833966972081334	0.672307692307692	0.7	"mid"
"ENSDARG00000008494"	0.0547530411300142	0.5725	0.6	"mid"
"ENSDARG00000008502"	0.0319098665610042	0.499090909090909	0.5	"mid"
"ENSDARG00000008541"	0.127696083133002	0.62	0.7	"mid"
"ENSDARG00000008542"	0.0279997194256599	0.357142857142857	0.4	"mid"
"ENSDARG00000008548"	0.0709496495824779	0.313418803418803	0.4	"mid"
"ENSDARG00000008551"	0.0172025181583268	0.370909090909091	0.4	"mid"
"ENSDARG00000008553"	0.157703168172646	0.364545454545455	0.4	"mid"
"ENSDARG00000008560"	0.0320890612547723	0.434545454545455	0.5	"mid"
"ENSDARG00000008568"	0.0554264161263925	0.506	0.6	"mid"
"ENSDARG00000008573"	0.0237859437741226	0.412380952380952	0.5	"mid"
"ENSDARG00000008592"	0.068132288194368	0.315227272727273	0.4	"mid"
"ENSDARG00000008593"	0.0747473618700702	0.520454545454546	0.6	"mid"
"ENSDARG00000008623"	0.0128157290282459	0.903686868686869	1	"high"
"ENSDARG00000008637"	0.139203885175133	0.648611111111111	0.7	"mid"
"ENSDARG00000008639"	0.0577721898433621	0.184666666666667	0.2	"low"
"ENSDARG00000008660"	0.0342294600681577	0.303	0.4	"mid"
"ENSDARG00000008678"	0.0263971864354385	0.290064935064935	0.3	"mid"
"ENSDARG00000008697"	0.0884559384118694	0.717727272727273	0.8	"mid"
"ENSDARG00000008703"	0.0930848238623474	0.478333333333333	0.5	"mid"
"ENSDARG00000008706"	0.0507015465572789	0.55975	0.6	"mid"
"ENSDARG00000008720"	0.0108943177126606	0.302	0.4	"mid"
"ENSDARG00000008732"	0.204553060196275	0.814	0.9	"high"
"ENSDARG00000008735"	0.0546043829897573	0.22	0.3	"mid"
"ENSDARG00000008748"	0.0209157757373234	0.128044871794872	0.2	"low"
"ENSDARG00000008757"	0.115883372484825	0.649090909090909	0.7	"mid"
"ENSDARG00000008765"	0.0657320408179037	0.428181818181818	0.5	"mid"
"ENSDARG00000008772"	0.0732984138020183	0.7515	0.8	"mid"
"ENSDARG00000008785"	0.0342802176448971	0.203636363636364	0.3	"mid"
"ENSDARG00000008788"	0.0524541404533704	0.358636363636364	0.4	"mid"
"ENSDARG00000008807"	0.0747399080387753	0.519	0.6	"mid"
"ENSDARG00000008808"	0.0615078720014451	0.382863636363636	0.4	"mid"
"ENSDARG00000008816"	0.0332794861881115	0.561538461538462	0.6	"mid"
"ENSDARG00000008832"	0.0775511931093762	0.430909090909091	0.5	"mid"
"ENSDARG00000008835"	0.178580778681099	0.560555555555556	0.6	"mid"
"ENSDARG00000008840"	0.0696138140230311	0.444365079365079	0.5	"mid"
"ENSDARG00000008852"	0.125085585624848	0.56974358974359	0.6	"mid"
"ENSDARG00000008859"	0.0465635721859483	0.662222222222222	0.7	"mid"
"ENSDARG00000008861"	0.0381460416666704	0.520227272727273	0.6	"mid"
"ENSDARG00000008867"	0.014709951463236	0.645694444444444	0.7	"mid"
"ENSDARG00000008884"	0.0182216016974596	0.751527777777778	0.8	"mid"
"ENSDARG00000008890"	0.105416854402129	0.344444444444444	0.4	"mid"
"ENSDARG00000008904"	0.027009204782368	0.24375	0.3	"mid"
"ENSDARG00000008906"	0.148113638557734	0.35989898989899	0.4	"mid"
"ENSDARG00000008920"	0.127511992999168	0.832651515151515	0.9	"high"
"ENSDARG00000008946"	0.111513290428869	0.2925	0.3	"mid"
"ENSDARG00000008947"	0.0196482176100269	0.327992424242424	0.4	"mid"
"ENSDARG00000008953"	0.0673202345538643	0.878295454545455	0.9	"high"
"ENSDARG00000008966"	0.00862747674089629	0.361428571428571	0.4	"mid"
"ENSDARG00000008969"	0.110073213418731	0.952	1	"high"
"ENSDARG00000008979"	0.101690545717253	0.312202797202797	0.4	"mid"
"ENSDARG00000008982"	0.0579946587052639	0.848888888888889	0.9	"high"
"ENSDARG00000009001"	0.0733406022777598	0.703636363636364	0.8	"mid"
"ENSDARG00000009014"	0.0418356011837088	0.648045454545455	0.7	"mid"
"ENSDARG00000009018"	0.097095058223847	0.426363636363636	0.5	"mid"
"ENSDARG00000009021"	0.0416008308092355	0.760584415584416	0.8	"mid"
"ENSDARG00000009023"	0.0528681647367108	0.3275	0.4	"mid"
"ENSDARG00000009031"	0.0172188281046942	0.405	0.5	"mid"
"ENSDARG00000009040"	0.128718066055716	0.911	1	"high"
"ENSDARG00000009046"	0.14719498063641	0.647692307692308	0.7	"mid"
"ENSDARG00000009074"	0.106407365582356	0.332916666666667	0.4	"mid"
"ENSDARG00000009113"	0.060957012651472	0.285714285714286	0.3	"mid"
"ENSDARG00000009123"	0.106616770150045	0.541363636363636	0.6	"mid"
"ENSDARG00000009133"	0.0348443670281201	0.428181818181818	0.5	"mid"
"ENSDARG00000009136"	0.0645928113283126	0.414204545454545	0.5	"mid"
"ENSDARG00000009142"	0.0519964842231957	0.573611111111111	0.6	"mid"
"ENSDARG00000009153"	0.101808624495962	0.394545454545455	0.4	"mid"
"ENSDARG00000009160"	0.0663998302799673	0.825138888888889	0.9	"high"
"ENSDARG00000009169"	0.0118214828700833	0.202272727272727	0.3	"mid"
"ENSDARG00000009178"	0.123021097581444	0.362272727272727	0.4	"mid"
"ENSDARG00000009196"	0.142302245861401	0.387777777777778	0.4	"mid"
"ENSDARG00000009208"	0.0513501627858505	0.237777777777778	0.3	"mid"
"ENSDARG00000009209"	0.0413185516972744	0.275545454545455	0.3	"mid"
"ENSDARG00000009214"	0.0475227053051206	0.5155	0.6	"mid"
"ENSDARG00000009217"	0.0481484145855165	0.395833333333333	0.4	"mid"
"ENSDARG00000009218"	0.0747197530106341	0.336818181818182	0.4	"mid"
"ENSDARG00000009242"	0.0367799971562601	0.503939393939394	0.6	"mid"
"ENSDARG00000009250"	0.0310211964765195	0.150909090909091	0.2	"low"
"ENSDARG00000009252"	0.0929575477157314	0.274863636363636	0.3	"mid"
"ENSDARG00000009253"	0.0347173314382608	0.32	0.4	"mid"
"ENSDARG00000009266"	0.135081844636386	0.374583333333333	0.4	"mid"
"ENSDARG00000009267"	0.0868707490893059	0.440470085470085	0.5	"mid"
"ENSDARG00000009280"	0.113226471172255	0.612678571428571	0.7	"mid"
"ENSDARG00000009299"	0.0379267908609258	0.587272727272727	0.6	"mid"
"ENSDARG00000009311"	0.0992230719967651	0.508571428571429	0.6	"mid"
"ENSDARG00000009313"	0.115061355870895	0.26469696969697	0.3	"mid"
"ENSDARG00000009315"	0.0955810898951091	0.309230769230769	0.4	"mid"
"ENSDARG00000009336"	0.0682792978640221	0.561666666666667	0.6	"mid"
"ENSDARG00000009341"	0.0951386222281837	0.654	0.7	"mid"
"ENSDARG00000009342"	0.0850214346861771	0.288333333333333	0.3	"mid"
"ENSDARG00000009350"	0.0214637409240525	0.38219696969697	0.4	"mid"
"ENSDARG00000009390"	0.137800994619707	0.704273504273504	0.8	"mid"
"ENSDARG00000009436"	0.0286456822291295	0.619510489510489	0.7	"mid"
"ENSDARG00000009443"	0.0878379004764138	0.935384615384615	1	"high"
"ENSDARG00000009459"	0.0525077287516992	0.392083333333333	0.4	"mid"
"ENSDARG00000009473"	0.0297841731764961	0.291022727272727	0.3	"mid"
"ENSDARG00000009480"	0.0506977025288607	0.224	0.3	"mid"
"ENSDARG00000009484"	0.0227970201292617	0.364545454545455	0.4	"mid"
"ENSDARG00000009488"	0.0289989766448284	0.627587412587413	0.7	"mid"
"ENSDARG00000009494"	0.0632987200789977	0.453333333333333	0.5	"mid"
"ENSDARG00000009505"	0.0708468892222769	0.867916666666667	0.9	"high"
"ENSDARG00000009525"	0.0466682570485214	0.412525252525253	0.5	"mid"
"ENSDARG00000009534"	0.0351986883942083	0.178181818181818	0.2	"low"
"ENSDARG00000009544"	0.0842656670839497	0.657651515151515	0.7	"mid"
"ENSDARG00000009549"	0.0221468393925292	0.517063492063492	0.6	"mid"
"ENSDARG00000009553"	0.0145153132348108	0.263181818181818	0.3	"mid"
"ENSDARG00000009557"	0.0752863231209728	0.253311688311688	0.3	"mid"
"ENSDARG00000009567"	0.0719454988051753	0.415	0.5	"mid"
"ENSDARG00000009568"	0.0303872579465926	0.46	0.5	"mid"
"ENSDARG00000009585"	0.0724072837858667	0.0796969696969697	0.1	"low"
"ENSDARG00000009594"	0.0525169471295597	0.695833333333333	0.7	"mid"
"ENSDARG00000009607"	0.0145985492439732	0.217583333333333	0.3	"mid"
"ENSDARG00000009610"	0.0825431682484096	0.449090909090909	0.5	"mid"
"ENSDARG00000009612"	0.127728542242775	0.795	0.8	"mid"
"ENSDARG00000009629"	0.0548603996004737	0.465	0.5	"mid"
"ENSDARG00000009637"	0.0511287182655526	0.31825	0.4	"mid"
"ENSDARG00000009640"	0.03156676000466	0.494666666666667	0.5	"mid"
"ENSDARG00000009653"	0.0380978596637167	0.907136363636364	1	"high"
"ENSDARG00000009657"	0.0367401849649879	0.283	0.3	"mid"
"ENSDARG00000009677"	0.0390551301681699	0.355583333333333	0.4	"mid"
"ENSDARG00000009681"	0.0199759229344139	0.299965034965035	0.3	"mid"
"ENSDARG00000009685"	0.10508431979666	0.446416666666667	0.5	"mid"
"ENSDARG00000009689"	0.0340151951558707	0.339681818181818	0.4	"mid"
"ENSDARG00000009702"	0.134574613241675	0.653535353535354	0.7	"mid"
"ENSDARG00000009724"	0.0754559008322758	0.885833333333333	0.9	"high"
"ENSDARG00000009740"	0.0410654036549184	0.47375	0.5	"mid"
"ENSDARG00000009743"	0.166469916511216	0.502727272727273	0.6	"mid"
"ENSDARG00000009745"	0.0398354164730684	0.246818181818182	0.3	"mid"
"ENSDARG00000009748"	0.109981960611905	0.361	0.4	"mid"
"ENSDARG00000009753"	0.0119095253043738	0.382	0.4	"mid"
"ENSDARG00000009771"	0.0495070953739061	0.213136363636364	0.3	"mid"
"ENSDARG00000009782"	0.0349668396129494	0.513666666666667	0.6	"mid"
"ENSDARG00000009783"	0.0637476868807862	0.562321428571429	0.6	"mid"
"ENSDARG00000009806"	0.0613027730476951	0.53125	0.6	"mid"
"ENSDARG00000009837"	0.116534800651715	0.3495	0.4	"mid"
"ENSDARG00000009844"	0.0773526977204071	0.695181818181818	0.7	"mid"
"ENSDARG00000009851"	0.132433814901694	0.343942307692308	0.4	"mid"
"ENSDARG00000009862"	0.100456135014759	0.386309523809524	0.4	"mid"
"ENSDARG00000009864"	0.0612064297889802	0.193030303030303	0.2	"low"
"ENSDARG00000009870"	0.0200920259741293	0.861818181818182	0.9	"high"
"ENSDARG00000009871"	0.0492993371474024	0.47	0.5	"mid"
"ENSDARG00000009886"	0.0809800283816319	0.709	0.8	"mid"
"ENSDARG00000009901"	0.0612443226608107	0.668333333333333	0.7	"mid"
"ENSDARG00000009942"	0.106918554013407	0.607272727272727	0.7	"mid"
"ENSDARG00000009958"	0.0362733683156566	0.367615384615385	0.4	"mid"
"ENSDARG00000009982"	0.0209054716512352	0.324722222222222	0.4	"mid"
"ENSDARG00000010008"	0.0520627482722039	0.661111111111111	0.7	"mid"
"ENSDARG00000010010"	0.0894732733161971	0.555873015873016	0.6	"mid"
"ENSDARG00000010018"	0.0335208093923038	0.465984848484849	0.5	"mid"
"ENSDARG00000010021"	0.0560982716092255	0.572878787878788	0.6	"mid"
"ENSDARG00000010032"	0.141738718506095	0.45472027972028	0.5	"mid"
"ENSDARG00000010035"	0.132046261790958	0.569230769230769	0.6	"mid"
"ENSDARG00000010042"	0.0244131082276801	0.28030303030303	0.3	"mid"
"ENSDARG00000010047"	0.149536537638287	0.507121212121212	0.6	"mid"
"ENSDARG00000010051"	0.0213326632488506	0.288333333333333	0.3	"mid"
"ENSDARG00000010052"	0.0555532544010578	0.358636363636364	0.4	"mid"
"ENSDARG00000010059"	0.0541860782839021	0.546527777777778	0.6	"mid"
"ENSDARG00000010070"	0.0960893736137894	0.394444444444444	0.4	"mid"
"ENSDARG00000010078"	0.117240162970696	0.419141414141414	0.5	"mid"
"ENSDARG00000010083"	0.0609919058920827	0.409772727272727	0.5	"mid"
"ENSDARG00000010085"	0.0645029362495251	0.536666666666667	0.6	"mid"
"ENSDARG00000010098"	0.0312823259701631	0.87	0.9	"high"
"ENSDARG00000010132"	0.0570908519868103	0.736818181818182	0.8	"mid"
"ENSDARG00000010137"	0.0117603486932829	0.326287878787879	0.4	"mid"
"ENSDARG00000010145"	0.0878580169006442	0.696363636363636	0.7	"mid"
"ENSDARG00000010146"	0.120910950415678	0.537424242424242	0.6	"mid"
"ENSDARG00000010154"	0.127563820222318	0.586666666666667	0.6	"mid"
"ENSDARG00000010155"	0.0473844865122246	0.649125874125874	0.7	"mid"
"ENSDARG00000010169"	0.0719132094048164	0.348888888888889	0.4	"mid"
"ENSDARG00000010207"	0.0178258555963734	0.345555555555556	0.4	"mid"
"ENSDARG00000010231"	0.0708205728420155	0.419916666666667	0.5	"mid"
"ENSDARG00000010238"	0.0342357325898148	0.573295454545454	0.6	"mid"
"ENSDARG00000010248"	0.0518080656022667	0.540769230769231	0.6	"mid"
"ENSDARG00000010250"	0.142054451392881	0.543136363636364	0.6	"mid"
"ENSDARG00000010255"	0.0953827612411048	0.411590909090909	0.5	"mid"
"ENSDARG00000010266"	0.0438891535237575	0.549090909090909	0.6	"mid"
"ENSDARG00000010267"	0.0686039702186224	0.671111111111111	0.7	"mid"
"ENSDARG00000010276"	0.0669296618191656	0.566666666666667	0.6	"mid"
"ENSDARG00000010279"	0.0800593837541023	0.372007575757576	0.4	"mid"
"ENSDARG00000010281"	0.0212059106583746	0.307083333333333	0.4	"mid"
"ENSDARG00000010300"	0.10809584721455	0.567727272727273	0.6	"mid"
"ENSDARG00000010301"	0.0436874548818074	0.137818181818182	0.2	"low"
"ENSDARG00000010312"	0.135218777098482	0.846818181818182	0.9	"high"
"ENSDARG00000010316"	0.0540321039671404	0.450559440559441	0.5	"mid"
"ENSDARG00000010317"	0.0894877008817357	0.460909090909091	0.5	"mid"
"ENSDARG00000010318"	0.0819128060222168	0.428787878787879	0.5	"mid"
"ENSDARG00000010332"	0.115795067314269	0.562	0.6	"mid"
"ENSDARG00000010381"	0.0119763495410828	0.147525252525253	0.2	"low"
"ENSDARG00000010384"	0.13783591579266	0.373333333333333	0.4	"mid"
"ENSDARG00000010400"	0.0570043484637245	0.16	0.2	"low"
"ENSDARG00000010407"	0.0944938544255238	0.25	0.3	"mid"
"ENSDARG00000010415"	0.0742855236017773	0.231818181818182	0.3	"mid"
"ENSDARG00000010420"	0.0787555504862019	0.206388888888889	0.3	"mid"
"ENSDARG00000010432"	0.074895880811238	0.58625	0.6	"mid"
"ENSDARG00000010437"	0.0368269133071114	0.769	0.8	"mid"
"ENSDARG00000010442"	0.0519184020504316	0.752071428571429	0.8	"mid"
"ENSDARG00000010445"	0.0430581767363886	0.534848484848485	0.6	"mid"
"ENSDARG00000010472"	0.0273546702005194	0.80012987012987	0.9	"high"
"ENSDARG00000010478"	0.0147316054467795	0.843166666666667	0.9	"high"
"ENSDARG00000010481"	0.0391255708524792	0.806	0.9	"high"
"ENSDARG00000010482"	0.155720178688931	0.527461538461538	0.6	"mid"
"ENSDARG00000010487"	0.0688587444777517	0.605388888888889	0.7	"mid"
"ENSDARG00000010524"	0.0501315940254271	0.4	0.4	"mid"
"ENSDARG00000010531"	0.0851810870371782	0.276772727272727	0.3	"mid"
"ENSDARG00000010553"	0.0619484891458232	0.310833333333333	0.4	"mid"
"ENSDARG00000010555"	0.0696452065010142	0.485416666666667	0.5	"mid"
"ENSDARG00000010563"	0.0144406267787017	0.199772727272727	0.2	"low"
"ENSDARG00000010571"	0.0181778069450502	0.381818181818182	0.4	"mid"
"ENSDARG00000010572"	0.0534706955862921	0.876	0.9	"high"
"ENSDARG00000010583"	0.0653314822266564	0.417777777777778	0.5	"mid"
"ENSDARG00000010586"	0.125996978397555	0.546454545454546	0.6	"mid"
"ENSDARG00000010596"	0.121255028543625	0.339145299145299	0.4	"mid"
"ENSDARG00000010601"	0.100137912416607	0.269166666666667	0.3	"mid"
"ENSDARG00000010641"	0.0479638272278304	0.665	0.7	"mid"
"ENSDARG00000010655"	0.07128631142523	0.569681818181818	0.6	"mid"
"ENSDARG00000010658"	0.0371452369112768	0.674	0.7	"mid"
"ENSDARG00000010680"	0.0982918704023455	0.344833333333333	0.4	"mid"
"ENSDARG00000010681"	0.0378017112604384	0.520340909090909	0.6	"mid"
"ENSDARG00000010701"	0.108344219260543	0.248636363636364	0.3	"mid"
"ENSDARG00000010710"	0.0200993484212489	0.364102564102564	0.4	"mid"
"ENSDARG00000010717"	0.0846449352071715	0.797	0.8	"mid"
"ENSDARG00000010721"	0.0173284470022984	0.216	0.3	"mid"
"ENSDARG00000010728"	0.0745431440596975	0.831818181818182	0.9	"high"
"ENSDARG00000010729"	0.255063197848561	0.922	1	"high"
"ENSDARG00000010732"	0.165659551093718	0.450416666666667	0.5	"mid"
"ENSDARG00000010738"	0.196755359536669	0.320090909090909	0.4	"mid"
"ENSDARG00000010745"	0.0313138601369596	0.348555555555556	0.4	"mid"
"ENSDARG00000010752"	0.0686532789924104	0.641214285714286	0.7	"mid"
"ENSDARG00000010756"	0.13082380010351	0.446363636363636	0.5	"mid"
"ENSDARG00000010764"	0.0565230512866976	0.453727272727273	0.5	"mid"
"ENSDARG00000010767"	0.039648343521165	0.39625	0.4	"mid"
"ENSDARG00000010770"	0.0388700225402512	0.867692307692308	0.9	"high"
"ENSDARG00000010773"	0.0268943346588526	0.62672619047619	0.7	"mid"
"ENSDARG00000010779"	0.0279677591424704	0.288083333333333	0.3	"mid"
"ENSDARG00000010785"	0.0469841204893791	0.787537878787879	0.8	"mid"
"ENSDARG00000010789"	0.050569463794549	0.401818181818182	0.5	"mid"
"ENSDARG00000010794"	0.0554320641818518	0.550909090909091	0.6	"mid"
"ENSDARG00000010823"	0.0366284401569658	0.13	0.2	"low"
"ENSDARG00000010831"	0.0566430671952245	0.618888888888889	0.7	"mid"
"ENSDARG00000010844"	0.0333440942739561	0.596666666666667	0.6	"mid"
"ENSDARG00000010862"	0.0778834532237437	0.385959595959596	0.4	"mid"
"ENSDARG00000010873"	0.0269751177906251	0.546515151515152	0.6	"mid"
"ENSDARG00000010878"	0.124658159613122	0.729590909090909	0.8	"mid"
"ENSDARG00000010905"	0.0811258500539834	0.424775641025641	0.5	"mid"
"ENSDARG00000010918"	0.0391655095504376	0.281944444444444	0.3	"mid"
"ENSDARG00000010946"	0.073713917583295	0.540833333333333	0.6	"mid"
"ENSDARG00000010948"	0.0727705073483238	0.587272727272727	0.6	"mid"
"ENSDARG00000010953"	0.0538140537503493	0.435	0.5	"mid"
"ENSDARG00000010956"	0.0700883923587563	0.452142857142857	0.5	"mid"
"ENSDARG00000010957"	0.0389807906306447	0.254166666666667	0.3	"mid"
"ENSDARG00000010962"	0.102278522559242	0.434833333333333	0.5	"mid"
"ENSDARG00000010965"	0.00922938382822043	0.2775	0.3	"mid"
"ENSDARG00000010978"	0.0571133462904536	0.246730769230769	0.3	"mid"
"ENSDARG00000010981"	0.0389882620026201	0.239583333333333	0.3	"mid"
"ENSDARG00000011000"	0.0528158036383795	0.474747474747475	0.5	"mid"
"ENSDARG00000011020"	0.0471291306466309	0.639090909090909	0.7	"mid"
"ENSDARG00000011026"	0.117250831540392	0.5675	0.6	"mid"
"ENSDARG00000011027"	0.0540194207425491	0.476666666666667	0.5	"mid"
"ENSDARG00000011049"	0.0959234120866988	0.584242424242424	0.6	"mid"
"ENSDARG00000011055"	0.0903474789950118	0.391727272727273	0.4	"mid"
"ENSDARG00000011065"	0.015404284702724	0.248166666666667	0.3	"mid"
"ENSDARG00000011072"	0.0910120089056817	0.384	0.4	"mid"
"ENSDARG00000011076"	0.0746423220799717	0.526678321678322	0.6	"mid"
"ENSDARG00000011079"	0.0770955305096459	0.426666666666667	0.5	"mid"
"ENSDARG00000011088"	0.0670109716776823	0.255454545454545	0.3	"mid"
"ENSDARG00000011094"	0.0949404446606218	0.661103896103896	0.7	"mid"
"ENSDARG00000011122"	0.0168335407612681	0.834285714285714	0.9	"high"
"ENSDARG00000011141"	0.0368132772396393	0.430909090909091	0.5	"mid"
"ENSDARG00000011146"	0.103823572050488	0.830227272727273	0.9	"high"
"ENSDARG00000011152"	0.155277954311877	0.561833333333333	0.6	"mid"
"ENSDARG00000011157"	0.12165173631719	0.651666666666667	0.7	"mid"
"ENSDARG00000011166"	0.0863455683444411	0.4965	0.5	"mid"
"ENSDARG00000011171"	0.0258155268066089	0.328636363636364	0.4	"mid"
"ENSDARG00000011175"	0.022867912073212	0.309722222222222	0.4	"mid"
"ENSDARG00000011188"	0.0482737331178606	0.476919191919192	0.5	"mid"
"ENSDARG00000011196"	0.0407487296750252	0.230666666666667	0.3	"mid"
"ENSDARG00000011219"	0.0331448558549223	0.331309523809524	0.4	"mid"
"ENSDARG00000011233"	0.0290619935645035	0.31425	0.4	"mid"
"ENSDARG00000011239"	0.0780491582360824	0.4775	0.5	"mid"
"ENSDARG00000011240"	0.0568358796774448	0.439090909090909	0.5	"mid"
"ENSDARG00000011245"	0.0702214261682147	0.679090909090909	0.7	"mid"
"ENSDARG00000011246"	0.0480845500490411	0.29125	0.3	"mid"
"ENSDARG00000011247"	0.101647550735391	0.305	0.4	"mid"
"ENSDARG00000011257"	0.0877650592375218	0.545	0.6	"mid"
"ENSDARG00000011272"	0.0871518290997356	0.643106060606061	0.7	"mid"
"ENSDARG00000011299"	0.0803437964289235	0.345	0.4	"mid"
"ENSDARG00000011301"	0.0791993758577705	0.261666666666667	0.3	"mid"
"ENSDARG00000011312"	0.0132573415791736	0.468181818181818	0.5	"mid"
"ENSDARG00000011334"	0.0103663313818689	0.326666666666667	0.4	"mid"
"ENSDARG00000011371"	0.121617250269259	0.768181818181818	0.8	"mid"
"ENSDARG00000011373"	0.0349422101592562	0.745	0.8	"mid"
"ENSDARG00000011376"	0.115309628432226	0.461	0.5	"mid"
"ENSDARG00000011404"	0.0395834559514238	0.459107142857143	0.5	"mid"
"ENSDARG00000011407"	0.0257730390113293	0.7	0.7	"mid"
"ENSDARG00000011418"	0.0467254298105079	0.247878787878788	0.3	"mid"
"ENSDARG00000011422"	0.0279500588874427	0.761285714285714	0.8	"mid"
"ENSDARG00000011449"	0.0778446363155054	0.38	0.4	"mid"
"ENSDARG00000011459"	0.0765095846993574	0.763181818181818	0.8	"mid"
"ENSDARG00000011462"	0.0255322139081497	0.172	0.2	"low"
"ENSDARG00000011466"	0.0604621479961021	0.46	0.5	"mid"
"ENSDARG00000011473"	0.0589793574157623	0.58	0.6	"mid"
"ENSDARG00000011488"	0.0691451360599467	0.135909090909091	0.2	"low"
"ENSDARG00000011493"	0.0496680186529843	0.603888888888889	0.7	"mid"
"ENSDARG00000011496"	0.0485068847994598	0.249015151515152	0.3	"mid"
"ENSDARG00000011498"	0.0449354708149788	0.260059523809524	0.3	"mid"
"ENSDARG00000011506"	0.103928736570869	0.416666666666667	0.5	"mid"
"ENSDARG00000011510"	0.0281320360463605	0.2765	0.3	"mid"
"ENSDARG00000011515"	0.022076857059558	0.531325757575758	0.6	"mid"
"ENSDARG00000011537"	0.162833326465003	0.450909090909091	0.5	"mid"
"ENSDARG00000011545"	0.0341218818239642	0.3005	0.4	"mid"
"ENSDARG00000011555"	0.0279150913457687	0.539280303030303	0.6	"mid"
"ENSDARG00000011564"	0.0437734472191605	0.318888888888889	0.4	"mid"
"ENSDARG00000011570"	0.0601223448261526	0.437051282051282	0.5	"mid"
"ENSDARG00000011573"	0.0749861695996806	0.888	0.9	"high"
"ENSDARG00000011582"	0.0388990917537173	0.560909090909091	0.6	"mid"
"ENSDARG00000011583"	0.0365268958400181	0.726363636363636	0.8	"mid"
"ENSDARG00000011594"	0.0122919097898195	0.5445	0.6	"mid"
"ENSDARG00000011602"	0.118234172583282	0.447777777777778	0.5	"mid"
"ENSDARG00000011605"	0.0632237414500296	0.554444444444444	0.6	"mid"
"ENSDARG00000011609"	0.0475662901717623	0.370576923076923	0.4	"mid"
"ENSDARG00000011611"	0.00803341947547475	0.114	0.2	"low"
"ENSDARG00000011615"	0.0739515435461831	0.906161616161616	1	"high"
"ENSDARG00000011618"	0.0769200327367203	0.7435	0.8	"mid"
"ENSDARG00000011648"	0.00905747436568464	0.294346153846154	0.3	"mid"
"ENSDARG00000011661"	0.0600267562980949	0.499886363636364	0.5	"mid"
"ENSDARG00000011662"	0.0675914548799245	0.419393939393939	0.5	"mid"
"ENSDARG00000011683"	0.0726858910934678	0.484772727272727	0.5	"mid"
"ENSDARG00000011693"	0.0936396516450419	0.763333333333333	0.8	"mid"
"ENSDARG00000011703"	0.0498216457896001	0.606634615384615	0.7	"mid"
"ENSDARG00000011723"	0.078428928871232	0.215	0.3	"mid"
"ENSDARG00000011727"	0.0562840638183698	0.415166666666667	0.5	"mid"
"ENSDARG00000011740"	0.0159450551504478	0.250909090909091	0.3	"mid"
"ENSDARG00000011743"	0.108001793550889	0.394583333333333	0.4	"mid"
"ENSDARG00000011764"	0.0274136432646111	0.195873015873016	0.2	"low"
"ENSDARG00000011769"	0.102207513085497	0.632571428571429	0.7	"mid"
"ENSDARG00000011770"	0.085700477763942	0.422197802197802	0.5	"mid"
"ENSDARG00000011777"	0.0446520538877234	0.812727272727273	0.9	"high"
"ENSDARG00000011783"	0.0319979329914716	0.467083333333333	0.5	"mid"
"ENSDARG00000011797"	0.0350043203622552	0.774363636363636	0.8	"mid"
"ENSDARG00000011801"	0.0573341524545892	0.355	0.4	"mid"
"ENSDARG00000011809"	0.0963224700152133	0.857	0.9	"high"
"ENSDARG00000011825"	0.0293988710115244	0.62	0.7	"mid"
"ENSDARG00000011837"	0.0469950709163719	0.706363636363636	0.8	"mid"
"ENSDARG00000011851"	0.0388801561738945	0.1885	0.2	"low"
"ENSDARG00000011862"	0.0565501385753942	0.23225	0.3	"mid"
"ENSDARG00000011863"	0.0764250553275315	0.370416666666667	0.4	"mid"
"ENSDARG00000011876"	0.0663909813922522	0.467447552447552	0.5	"mid"
"ENSDARG00000011885"	0.0812339347663319	0.411863636363636	0.5	"mid"
"ENSDARG00000011886"	0.0886154944262222	0.372222222222222	0.4	"mid"
"ENSDARG00000011890"	0.0743167718768964	0.72125	0.8	"mid"
"ENSDARG00000011897"	0.0417365556664564	0.561111111111111	0.6	"mid"
"ENSDARG00000011921"	0.0458527308899228	0.550909090909091	0.6	"mid"
"ENSDARG00000011925"	0.0460436939801241	0.476969696969697	0.5	"mid"
"ENSDARG00000011926"	0.0982188936609767	0.544166666666667	0.6	"mid"
"ENSDARG00000011929"	0.0683813342007953	0.440871212121212	0.5	"mid"
"ENSDARG00000011932"	0.044594909302053	0.520277777777778	0.6	"mid"
"ENSDARG00000011934"	0.0739229905042955	0.261166666666667	0.3	"mid"
"ENSDARG00000011945"	0.0416326317676415	0.614935897435897	0.7	"mid"
"ENSDARG00000011948"	0.0444502483846781	0.51015873015873	0.6	"mid"
"ENSDARG00000011956"	0.0719567910817218	0.598391608391608	0.6	"mid"
"ENSDARG00000011958"	0.0294989397450654	0.247373737373737	0.3	"mid"
"ENSDARG00000011961"	0.0328082868190554	0.627857142857143	0.7	"mid"
"ENSDARG00000011973"	0.049540532110229	0.244230769230769	0.3	"mid"
"ENSDARG00000011983"	0.0216611127912411	0.670769230769231	0.7	"mid"
"ENSDARG00000011989"	0.0228042253342857	0.275454545454545	0.3	"mid"
"ENSDARG00000011998"	0.104332387515936	0.404305555555556	0.5	"mid"
"ENSDARG00000012002"	0.0523929421699463	0.348232323232323	0.4	"mid"
"ENSDARG00000012005"	0.0334630186730401	0.619285714285714	0.7	"mid"
"ENSDARG00000012016"	0.0967123060994993	0.793760683760684	0.8	"mid"
"ENSDARG00000012019"	0.0132178040663708	0.393333333333333	0.4	"mid"
"ENSDARG00000012021"	0.058001240157467	0.226269230769231	0.3	"mid"
"ENSDARG00000012025"	0.0399513834071403	0.430909090909091	0.5	"mid"
"ENSDARG00000012030"	0.118775092206909	0.400726495726496	0.5	"mid"
"ENSDARG00000012035"	0.150494013234593	0.54	0.6	"mid"
"ENSDARG00000012039"	0.0513050130384705	0.322348484848485	0.4	"mid"
"ENSDARG00000012040"	0.0351050561187518	0.454444444444444	0.5	"mid"
"ENSDARG00000012044"	0.0648448433596919	0.518181818181818	0.6	"mid"
"ENSDARG00000012051"	0.0860506922359413	0.346607142857143	0.4	"mid"
"ENSDARG00000012066"	0.077665369070153	0.713636363636364	0.8	"mid"
"ENSDARG00000012071"	0.050970291126435	0.6795	0.7	"mid"
"ENSDARG00000012072"	0.131358724013549	0.358989898989899	0.4	"mid"
"ENSDARG00000012073"	0.111714912979374	0.393333333333333	0.4	"mid"
"ENSDARG00000012113"	0.188671094544124	0.499363636363636	0.5	"mid"
"ENSDARG00000012135"	0.0229562072011844	0.368666666666667	0.4	"mid"
"ENSDARG00000012137"	0.13366215350845	0.670909090909091	0.7	"mid"
"ENSDARG00000012138"	0.0394895822929526	0.302222222222222	0.4	"mid"
"ENSDARG00000012141"	0.0365339917894245	0.4195	0.5	"mid"
"ENSDARG00000012144"	0.0458118841521242	0.308318181818182	0.4	"mid"
"ENSDARG00000012177"	0.0177433537349186	0.448333333333333	0.5	"mid"
"ENSDARG00000012192"	0.064118036901521	0.43040404040404	0.5	"mid"
"ENSDARG00000012194"	0.0404541275167182	0.296181818181818	0.3	"mid"
"ENSDARG00000012199"	0.0495006432534416	0.573269230769231	0.6	"mid"
"ENSDARG00000012215"	0.0886436537878618	0.673181818181818	0.7	"mid"
"ENSDARG00000012219"	0.0293122264508717	0.560961538461539	0.6	"mid"
"ENSDARG00000012234"	0.0235024077651229	0.395	0.4	"mid"
"ENSDARG00000012247"	0.0394103271104595	0.489090909090909	0.5	"mid"
"ENSDARG00000012248"	0.0424622414978171	0.527142857142857	0.6	"mid"
"ENSDARG00000012261"	0.0121761998716755	0.415833333333333	0.5	"mid"
"ENSDARG00000012271"	0.0837039380560463	0.612222222222222	0.7	"mid"
"ENSDARG00000012274"	0.0338188121008632	0.692350427350427	0.7	"mid"
"ENSDARG00000012281"	0.0528731737057134	0.299166666666667	0.3	"mid"
"ENSDARG00000012295"	0.0423405562236161	0.391439393939394	0.4	"mid"
"ENSDARG00000012306"	0.0904356637079346	0.531818181818182	0.6	"mid"
"ENSDARG00000012314"	0.054930956125894	0.408444444444444	0.5	"mid"
"ENSDARG00000012325"	0.122590868915347	0.262727272727273	0.3	"mid"
"ENSDARG00000012340"	0.028412850905866	0.6	0.6	"mid"
"ENSDARG00000012341"	0.0942588255342429	0.462820512820513	0.5	"mid"
"ENSDARG00000012368"	0.105702646593205	0.336666666666667	0.4	"mid"
"ENSDARG00000012369"	0.0292019215934389	0.383636363636364	0.4	"mid"
"ENSDARG00000012378"	0.0224077140346324	0.20625	0.3	"mid"
"ENSDARG00000012381"	0.0159925101275306	0.653636363636364	0.7	"mid"
"ENSDARG00000012387"	0.0696573250229915	0.228636363636364	0.3	"mid"
"ENSDARG00000012388"	0.118438541426339	0.761909090909091	0.8	"mid"
"ENSDARG00000012389"	0.0735482023753524	0.337909090909091	0.4	"mid"
"ENSDARG00000012397"	0.0490200672787196	0.39375	0.4	"mid"
"ENSDARG00000012399"	0.0373952502850059	0.276666666666667	0.3	"mid"
"ENSDARG00000012403"	0.107004487636837	0.563636363636364	0.6	"mid"
"ENSDARG00000012407"	0.0724813178130022	0.26625	0.3	"mid"
"ENSDARG00000012422"	0.0502405068455557	0.938722222222222	1	"high"
"ENSDARG00000012426"	0.0604970239016048	0.688989898989899	0.7	"mid"
"ENSDARG00000012432"	0.0212491304864208	0.261103896103896	0.3	"mid"
"ENSDARG00000012450"	0.0712645218323706	0.314242424242424	0.4	"mid"
"ENSDARG00000012453"	0.163025773909814	0.422222222222222	0.5	"mid"
"ENSDARG00000012458"	0.0356000535717163	0.433484848484848	0.5	"mid"
"ENSDARG00000012467"	0.149130452884216	0.518888888888889	0.6	"mid"
"ENSDARG00000012468"	0.042378734475146	0.6925	0.7	"mid"
"ENSDARG00000012485"	0.0557293902395347	0.530909090909091	0.6	"mid"
"ENSDARG00000012495"	0.0933963481259352	0.516022727272727	0.6	"mid"
"ENSDARG00000012499"	0.0551285474383944	0.483636363636364	0.5	"mid"
"ENSDARG00000012505"	0.0159179157024336	0.267373737373737	0.3	"mid"
"ENSDARG00000012506"	0.0584211056875661	0.291227272727273	0.3	"mid"
"ENSDARG00000012519"	0.0442513834977731	0.480555555555556	0.5	"mid"
"ENSDARG00000012535"	0.070038602534791	0.315	0.4	"mid"
"ENSDARG00000012539"	0.0830435129255725	0.675	0.7	"mid"
"ENSDARG00000012553"	0.01332752649035	0.271758241758242	0.3	"mid"
"ENSDARG00000012555"	0.0555608576055077	0.295454545454545	0.3	"mid"
"ENSDARG00000012574"	0.0275247171709845	0.367916666666667	0.4	"mid"
"ENSDARG00000012577"	0.0787117879919806	0.306111111111111	0.4	"mid"
"ENSDARG00000012586"	0.0303672899279674	0.592878787878788	0.6	"mid"
"ENSDARG00000012588"	0.0435650738723655	0.4965	0.5	"mid"
"ENSDARG00000012591"	0.0482537305420859	0.216111111111111	0.3	"mid"
"ENSDARG00000012593"	0.020453218833352	0.733636363636364	0.8	"mid"
"ENSDARG00000012603"	0.0764432763581599	0.346333333333333	0.4	"mid"
"ENSDARG00000012609"	0.127440488115287	0.949	1	"high"
"ENSDARG00000012610"	0.100695101709626	0.381583333333333	0.4	"mid"
"ENSDARG00000012625"	0.0484385241201435	0.426103896103896	0.5	"mid"
"ENSDARG00000012632"	0.0738893686351999	0.634166666666667	0.7	"mid"
"ENSDARG00000012656"	0.139664344061333	0.630772727272727	0.7	"mid"
"ENSDARG00000012671"	0.0643041016626174	0.7075	0.8	"mid"
"ENSDARG00000012672"	0.0452061034941644	0.199961538461538	0.2	"low"
"ENSDARG00000012674"	0.156273371248526	0.536583333333333	0.6	"mid"
"ENSDARG00000012684"	0.0607239724148449	0.385833333333333	0.4	"mid"
"ENSDARG00000012694"	0.134534025511211	0.944615384615385	1	"high"
"ENSDARG00000012699"	0.0751094264338463	0.313461538461538	0.4	"mid"
"ENSDARG00000012718"	0.111030151145735	0.716	0.8	"mid"
"ENSDARG00000012729"	0.058162526419089	0.428181818181818	0.5	"mid"
"ENSDARG00000012745"	0.0567793698539279	0.595	0.6	"mid"
"ENSDARG00000012747"	0.0304278480852357	0.601666666666667	0.7	"mid"
"ENSDARG00000012763"	0.0774655785329564	0.300833333333333	0.4	"mid"
"ENSDARG00000012776"	0.0220714359574227	0.481363636363636	0.5	"mid"
"ENSDARG00000012788"	0.0520286170429804	0.718045454545455	0.8	"mid"
"ENSDARG00000012790"	0.0822453809560036	0.240714285714286	0.3	"mid"
"ENSDARG00000012801"	0.0299568266278045	0.375181818181818	0.4	"mid"
"ENSDARG00000012818"	0.0158037071737989	0.299681818181818	0.3	"mid"
"ENSDARG00000012820"	0.0335630629241747	0.36487012987013	0.4	"mid"
"ENSDARG00000012827"	0.0207528742716556	0.336969696969697	0.4	"mid"
"ENSDARG00000012833"	0.0635428384786159	0.502727272727273	0.6	"mid"
"ENSDARG00000012840"	0.0470097576095682	0.288706293706294	0.3	"mid"
"ENSDARG00000012848"	0.0237300907752012	0.336581196581197	0.4	"mid"
"ENSDARG00000012866"	0.0446586938065496	0.695909090909091	0.7	"mid"
"ENSDARG00000012871"	0.0434530210633304	0.438333333333333	0.5	"mid"
"ENSDARG00000012874"	0.100780915323905	0.652916666666667	0.7	"mid"
"ENSDARG00000012881"	0.092139930031081	0.491666666666667	0.5	"mid"
"ENSDARG00000012892"	0.0210740782415974	0.576464646464646	0.6	"mid"
"ENSDARG00000012899"	0.0468583835811534	0.526863636363636	0.6	"mid"
"ENSDARG00000012915"	0.0885422079650219	0.425555555555556	0.5	"mid"
"ENSDARG00000012927"	0.0549503943329052	0.249090909090909	0.3	"mid"
"ENSDARG00000012929"	0.117555683936906	0.325726495726496	0.4	"mid"
"ENSDARG00000012932"	0.0811662758277937	0.171856060606061	0.2	"low"
"ENSDARG00000012942"	0.0574357747082056	0.242222222222222	0.3	"mid"
"ENSDARG00000012945"	0.130767105129884	0.681931818181818	0.7	"mid"
"ENSDARG00000012946"	0.0843279960620093	0.128409090909091	0.2	"low"
"ENSDARG00000012949"	0.0778319191722021	0.333	0.4	"mid"
"ENSDARG00000012953"	0.0119150621026844	0.580454545454546	0.6	"mid"
"ENSDARG00000012968"	0.0378744908177046	0.751287878787879	0.8	"mid"
"ENSDARG00000012981"	0.0732830939155023	0.469444444444444	0.5	"mid"
"ENSDARG00000012986"	0.117157091507536	0.447272727272727	0.5	"mid"
"ENSDARG00000013004"	0.0603105034548871	0.342878787878788	0.4	"mid"
"ENSDARG00000013009"	0.026626116124	0.262323232323232	0.3	"mid"
"ENSDARG00000013023"	0.122071084421428	0.342222222222222	0.4	"mid"
"ENSDARG00000013024"	0.110126657201502	0.455	0.5	"mid"
"ENSDARG00000013025"	0.0351747248846554	0.609	0.7	"mid"
"ENSDARG00000013044"	0.0570921976638031	0.264786324786325	0.3	"mid"
"ENSDARG00000013050"	0.110929436330106	0.695727272727273	0.7	"mid"
"ENSDARG00000013056"	0.0445778517679201	0.581818181818182	0.6	"mid"
"ENSDARG00000013057"	0.0583349745722132	0.595	0.6	"mid"
"ENSDARG00000013058"	0.0895526683409242	0.505138888888889	0.6	"mid"
"ENSDARG00000013063"	0.0387558385460351	0.467136363636364	0.5	"mid"
"ENSDARG00000013075"	0.0821013758871264	0.386818181818182	0.4	"mid"
"ENSDARG00000013076"	0.0262789557658514	0.596893939393939	0.6	"mid"
"ENSDARG00000013082"	0.0772298664897881	0.450606060606061	0.5	"mid"
"ENSDARG00000013087"	0.055534794311408	0.349590909090909	0.4	"mid"
"ENSDARG00000013095"	0.0382247266771008	0.418216783216783	0.5	"mid"
"ENSDARG00000013117"	0.0118189552208322	0.518560606060606	0.6	"mid"
"ENSDARG00000013122"	0.0315557169981526	0.5325	0.6	"mid"
"ENSDARG00000013150"	0.0296130622204174	0.414444444444444	0.5	"mid"
"ENSDARG00000013161"	0.0178048809946029	0.667083333333333	0.7	"mid"
"ENSDARG00000013168"	0.057923904681478	0.545454545454545	0.6	"mid"
"ENSDARG00000013221"	0.0378813276174241	0.7025	0.8	"mid"
"ENSDARG00000013224"	0.0873362525735128	0.343333333333333	0.4	"mid"
"ENSDARG00000013236"	0.0519365543745945	0.606666666666667	0.7	"mid"
"ENSDARG00000013250"	0.035703292729277	0.271272727272727	0.3	"mid"
"ENSDARG00000013252"	0.155707767482015	0.7125	0.8	"mid"
"ENSDARG00000013266"	0.0635429493232112	0.442070707070707	0.5	"mid"
"ENSDARG00000013274"	0.0406606583604939	0.37875	0.4	"mid"
"ENSDARG00000013279"	0.046452849732868	0.372916666666667	0.4	"mid"
"ENSDARG00000013292"	0.0589067712719024	0.453730158730159	0.5	"mid"
"ENSDARG00000013295"	0.0692979419829211	0.340396825396825	0.4	"mid"
"ENSDARG00000013302"	0.117656375012412	0.384090909090909	0.4	"mid"
"ENSDARG00000013310"	0.0497306053838222	0.468888888888889	0.5	"mid"
"ENSDARG00000013317"	0.0319037589417423	0.195416666666667	0.2	"low"
"ENSDARG00000013329"	0.0926878330046663	0.482590909090909	0.5	"mid"
"ENSDARG00000013333"	0.0883186070225778	0.193015873015873	0.2	"low"
"ENSDARG00000013346"	0.164689040180467	0.61875	0.7	"mid"
"ENSDARG00000013371"	0.0726619752084284	0.496363636363636	0.5	"mid"
"ENSDARG00000013379"	0.0455695164456291	0.0516666666666667	0.1	"low"
"ENSDARG00000013393"	0.0245907388978728	0.271818181818182	0.3	"mid"
"ENSDARG00000013397"	0.0492831056582093	0.254722222222222	0.3	"mid"
"ENSDARG00000013409"	0.0741449803305049	0.554166666666667	0.6	"mid"
"ENSDARG00000013414"	0.0156865499670399	0.450801282051282	0.5	"mid"
"ENSDARG00000013415"	0.0615539623302926	0.723571428571429	0.8	"mid"
"ENSDARG00000013430"	0.0771964481186058	0.736826923076923	0.8	"mid"
"ENSDARG00000013434"	0.0409725595928157	0.441083333333333	0.5	"mid"
"ENSDARG00000013443"	0.00622620425188639	0.30510101010101	0.4	"mid"
"ENSDARG00000013453"	0.129762365215329	0.654444444444444	0.7	"mid"
"ENSDARG00000013457"	0.0260110994474555	0.304818181818182	0.4	"mid"
"ENSDARG00000013472"	0.112594629345856	0.386666666666667	0.4	"mid"
"ENSDARG00000013476"	0.124430965503868	0.37	0.4	"mid"
"ENSDARG00000013478"	0.128153111298016	0.348712121212121	0.4	"mid"
"ENSDARG00000013500"	0.0306448533087269	0.408181818181818	0.5	"mid"
"ENSDARG00000013505"	0.0137413727350027	0.210252525252525	0.3	"mid"
"ENSDARG00000013522"	0.0484371699372958	0.934615384615385	1	"high"
"ENSDARG00000013526"	0.0923889456815221	0.360909090909091	0.4	"mid"
"ENSDARG00000013528"	0.0809033329052487	0.397142857142857	0.4	"mid"
"ENSDARG00000013539"	0.0500404380979471	0.612916666666667	0.7	"mid"
"ENSDARG00000013542"	0.0745650986922553	0.22468253968254	0.3	"mid"
"ENSDARG00000013561"	0.0414606411746218	0.476	0.5	"mid"
"ENSDARG00000013575"	0.049692659312605	0.513333333333333	0.6	"mid"
"ENSDARG00000013576"	0.0645747321635871	0.5225	0.6	"mid"
"ENSDARG00000013582"	0.0158846760097398	0.3885	0.4	"mid"
"ENSDARG00000013598"	0.133205889366304	0.468181818181818	0.5	"mid"
"ENSDARG00000013613"	0.0523181457605981	0.65375	0.7	"mid"
"ENSDARG00000013628"	0.0413557711026016	0.364444444444444	0.4	"mid"
"ENSDARG00000013653"	0.0749435462886407	0.392777777777778	0.4	"mid"
"ENSDARG00000013655"	0.116362025848886	0.219583333333333	0.3	"mid"
"ENSDARG00000013659"	0.0624847966337198	0.418181818181818	0.5	"mid"
"ENSDARG00000013667"	0.0492806407060027	0.405064935064935	0.5	"mid"
"ENSDARG00000013670"	0.0594940101812336	0.740909090909091	0.8	"mid"
"ENSDARG00000013681"	0.143115656041235	0.573555555555556	0.6	"mid"
"ENSDARG00000013704"	0.0790879941691361	0.591111111111111	0.6	"mid"
"ENSDARG00000013708"	0.0256164894342076	0.130909090909091	0.2	"low"
"ENSDARG00000013719"	0.245443616518517	0.502222222222222	0.6	"mid"
"ENSDARG00000013721"	0.088043244488487	0.868006993006993	0.9	"high"
"ENSDARG00000013726"	0.0752302773605904	0.6575	0.7	"mid"
"ENSDARG00000013732"	0.0584521489491397	0.398076923076923	0.4	"mid"
"ENSDARG00000013734"	0.0650679588028562	0.205909090909091	0.3	"mid"
"ENSDARG00000013741"	0.0920588399756623	0.35	0.4	"mid"
"ENSDARG00000013749"	0.052457160864239	0.707083333333333	0.8	"mid"
"ENSDARG00000013750"	0.0393674480123525	0.434111111111111	0.5	"mid"
"ENSDARG00000013755"	0.0126265831311107	0.72491452991453	0.8	"mid"
"ENSDARG00000013763"	0.108427519691406	0.602	0.7	"mid"
"ENSDARG00000013771"	0.0957346904103971	0.354204545454545	0.4	"mid"
"ENSDARG00000013776"	0.0399266998199299	0.426363636363636	0.5	"mid"
"ENSDARG00000013777"	0.0892137213673836	0.539884615384615	0.6	"mid"
"ENSDARG00000013784"	0.0639014242062437	0.452454545454545	0.5	"mid"
"ENSDARG00000013794"	0.074171642646243	0.879583333333333	0.9	"high"
"ENSDARG00000013795"	0.111619196994031	0.23025	0.3	"mid"
"ENSDARG00000013802"	0.0250757400733122	0.347142857142857	0.4	"mid"
"ENSDARG00000013804"	0.073165569445939	0.332613636363636	0.4	"mid"
"ENSDARG00000013822"	0.0166678455003162	0.458825757575758	0.5	"mid"
"ENSDARG00000013828"	0.0474279523116363	0.544722222222222	0.6	"mid"
"ENSDARG00000013830"	0.060597207999909	0.560959595959596	0.6	"mid"
"ENSDARG00000013838"	0.0323442842999014	0.438227272727273	0.5	"mid"
"ENSDARG00000013839"	0.124463670074182	0.510833333333333	0.6	"mid"
"ENSDARG00000013841"	0.0353590477610532	0.565454545454545	0.6	"mid"
"ENSDARG00000013843"	0.0162275121623389	0.361136363636364	0.4	"mid"
"ENSDARG00000013853"	0.0423727659786493	0.620409090909091	0.7	"mid"
"ENSDARG00000013856"	0.0766643857030755	0.796666666666667	0.8	"mid"
"ENSDARG00000013860"	0.0703806596947664	0.529090909090909	0.6	"mid"
"ENSDARG00000013861"	0.0568027326110769	0.53	0.6	"mid"
"ENSDARG00000013863"	0.0747641029651642	0.458181818181818	0.5	"mid"
"ENSDARG00000013871"	0.0561997508104876	0.682045454545455	0.7	"mid"
"ENSDARG00000013880"	0.0920156945606474	0.295568181818182	0.3	"mid"
"ENSDARG00000013881"	0.0547418932754704	0.418535353535354	0.5	"mid"
"ENSDARG00000013892"	0.0553355041579082	0.2775	0.3	"mid"
"ENSDARG00000013921"	0.0660363973716461	0.522	0.6	"mid"
"ENSDARG00000013926"	0.0964100206060774	0.808484848484848	0.9	"high"
"ENSDARG00000013928"	0.0932918819150606	0.282777777777778	0.3	"mid"
"ENSDARG00000013938"	0.0128060373925115	0.40375	0.5	"mid"
"ENSDARG00000013946"	0.058066748820414	0.923333333333333	1	"high"
"ENSDARG00000013950"	0.0970444053536443	0.4175	0.5	"mid"
"ENSDARG00000013961"	0.0482150236554297	0.2375	0.3	"mid"
"ENSDARG00000013963"	0.0519886113426353	0.316363636363636	0.4	"mid"
"ENSDARG00000013965"	0.0201406714082615	0.222272727272727	0.3	"mid"
"ENSDARG00000013966"	0.0284756838369597	0.181071428571429	0.2	"low"
"ENSDARG00000013973"	0.0774523703209	0.3025	0.4	"mid"
"ENSDARG00000013976"	0.0451180365408014	0.367833333333333	0.4	"mid"
"ENSDARG00000013979"	0.0506695470735322	0.167142857142857	0.2	"low"
"ENSDARG00000013990"	0.036013149432685	0.564444444444445	0.6	"mid"
"ENSDARG00000013997"	0.0443199964135751	0.686944444444444	0.7	"mid"
"ENSDARG00000014003"	0.073407932832046	0.523636363636364	0.6	"mid"
"ENSDARG00000014004"	0.0558971286037792	0.343222222222222	0.4	"mid"
"ENSDARG00000014008"	0.029804500691764	0.388636363636364	0.4	"mid"
"ENSDARG00000014013"	0.0933136101060176	0.418269230769231	0.5	"mid"
"ENSDARG00000014015"	0.108853293056659	0.424666666666667	0.5	"mid"
"ENSDARG00000014041"	0.0803187735204801	0.518257575757576	0.6	"mid"
"ENSDARG00000014047"	0.0743088093644294	0.458181818181818	0.5	"mid"
"ENSDARG00000014053"	0.021557488499149	0.676666666666667	0.7	"mid"
"ENSDARG00000014058"	0.0947622028280988	0.618333333333333	0.7	"mid"
"ENSDARG00000014059"	0.0580591159144509	0.56280303030303	0.6	"mid"
"ENSDARG00000014068"	0.0326806163469051	0.231287878787879	0.3	"mid"
"ENSDARG00000014081"	0.0699339841465616	0.466010101010101	0.5	"mid"
"ENSDARG00000014083"	0.0283679587127877	0.474545454545455	0.5	"mid"
"ENSDARG00000014085"	0.0672963704678155	0.289545454545455	0.3	"mid"
"ENSDARG00000014091"	0.0525615564786254	0.745384615384615	0.8	"mid"
"ENSDARG00000014106"	0.0410952141117021	0.587083333333333	0.6	"mid"
"ENSDARG00000014113"	0.0645690694347164	0.339166666666667	0.4	"mid"
"ENSDARG00000014137"	0.0446429319503015	0.441363636363636	0.5	"mid"
"ENSDARG00000014138"	0.0718744522593161	0.413977272727273	0.5	"mid"
"ENSDARG00000014161"	0.0510077009842606	0.299393939393939	0.3	"mid"
"ENSDARG00000014171"	0.0275198733731668	0.432727272727273	0.5	"mid"
"ENSDARG00000014179"	0.0469721335429847	0.77475	0.8	"mid"
"ENSDARG00000014180"	0.106998691079084	0.735	0.8	"mid"
"ENSDARG00000014181"	0.0640747168222511	0.388888888888889	0.4	"mid"
"ENSDARG00000014196"	0.0730674070257834	0.79125	0.8	"mid"
"ENSDARG00000014215"	0.0817062989412287	0.443015873015873	0.5	"mid"
"ENSDARG00000014222"	0.0128736969705751	0.171666666666667	0.2	"low"
"ENSDARG00000014233"	0.0328884842756656	0.817777777777778	0.9	"high"
"ENSDARG00000014244"	0.0556258335972398	0.465944444444444	0.5	"mid"
"ENSDARG00000014259"	0.0397088765480668	0.582857142857143	0.6	"mid"
"ENSDARG00000014273"	0.0070775625694578	0.318571428571429	0.4	"mid"
"ENSDARG00000014274"	0.0265839472837854	0.5775	0.6	"mid"
"ENSDARG00000014287"	0.0298643217780224	0.300378787878788	0.4	"mid"
"ENSDARG00000014292"	0.0469495580501381	0.502272727272727	0.6	"mid"
"ENSDARG00000014303"	0.0183500440306936	0.315050505050505	0.4	"mid"
"ENSDARG00000014333"	0.0128325238208187	0.507424242424242	0.6	"mid"
"ENSDARG00000014340"	0.0252834211394265	0.8535	0.9	"high"
"ENSDARG00000014348"	0.0767439079528147	0.631363636363636	0.7	"mid"
"ENSDARG00000014356"	0.0888614404271912	0.675555555555556	0.7	"mid"
"ENSDARG00000014361"	0.107763755549799	0.208666666666667	0.3	"mid"
"ENSDARG00000014366"	0.0285370009288951	0.472922077922078	0.5	"mid"
"ENSDARG00000014373"	0.0768047303080846	0.882727272727273	0.9	"high"
"ENSDARG00000014378"	0.0253017854320039	0.36375	0.4	"mid"
"ENSDARG00000014386"	0.0885261661744464	0.553636363636364	0.6	"mid"
"ENSDARG00000014402"	0.13508275754731	0.853636363636364	0.9	"high"
"ENSDARG00000014420"	0.00695596438932882	0.282121212121212	0.3	"mid"
"ENSDARG00000014427"	0.136058324907143	0.864916666666667	0.9	"high"
"ENSDARG00000014428"	0.0134844620913091	0.537867132867133	0.6	"mid"
"ENSDARG00000014430"	0.0482305570970494	0.280818181818182	0.3	"mid"
"ENSDARG00000014439"	0.0538940355203521	0.292613636363636	0.3	"mid"
"ENSDARG00000014462"	0.0228983065324567	0.376111111111111	0.4	"mid"
"ENSDARG00000014474"	0.101704034326771	0.364444444444444	0.4	"mid"
"ENSDARG00000014488"	0.0525063400206403	0.705555555555556	0.8	"mid"
"ENSDARG00000014498"	0.0334786275286299	0.437662337662338	0.5	"mid"
"ENSDARG00000014499"	0.057293601804249	0.37525974025974	0.4	"mid"
"ENSDARG00000014506"	0.291093894053288	0.616	0.7	"mid"
"ENSDARG00000014517"	0.0319023370019942	0.189590909090909	0.2	"low"
"ENSDARG00000014522"	0.0677452942224428	0.3975	0.4	"mid"
"ENSDARG00000014532"	0.0504484198253576	0.330227272727273	0.4	"mid"
"ENSDARG00000014536"	0.0530584622443005	0.585222222222222	0.6	"mid"
"ENSDARG00000014554"	0.112240965819175	0.608321678321678	0.7	"mid"
"ENSDARG00000014556"	0.163923436175268	0.531666666666667	0.6	"mid"
"ENSDARG00000014565"	0.0636903306589277	0.6625	0.7	"mid"
"ENSDARG00000014569"	0.0232750444732345	0.333055555555556	0.4	"mid"
"ENSDARG00000014572"	0.10877527934743	0.231363636363636	0.3	"mid"
"ENSDARG00000014577"	0.099769516823562	0.70987012987013	0.8	"mid"
"ENSDARG00000014582"	0.0468625755298884	0.236818181818182	0.3	"mid"
"ENSDARG00000014587"	0.0360352926916083	0.63	0.7	"mid"
"ENSDARG00000014588"	0.0315360545204406	0.405	0.5	"mid"
"ENSDARG00000014591"	0.0176255095177262	0.586153846153846	0.6	"mid"
"ENSDARG00000014599"	0.060247585500843	0.687929292929293	0.7	"mid"
"ENSDARG00000014634"	0.0198108453337465	0.415636363636364	0.5	"mid"
"ENSDARG00000014646"	0.142773626274146	0.526666666666667	0.6	"mid"
"ENSDARG00000014674"	0.0535462662014784	0.475	0.5	"mid"
"ENSDARG00000014676"	0.0300570638618593	0.342020202020202	0.4	"mid"
"ENSDARG00000014685"	0.140121006236721	0.55025641025641	0.6	"mid"
"ENSDARG00000014692"	0.0687945024597374	0.247077922077922	0.3	"mid"
"ENSDARG00000014704"	0.0857490007458852	0.499333333333333	0.5	"mid"
"ENSDARG00000014727"	0.075128544326732	0.328571428571429	0.4	"mid"
"ENSDARG00000014731"	0.0982259857996693	0.535454545454545	0.6	"mid"
"ENSDARG00000014746"	0.0647312029395081	0.398636363636364	0.4	"mid"
"ENSDARG00000014770"	0.0476270153663868	0.267	0.3	"mid"
"ENSDARG00000014790"	0.0467190232143255	0.420653846153846	0.5	"mid"
"ENSDARG00000014793"	0.0201163613960407	0.432222222222222	0.5	"mid"
"ENSDARG00000014794"	0.14318823857657	0.610833333333333	0.7	"mid"
"ENSDARG00000014796"	0.0353492974197703	0.586363636363636	0.6	"mid"
"ENSDARG00000014803"	0.0537396224132411	0.41	0.5	"mid"
"ENSDARG00000014805"	0.101632958922112	0.849090909090909	0.9	"high"
"ENSDARG00000014806"	0.0404226275314805	0.396318181818182	0.4	"mid"
"ENSDARG00000014825"	0.0721419120489187	0.42375	0.5	"mid"
"ENSDARG00000014840"	0.0609981662862604	0.25225	0.3	"mid"
"ENSDARG00000014891"	0.0393956992108272	0.593	0.6	"mid"
"ENSDARG00000014898"	0.051765161859265	0.606174242424242	0.7	"mid"
"ENSDARG00000014907"	0.0486817884176729	0.328636363636364	0.4	"mid"
"ENSDARG00000014915"	0.0817300246371727	0.347777777777778	0.4	"mid"
"ENSDARG00000014916"	0.0810650717598951	0.95375	1	"high"
"ENSDARG00000014941"	0.149456533938273	0.671944444444444	0.7	"mid"
"ENSDARG00000014943"	0.0697972458346524	0.46	0.5	"mid"
"ENSDARG00000014945"	0.0736326571976475	0.460909090909091	0.5	"mid"
"ENSDARG00000014956"	0.159502203745374	0.307727272727273	0.4	"mid"
"ENSDARG00000014962"	0.0180908928773752	0.565	0.6	"mid"
"ENSDARG00000014963"	0.0408702757309625	0.295530303030303	0.3	"mid"
"ENSDARG00000014966"	0.159200645537344	0.328888888888889	0.4	"mid"
"ENSDARG00000014969"	0.0343289846806447	0.44540404040404	0.5	"mid"
"ENSDARG00000014976"	0.0251174946521691	0.744444444444444	0.8	"mid"
"ENSDARG00000014986"	0.0332683476858751	0.302272727272727	0.4	"mid"
"ENSDARG00000014994"	0.0235008363687174	0.381388888888889	0.4	"mid"
"ENSDARG00000014995"	0.0538363002855632	0.278	0.3	"mid"
"ENSDARG00000015002"	0.0291618271291884	0.44	0.5	"mid"
"ENSDARG00000015003"	0.0902058688103347	0.680104895104895	0.7	"mid"
"ENSDARG00000015006"	0.0238554335975019	0.476444444444444	0.5	"mid"
"ENSDARG00000015015"	0.0501576496945589	0.541	0.6	"mid"
"ENSDARG00000015016"	0.0991205402034052	0.591794871794872	0.6	"mid"
"ENSDARG00000015033"	0.0417180565349724	0.546111111111111	0.6	"mid"
"ENSDARG00000015057"	0.0153581432796665	0.423116883116883	0.5	"mid"
"ENSDARG00000015059"	0.033899951144293	0.323409090909091	0.4	"mid"
"ENSDARG00000015065"	0.156101604273479	0.650863636363636	0.7	"mid"
"ENSDARG00000015070"	0.0952366288170704	0.338376623376623	0.4	"mid"
"ENSDARG00000015088"	0.0261349217709432	0.443636363636364	0.5	"mid"
"ENSDARG00000015111"	0.0155243181827159	0.443111111111111	0.5	"mid"
"ENSDARG00000015123"	0.115612164561903	0.446363636363636	0.5	"mid"
"ENSDARG00000015156"	0.0946393611936871	0.364583333333333	0.4	"mid"
"ENSDARG00000015161"	0.0563517056246586	0.671428571428571	0.7	"mid"
"ENSDARG00000015164"	0.0349397527292825	0.758923076923077	0.8	"mid"
"ENSDARG00000015176"	0.0292465866252336	0.578083333333333	0.6	"mid"
"ENSDARG00000015201"	0.0368692698883329	0.191818181818182	0.2	"low"
"ENSDARG00000015208"	0.0139837995590178	0.0928571428571429	0.1	"low"
"ENSDARG00000015221"	0.0836428474555281	0.363333333333333	0.4	"mid"
"ENSDARG00000015222"	0.0572359597006593	0.583181818181818	0.6	"mid"
"ENSDARG00000015236"	0.0863966365728613	0.693666666666667	0.7	"mid"
"ENSDARG00000015239"	0.0191219050635257	0.243636363636364	0.3	"mid"
"ENSDARG00000015240"	0.0603833583087264	0.439111111111111	0.5	"mid"
"ENSDARG00000015252"	0.0739507943402228	0.711	0.8	"mid"
"ENSDARG00000015254"	0.0509580652037713	0.605699300699301	0.7	"mid"
"ENSDARG00000015263"	0.115820289644553	0.465	0.5	"mid"
"ENSDARG00000015266"	0.00533486077580239	0.622727272727273	0.7	"mid"
"ENSDARG00000015273"	0.0623244040204173	0.7425	0.8	"mid"
"ENSDARG00000015290"	0.0612952664996713	0.6535	0.7	"mid"
"ENSDARG00000015292"	0.0211727217294833	0.685974025974026	0.7	"mid"
"ENSDARG00000015310"	0.0518349745872001	0.237979797979798	0.3	"mid"
"ENSDARG00000015314"	0.0106838936616118	0.370423076923077	0.4	"mid"
"ENSDARG00000015315"	0.00276298186887949	0.292857142857143	0.3	"mid"
"ENSDARG00000015325"	0.0135029567835185	0.697159090909091	0.7	"mid"
"ENSDARG00000015337"	0.14039322607509	0.531590909090909	0.6	"mid"
"ENSDARG00000015343"	0.0345860847895697	0.652727272727273	0.7	"mid"
"ENSDARG00000015349"	0.0970018865056236	0.3525	0.4	"mid"
"ENSDARG00000015352"	0.065619306468902	0.145909090909091	0.2	"low"
"ENSDARG00000015374"	0.0739238908747232	0.257474747474748	0.3	"mid"
"ENSDARG00000015385"	0.0612535238780358	0.282083333333333	0.3	"mid"
"ENSDARG00000015392"	0.0211635836389196	0.13	0.2	"low"
"ENSDARG00000015394"	0.0302821599363327	0.424195804195804	0.5	"mid"
"ENSDARG00000015404"	0.0379571707773263	0.556363636363636	0.6	"mid"
"ENSDARG00000015422"	0.0429683603297108	0.5765	0.6	"mid"
"ENSDARG00000015425"	0.0483911418173627	0.659090909090909	0.7	"mid"
"ENSDARG00000015427"	0.0130143149728681	0.264	0.3	"mid"
"ENSDARG00000015449"	0.0304687510643488	0.474545454545455	0.5	"mid"
"ENSDARG00000015460"	0.0930248447446331	0.499	0.5	"mid"
"ENSDARG00000015471"	0.10090311053537	0.65625	0.7	"mid"
"ENSDARG00000015472"	0.0647166525981205	0.447083333333333	0.5	"mid"
"ENSDARG00000015524"	0.0148662549975244	0.485038461538462	0.5	"mid"
"ENSDARG00000015536"	0.0527360760141047	0.566608391608392	0.6	"mid"
"ENSDARG00000015537"	0.0355846561241439	0.345954545454545	0.4	"mid"
"ENSDARG00000015540"	0.024734731679879	0.479090909090909	0.5	"mid"
"ENSDARG00000015543"	0.0816294895519138	0.7325	0.8	"mid"
"ENSDARG00000015546"	0.0459031173585182	0.667142857142857	0.7	"mid"
"ENSDARG00000015552"	0.136548153418209	0.396439393939394	0.4	"mid"
"ENSDARG00000015554"	0.0175095077658452	0.415863636363636	0.5	"mid"
"ENSDARG00000015557"	0.145906967167377	0.661818181818182	0.7	"mid"
"ENSDARG00000015559"	0.0598395625011067	0.688869047619048	0.7	"mid"
"ENSDARG00000015563"	0.0871342620304969	0.511666666666667	0.6	"mid"
"ENSDARG00000015566"	0.0455689855909384	0.405	0.5	"mid"
"ENSDARG00000015567"	0.0172082507838748	0.41530303030303	0.5	"mid"
"ENSDARG00000015575"	0.172981380840739	0.348181818181818	0.4	"mid"
"ENSDARG00000015610"	0.00631468384674575	0.305757575757576	0.4	"mid"
"ENSDARG00000015628"	0.0797384638122823	0.519090909090909	0.6	"mid"
"ENSDARG00000015638"	0.0859373350092986	0.280795454545455	0.3	"mid"
"ENSDARG00000015649"	0.00813470335043561	0.115	0.2	"low"
"ENSDARG00000015653"	0.0570873021048992	0.247727272727273	0.3	"mid"
"ENSDARG00000015654"	0.152520000528049	0.512416666666667	0.6	"mid"
"ENSDARG00000015657"	0.143435664966314	0.604166666666667	0.7	"mid"
"ENSDARG00000015662"	0.0743590018065938	0.693571428571429	0.7	"mid"
"ENSDARG00000015676"	0.0417914655272278	0.835594405594406	0.9	"high"
"ENSDARG00000015681"	0.0179735100041811	0.40875	0.5	"mid"
"ENSDARG00000015686"	0.0477298027341001	0.348766233766234	0.4	"mid"
"ENSDARG00000015707"	0.0330814794293305	0.405568181818182	0.5	"mid"
"ENSDARG00000015709"	0.126802880332908	0.863333333333333	0.9	"high"
"ENSDARG00000015722"	0.0225486859450503	0.314727272727273	0.4	"mid"
"ENSDARG00000015747"	0.0862633084087357	0.216181818181818	0.3	"mid"
"ENSDARG00000015752"	0.057105490190027	0.591923076923077	0.6	"mid"
"ENSDARG00000015757"	0.021720136081708	0.344583333333333	0.4	"mid"
"ENSDARG00000015759"	0.0630159566397277	0.313251748251748	0.4	"mid"
"ENSDARG00000015765"	0.12002432678049	0.371363636363636	0.4	"mid"
"ENSDARG00000015780"	0.0183459831953429	0.547393162393162	0.6	"mid"
"ENSDARG00000015790"	0.121437607919173	0.314863636363636	0.4	"mid"
"ENSDARG00000015793"	0.0654246598986395	0.567142857142857	0.6	"mid"
"ENSDARG00000015803"	0.10759482402012	0.508181818181818	0.6	"mid"
"ENSDARG00000015805"	0.109728402915789	0.66	0.7	"mid"
"ENSDARG00000015807"	0.026015441514124	0.225378787878788	0.3	"mid"
"ENSDARG00000015823"	0.0152548808318856	0.158409090909091	0.2	"low"
"ENSDARG00000015829"	0.125763784074056	0.379	0.4	"mid"
"ENSDARG00000015835"	0.0215120327281684	0.806590909090909	0.9	"high"
"ENSDARG00000015854"	0.101041426289033	0.509166666666667	0.6	"mid"
"ENSDARG00000015856"	0.0713278075239267	0.226038961038961	0.3	"mid"
"ENSDARG00000015863"	0.0640757266893582	0.311363636363636	0.4	"mid"
"ENSDARG00000015889"	0.0359589112946974	0.377115384615385	0.4	"mid"
"ENSDARG00000015890"	0.0275540235897834	0.657878787878788	0.7	"mid"
"ENSDARG00000015891"	0.0410286882554434	0.533737373737374	0.6	"mid"
"ENSDARG00000015901"	0.0289484270840583	0.553888888888889	0.6	"mid"
"ENSDARG00000015902"	0.107923135151497	0.253181818181818	0.3	"mid"
"ENSDARG00000015905"	0.0144502301694059	0.381666666666667	0.4	"mid"
"ENSDARG00000015918"	0.0503530096471448	0.362539682539683	0.4	"mid"
"ENSDARG00000015921"	0.0616326241312749	0.373181818181818	0.4	"mid"
"ENSDARG00000015922"	0.0686931957327491	0.636363636363636	0.7	"mid"
"ENSDARG00000015930"	0.0613153877070904	0.360265151515151	0.4	"mid"
"ENSDARG00000015931"	0.0483119685671545	0.520833333333333	0.6	"mid"
"ENSDARG00000015937"	0.0533020713552639	0.465524475524476	0.5	"mid"
"ENSDARG00000015947"	0.0646776891555877	0.738888888888889	0.8	"mid"
"ENSDARG00000015955"	0.0946224692727493	0.714583333333333	0.8	"mid"
"ENSDARG00000015964"	0.132933806408829	0.535277777777778	0.6	"mid"
"ENSDARG00000015966"	0.0604507744444672	0.487070707070707	0.5	"mid"
"ENSDARG00000015970"	0.0375332300861229	0.65517094017094	0.7	"mid"
"ENSDARG00000015971"	0.0414721653445005	0.407	0.5	"mid"
"ENSDARG00000015989"	0.0890671364250822	0.323916666666667	0.4	"mid"
"ENSDARG00000015997"	0.0601806330150337	0.535454545454545	0.6	"mid"
"ENSDARG00000015998"	0.102025484980011	0.719871794871795	0.8	"mid"
"ENSDARG00000016010"	0.0772308559578441	0.198825757575758	0.2	"low"
"ENSDARG00000016011"	0.0976210537388418	0.465384615384615	0.5	"mid"
"ENSDARG00000016016"	0.0701030687700471	0.708083333333333	0.8	"mid"
"ENSDARG00000016022"	0.0569243587193817	0.372222222222222	0.4	"mid"
"ENSDARG00000016038"	0.10591360084976	0.544076923076923	0.6	"mid"
"ENSDARG00000016044"	0.0657283806706181	0.572727272727273	0.6	"mid"
"ENSDARG00000016048"	0.0679821445139711	0.448833333333333	0.5	"mid"
"ENSDARG00000016058"	0.0418995352587345	0.186666666666667	0.2	"low"
"ENSDARG00000016059"	0.0172789595835872	0.800909090909091	0.9	"high"
"ENSDARG00000016065"	0.137201595942396	0.615	0.7	"mid"
"ENSDARG00000016074"	0.130788783966182	0.50375	0.6	"mid"
"ENSDARG00000016081"	0.133720555484949	0.640844155844156	0.7	"mid"
"ENSDARG00000016084"	0.0352815591761218	0.462777777777778	0.5	"mid"
"ENSDARG00000016085"	0.0994480315197405	0.244	0.3	"mid"
"ENSDARG00000016086"	0.0148021389824575	0.325	0.4	"mid"
"ENSDARG00000016093"	0.0869415271543943	0.468333333333333	0.5	"mid"
"ENSDARG00000016117"	0.0985087290573088	0.169166666666667	0.2	"low"
"ENSDARG00000016122"	0.0800274044402223	0.2755	0.3	"mid"
"ENSDARG00000016128"	0.0145753954793778	0.299401709401709	0.3	"mid"
"ENSDARG00000016132"	0.0679025701581984	0.795	0.8	"mid"
"ENSDARG00000016138"	0.0762099259339724	0.29724358974359	0.3	"mid"
"ENSDARG00000016139"	0.193320685086402	0.265	0.3	"mid"
"ENSDARG00000016141"	0.0478349897847506	0.45	0.5	"mid"
"ENSDARG00000016143"	0.103088487407668	0.797222222222222	0.8	"mid"
"ENSDARG00000016153"	0.0683095270919388	0.284545454545455	0.3	"mid"
"ENSDARG00000016163"	0.0489218280010263	0.328636363636364	0.4	"mid"
"ENSDARG00000016181"	0.0563033514985906	0.255045454545455	0.3	"mid"
"ENSDARG00000016188"	0.0489873261045844	0.640037878787879	0.7	"mid"
"ENSDARG00000016200"	0.0992054352464058	0.821666666666667	0.9	"high"
"ENSDARG00000016233"	0.140383749794369	0.512136363636364	0.6	"mid"
"ENSDARG00000016238"	0.0911034228766117	0.451363636363636	0.5	"mid"
"ENSDARG00000016239"	0.0351727861176851	0.265807692307692	0.3	"mid"
"ENSDARG00000016256"	0.0441619419840316	0.4925	0.5	"mid"
"ENSDARG00000016260"	0.0319104447077757	0.437532467532468	0.5	"mid"
"ENSDARG00000016263"	0.0486282876962394	0.349388888888889	0.4	"mid"
"ENSDARG00000016280"	0.0544643754968414	0.344166666666667	0.4	"mid"
"ENSDARG00000016290"	0.156888494784677	0.7345	0.8	"mid"
"ENSDARG00000016302"	0.00932079263360418	0.428423076923077	0.5	"mid"
"ENSDARG00000016307"	0.162675309348074	0.453712121212121	0.5	"mid"
"ENSDARG00000016311"	0.044802007589243	0.35	0.4	"mid"
"ENSDARG00000016319"	0.168277310986904	0.932727272727273	1	"high"
"ENSDARG00000016336"	0.179246437062811	0.225	0.3	"mid"
"ENSDARG00000016345"	0.0721141637725214	0.300555555555556	0.4	"mid"
"ENSDARG00000016350"	0.073198803145232	0.636666666666667	0.7	"mid"
"ENSDARG00000016357"	0.13218212764599	0.513181818181818	0.6	"mid"
"ENSDARG00000016360"	0.0214588000306024	0.623863636363636	0.7	"mid"
"ENSDARG00000016368"	0.0750536905357944	0.496363636363636	0.5	"mid"
"ENSDARG00000016375"	0.0732191958381342	0.529166666666667	0.6	"mid"
"ENSDARG00000016399"	0.0612877618273705	0.792727272727273	0.8	"mid"
"ENSDARG00000016412"	0.227850861732112	0.60875	0.7	"mid"
"ENSDARG00000016415"	0.072660777397379	0.832277777777778	0.9	"high"
"ENSDARG00000016427"	0.0700614406947726	0.333333333333333	0.4	"mid"
"ENSDARG00000016429"	0.0392011494614404	0.3525	0.4	"mid"
"ENSDARG00000016447"	0.0343014640829095	0.24	0.3	"mid"
"ENSDARG00000016448"	0.224955623723746	0.748989898989899	0.8	"mid"
"ENSDARG00000016454"	0.0623228036671785	0.743737373737374	0.8	"mid"
"ENSDARG00000016457"	0.0929574159358637	0.5485	0.6	"mid"
"ENSDARG00000016460"	0.135544413192715	0.258611111111111	0.3	"mid"
"ENSDARG00000016463"	0.0440905459251581	0.508954545454545	0.6	"mid"
"ENSDARG00000016464"	0.0502498769547466	0.521666666666667	0.6	"mid"
"ENSDARG00000016474"	0.0753785438404698	0.518681818181818	0.6	"mid"
"ENSDARG00000016477"	0.0131669803128005	0.462045454545455	0.5	"mid"
"ENSDARG00000016481"	0.085856977439341	0.319090909090909	0.4	"mid"
"ENSDARG00000016483"	0.107992720780092	0.720524475524476	0.8	"mid"
"ENSDARG00000016484"	0.027595760744613	0.557	0.6	"mid"
"ENSDARG00000016494"	0.0771125078252342	0.64	0.7	"mid"
"ENSDARG00000016496"	0.010752348760143	0.607606837606838	0.7	"mid"
"ENSDARG00000016505"	0.100401141567431	0.7175	0.8	"mid"
"ENSDARG00000016513"	0.0576113343364801	0.378896103896104	0.4	"mid"
"ENSDARG00000016514"	0.053924269632448	0.26030303030303	0.3	"mid"
"ENSDARG00000016516"	0.0141294709586545	0.497666666666667	0.5	"mid"
"ENSDARG00000016519"	0.0185614189272012	0.279962121212121	0.3	"mid"
"ENSDARG00000016526"	0.0271644547453906	0.537916666666667	0.6	"mid"
"ENSDARG00000016528"	0.151143895356135	0.365555555555556	0.4	"mid"
"ENSDARG00000016532"	0.100921948564598	0.529949494949495	0.6	"mid"
"ENSDARG00000016538"	0.192542714846832	0.611666666666667	0.7	"mid"
"ENSDARG00000016543"	0.110764861316326	0.4275	0.5	"mid"
"ENSDARG00000016545"	0.0718739901137653	0.606	0.7	"mid"
"ENSDARG00000016548"	0.0331289935041533	0.512727272727273	0.6	"mid"
"ENSDARG00000016551"	0.0274291951974213	0.541363636363636	0.6	"mid"
"ENSDARG00000016570"	0.208761226039332	0.766833333333333	0.8	"mid"
"ENSDARG00000016594"	0.142925466452264	0.645892857142857	0.7	"mid"
"ENSDARG00000016598"	0.0367105899294913	0.535454545454545	0.6	"mid"
"ENSDARG00000016607"	0.0747682567254529	0.5975	0.6	"mid"
"ENSDARG00000016611"	0.112348968528563	0.46525	0.5	"mid"
"ENSDARG00000016613"	0.0965086596340352	0.561616161616162	0.6	"mid"
"ENSDARG00000016623"	0.0595142322555612	0.831313131313131	0.9	"high"
"ENSDARG00000016630"	0.0873954056367145	0.340277777777778	0.4	"mid"
"ENSDARG00000016649"	0.0968240260312179	0.367227272727273	0.4	"mid"
"ENSDARG00000016651"	0.107245517060097	0.523311688311688	0.6	"mid"
"ENSDARG00000016664"	0.0281598039542434	0.374090909090909	0.4	"mid"
"ENSDARG00000016687"	0.0615175117449652	0.393295454545455	0.4	"mid"
"ENSDARG00000016691"	0.1386243133661	0.451969696969697	0.5	"mid"
"ENSDARG00000016695"	0.0764810746834476	0.348888888888889	0.4	"mid"
"ENSDARG00000016706"	0.0595316241127288	0.4925	0.5	"mid"
"ENSDARG00000016710"	0.0528672333784252	0.437583333333333	0.5	"mid"
"ENSDARG00000016721"	0.0304089007015684	0.180151515151515	0.2	"low"
"ENSDARG00000016724"	0.113819036319755	0.295653846153846	0.3	"mid"
"ENSDARG00000016730"	0.0545293393535542	0.336363636363636	0.4	"mid"
"ENSDARG00000016733"	0.0801067584502174	0.332361111111111	0.4	"mid"
"ENSDARG00000016742"	0.0649233155379254	0.349090909090909	0.4	"mid"
"ENSDARG00000016743"	0.106449128529696	0.48325	0.5	"mid"
"ENSDARG00000016745"	0.0483447385284721	0.603371212121212	0.7	"mid"
"ENSDARG00000016750"	0.0600006130502643	0.478492063492064	0.5	"mid"
"ENSDARG00000016753"	0.0273611999887644	0.363095238095238	0.4	"mid"
"ENSDARG00000016754"	0.0900801027111446	0.623681818181818	0.7	"mid"
"ENSDARG00000016765"	0.0839045206921103	0.61	0.7	"mid"
"ENSDARG00000016769"	0.0462239783165009	0.389090909090909	0.4	"mid"
"ENSDARG00000016782"	0.0172127501572423	0.349090909090909	0.4	"mid"
"ENSDARG00000016789"	0.16237617007201	0.439857142857143	0.5	"mid"
"ENSDARG00000016793"	0.0490267016398586	0.282424242424242	0.3	"mid"
"ENSDARG00000016794"	0.0607241987313409	0.206190476190476	0.3	"mid"
"ENSDARG00000016809"	0.0164422147954126	0.478068181818182	0.5	"mid"
"ENSDARG00000016811"	0.0244654896203541	0.357	0.4	"mid"
"ENSDARG00000016830"	0.0256837182176457	0.596545454545454	0.6	"mid"
"ENSDARG00000016835"	0.0594767619327112	0.500416666666667	0.6	"mid"
"ENSDARG00000016837"	0.0741437089910671	0.534444444444444	0.6	"mid"
"ENSDARG00000016855"	0.00975423620135321	0.52038961038961	0.6	"mid"
"ENSDARG00000016858"	0.0352888369663763	0.634431818181818	0.7	"mid"
"ENSDARG00000016864"	0.0542921214684465	0.692727272727273	0.7	"mid"
"ENSDARG00000016866"	0.04755918620547	0.521944444444445	0.6	"mid"
"ENSDARG00000016868"	0.0359607963337725	0.652333333333333	0.7	"mid"
"ENSDARG00000016871"	0.0206793542755367	0.206919191919192	0.3	"mid"
"ENSDARG00000016875"	0.0263828271448963	0.559555555555556	0.6	"mid"
"ENSDARG00000016903"	0.0097837623612976	0.303772727272727	0.4	"mid"
"ENSDARG00000016904"	0.0273496631680832	0.425055555555556	0.5	"mid"
"ENSDARG00000016918"	0.0932697718063634	0.539772727272727	0.6	"mid"
"ENSDARG00000016934"	0.0962776222599325	0.314785714285714	0.4	"mid"
"ENSDARG00000016936"	0.0896769183762009	0.534444444444444	0.6	"mid"
"ENSDARG00000016939"	0.106688466962079	0.374545454545455	0.4	"mid"
"ENSDARG00000016963"	0.0697614587842796	0.676	0.7	"mid"
"ENSDARG00000016964"	0.111383456804189	0.424545454545455	0.5	"mid"
"ENSDARG00000016968"	0.100860638297849	0.18	0.2	"low"
"ENSDARG00000016977"	0.0250559732092898	0.405928571428571	0.5	"mid"
"ENSDARG00000016994"	0.0271637506038158	0.54	0.6	"mid"
"ENSDARG00000017004"	0.0449912724485293	0.371	0.4	"mid"
"ENSDARG00000017010"	0.0799488362619403	0.625454545454545	0.7	"mid"
"ENSDARG00000017034"	0.0871876575787951	0.305384615384615	0.4	"mid"
"ENSDARG00000017036"	0.123520021330614	0.674590909090909	0.7	"mid"
"ENSDARG00000017037"	0.0766527837799271	0.265606060606061	0.3	"mid"
"ENSDARG00000017047"	0.0523465657659244	0.432222222222222	0.5	"mid"
"ENSDARG00000017049"	0.0477137907420507	0.487987012987013	0.5	"mid"
"ENSDARG00000017058"	0.0471094788228705	0.445656565656566	0.5	"mid"
"ENSDARG00000017067"	0.0736239764541711	0.496666666666667	0.5	"mid"
"ENSDARG00000017084"	0.00538514210919721	0.430416666666667	0.5	"mid"
"ENSDARG00000017086"	0.0854570766305523	0.492424242424242	0.5	"mid"
"ENSDARG00000017093"	0.0443314367653639	0.474444444444444	0.5	"mid"
"ENSDARG00000017105"	0.0963749871079423	0.428522727272727	0.5	"mid"
"ENSDARG00000017115"	0.00917665425637573	0.181111111111111	0.2	"low"
"ENSDARG00000017119"	0.0907355675225416	0.284895104895105	0.3	"mid"
"ENSDARG00000017121"	0.0584348300679616	0.656090909090909	0.7	"mid"
"ENSDARG00000017126"	0.0525307049795691	0.510959595959596	0.6	"mid"
"ENSDARG00000017143"	0.0451247156961976	0.557272727272727	0.6	"mid"
"ENSDARG00000017165"	0.120321577991214	0.755	0.8	"mid"
"ENSDARG00000017180"	0.0613262127767541	0.342142857142857	0.4	"mid"
"ENSDARG00000017199"	0.126640900716105	0.54020202020202	0.6	"mid"
"ENSDARG00000017220"	0.0398620440671467	0.46875	0.5	"mid"
"ENSDARG00000017230"	0.0110538441481014	0.292727272727273	0.3	"mid"
"ENSDARG00000017242"	0.0602127357440678	0.394810606060606	0.4	"mid"
"ENSDARG00000017255"	0.0866835485028493	0.838863636363636	0.9	"high"
"ENSDARG00000017261"	0.075467906923474	0.555641025641026	0.6	"mid"
"ENSDARG00000017272"	0.0755707534887596	0.284107142857143	0.3	"mid"
"ENSDARG00000017274"	0.0849943902741162	0.283181818181818	0.3	"mid"
"ENSDARG00000017294"	0.0200977991909535	0.434545454545455	0.5	"mid"
"ENSDARG00000017299"	0.120863818043164	0.685	0.7	"mid"
"ENSDARG00000017312"	0.0592305777885683	0.382727272727273	0.4	"mid"
"ENSDARG00000017315"	0.0694816267205447	0.218409090909091	0.3	"mid"
"ENSDARG00000017316"	0.0633348599488731	0.558461538461538	0.6	"mid"
"ENSDARG00000017320"	0.167785204833348	0.376666666666667	0.4	"mid"
"ENSDARG00000017337"	0.0538486320813003	0.234128787878788	0.3	"mid"
"ENSDARG00000017338"	0.0331802396449472	0.230833333333333	0.3	"mid"
"ENSDARG00000017354"	0.0763181597895906	0.735833333333333	0.8	"mid"
"ENSDARG00000017355"	0.131798836395831	0.764	0.8	"mid"
"ENSDARG00000017365"	0.0320919215159485	0.717363636363636	0.8	"mid"
"ENSDARG00000017385"	0.0453310855851184	0.1655	0.2	"low"
"ENSDARG00000017388"	0.149754803258864	0.56575	0.6	"mid"
"ENSDARG00000017397"	0.054415162883395	0.885265151515152	0.9	"high"
"ENSDARG00000017422"	0.103775635079419	0.692474747474747	0.7	"mid"
"ENSDARG00000017427"	0.0697128697434863	0.28979797979798	0.3	"mid"
"ENSDARG00000017431"	0.0387766021738683	0.298333333333333	0.3	"mid"
"ENSDARG00000017439"	0.0752521107829705	0.357045454545455	0.4	"mid"
"ENSDARG00000017441"	0.0732228548926232	0.93	1	"high"
"ENSDARG00000017444"	0.0415815612722514	0.6375	0.7	"mid"
"ENSDARG00000017454"	0.0705475954868326	0.587525252525253	0.6	"mid"
"ENSDARG00000017474"	0.0692505716834761	0.478181818181818	0.5	"mid"
"ENSDARG00000017490"	0.120326857595915	0.68625	0.7	"mid"
"ENSDARG00000017500"	0.0632642420700991	0.400909090909091	0.5	"mid"
"ENSDARG00000017504"	0.139934798233418	0.392727272727273	0.4	"mid"
"ENSDARG00000017522"	0.0658041238736165	0.244444444444444	0.3	"mid"
"ENSDARG00000017525"	0.0573976724267187	0.416590909090909	0.5	"mid"
"ENSDARG00000017537"	0.0750373303523933	0.238571428571429	0.3	"mid"
"ENSDARG00000017562"	0.038322154189256	0.527	0.6	"mid"
"ENSDARG00000017565"	0.089526951029885	0.362	0.4	"mid"
"ENSDARG00000017569"	0.0578927918859734	0.485944444444444	0.5	"mid"
"ENSDARG00000017571"	0.0321209894312827	0.3345	0.4	"mid"
"ENSDARG00000017579"	0.104652749805275	0.519916666666667	0.6	"mid"
"ENSDARG00000017590"	0.082116158273931	0.353136363636364	0.4	"mid"
"ENSDARG00000017591"	0.0958112811887397	0.414583333333333	0.5	"mid"
"ENSDARG00000017602"	0.107556333340131	0.792727272727273	0.8	"mid"
"ENSDARG00000017605"	0.186602375822712	0.384333333333333	0.4	"mid"
"ENSDARG00000017606"	0.0435210955008117	0.831713286713287	0.9	"high"
"ENSDARG00000017612"	0.079850212693971	0.452884615384615	0.5	"mid"
"ENSDARG00000017617"	0.110138849499351	0.584583333333333	0.6	"mid"
"ENSDARG00000017634"	0.0885888886943832	0.485272727272727	0.5	"mid"
"ENSDARG00000017653"	0.124816762417615	0.722545454545455	0.8	"mid"
"ENSDARG00000017658"	0.0286053281840024	0.56531746031746	0.6	"mid"
"ENSDARG00000017659"	0.0342823918563963	0.423896103896104	0.5	"mid"
"ENSDARG00000017661"	0.0185986451939534	0.491287878787879	0.5	"mid"
"ENSDARG00000017675"	0.124544108013373	0.351363636363636	0.4	"mid"
"ENSDARG00000017676"	0.0556033577787548	0.642222222222222	0.7	"mid"
"ENSDARG00000017696"	0.0998984815815987	0.259818181818182	0.3	"mid"
"ENSDARG00000017703"	0.0515534896075025	0.347	0.4	"mid"
"ENSDARG00000017708"	0.123039228203582	0.430909090909091	0.5	"mid"
"ENSDARG00000017710"	0.0780974258980057	0.554545454545455	0.6	"mid"
"ENSDARG00000017728"	0.0372486583137969	0.33	0.4	"mid"
"ENSDARG00000017739"	0.0400013516236816	0.341111111111111	0.4	"mid"
"ENSDARG00000017740"	0.0382292488705334	0.333181818181818	0.4	"mid"
"ENSDARG00000017748"	0.106093573179663	0.628522727272727	0.7	"mid"
"ENSDARG00000017757"	0.0451630561630927	0.851227272727273	0.9	"high"
"ENSDARG00000017762"	0.0390980136190354	0.452361111111111	0.5	"mid"
"ENSDARG00000017780"	0.0567201473418519	0.8085	0.9	"high"
"ENSDARG00000017781"	0.0563615608217157	0.39875	0.4	"mid"
"ENSDARG00000017790"	0.0194118067092611	0.436363636363636	0.5	"mid"
"ENSDARG00000017794"	0.140252218299294	0.965833333333333	1	"high"
"ENSDARG00000017803"	0.0171921483896846	0.562272727272727	0.6	"mid"
"ENSDARG00000017809"	0.0749890188278772	0.261111111111111	0.3	"mid"
"ENSDARG00000017811"	0.0855933451188527	0.366111111111111	0.4	"mid"
"ENSDARG00000017813"	0.0819117465423529	0.223974358974359	0.3	"mid"
"ENSDARG00000017835"	0.0686712335849335	0.270641025641026	0.3	"mid"
"ENSDARG00000017841"	0.00887484507593831	0.177272727272727	0.2	"low"
"ENSDARG00000017842"	0.0229703211302688	0.301753246753247	0.4	"mid"
"ENSDARG00000017843"	0.0188705757343436	0.431022727272727	0.5	"mid"
"ENSDARG00000017844"	0.00947146761812308	0.392797619047619	0.4	"mid"
"ENSDARG00000017874"	0.0524740589335625	0.583611111111111	0.6	"mid"
"ENSDARG00000017880"	0.0438498349082895	0.571428571428571	0.6	"mid"
"ENSDARG00000017882"	0.127369047127787	0.501969696969697	0.6	"mid"
"ENSDARG00000017884"	0.0637730922976984	0.543143939393939	0.6	"mid"
"ENSDARG00000017886"	0.0445892667351556	0.343636363636364	0.4	"mid"
"ENSDARG00000017901"	0.0271109143266137	0.601111111111111	0.7	"mid"
"ENSDARG00000017905"	0.10088110840923	0.177722222222222	0.2	"low"
"ENSDARG00000017910"	0.0733312568728109	0.5	0.5	"mid"
"ENSDARG00000017928"	0.137814976949814	0.317777777777778	0.4	"mid"
"ENSDARG00000017929"	0.0830926167853323	0.445416666666667	0.5	"mid"
"ENSDARG00000017960"	0.027546205824935	0.381166666666667	0.4	"mid"
"ENSDARG00000017985"	0.13317999165752	0.332222222222222	0.4	"mid"
"ENSDARG00000017986"	0.0554844849083372	0.451363636363636	0.5	"mid"
"ENSDARG00000017988"	0.0690874881201372	0.428363636363636	0.5	"mid"
"ENSDARG00000018002"	0.116175209530886	0.545454545454545	0.6	"mid"
"ENSDARG00000018006"	0.096447416944736	0.709166666666667	0.8	"mid"
"ENSDARG00000018010"	0.0554264096076206	0.331666666666667	0.4	"mid"
"ENSDARG00000018022"	0.057320209082139	0.421969696969697	0.5	"mid"
"ENSDARG00000018025"	0.0366006889228661	0.386954545454545	0.4	"mid"
"ENSDARG00000018047"	0.0317238042426893	0.286666666666667	0.3	"mid"
"ENSDARG00000018048"	0.0843877086389798	0.514055555555555	0.6	"mid"
"ENSDARG00000018060"	0.0420721589049578	0.284285714285714	0.3	"mid"
"ENSDARG00000018061"	0.0881484412381867	0.4355	0.5	"mid"
"ENSDARG00000018069"	0.112517786850155	0.665952380952381	0.7	"mid"
"ENSDARG00000018073"	0.135858539580849	0.468722222222222	0.5	"mid"
"ENSDARG00000018105"	0.0790365003532829	0.875833333333333	0.9	"high"
"ENSDARG00000018106"	0.0881728831940922	0.3125	0.4	"mid"
"ENSDARG00000018110"	0.0283376561617416	0.370454545454545	0.4	"mid"
"ENSDARG00000018121"	0.112476847563961	0.414	0.5	"mid"
"ENSDARG00000018124"	0.0146621171512186	0.793333333333333	0.8	"mid"
"ENSDARG00000018145"	0.0382424171977291	0.668434343434343	0.7	"mid"
"ENSDARG00000018146"	0.0833021397253184	0.534166666666667	0.6	"mid"
"ENSDARG00000018149"	0.0771865581894266	0.869666666666667	0.9	"high"
"ENSDARG00000018159"	0.108421190991674	0.568333333333333	0.6	"mid"
"ENSDARG00000018174"	0.0200167474331154	0.317575757575758	0.4	"mid"
"ENSDARG00000018178"	0.078088298353949	0.408522727272727	0.5	"mid"
"ENSDARG00000018179"	0.0460633450529283	0.5625	0.6	"mid"
"ENSDARG00000018181"	0.116384750506438	0.327301587301587	0.4	"mid"
"ENSDARG00000018190"	0.00762509061995077	0.166	0.2	"low"
"ENSDARG00000018206"	0.0393641843444738	0.2725	0.3	"mid"
"ENSDARG00000018241"	0.025204580731826	0.549545454545455	0.6	"mid"
"ENSDARG00000018257"	0.099891178504448	0.405909090909091	0.5	"mid"
"ENSDARG00000018259"	0.0174793012132355	0.154136363636364	0.2	"low"
"ENSDARG00000018263"	0.136133275561053	0.734772727272727	0.8	"mid"
"ENSDARG00000018270"	0.0215981398904236	0.287727272727273	0.3	"mid"
"ENSDARG00000018283"	0.0832041869372081	0.781538461538462	0.8	"mid"
"ENSDARG00000018285"	0.0354266393293749	0.800045454545455	0.9	"high"
"ENSDARG00000018303"	0.0676907295655525	0.415454545454545	0.5	"mid"
"ENSDARG00000018312"	0.102526931584375	0.504545454545455	0.6	"mid"
"ENSDARG00000018319"	0.0194418274760058	0.230606060606061	0.3	"mid"
"ENSDARG00000018325"	0.0301192426242595	0.544388888888889	0.6	"mid"
"ENSDARG00000018328"	0.0188649854526792	0.345151515151515	0.4	"mid"
"ENSDARG00000018351"	0.0464887791593089	0.972409090909091	1	"high"
"ENSDARG00000018361"	0.134922305583723	0.831388888888889	0.9	"high"
"ENSDARG00000018382"	0.0495157889495241	0.38875	0.4	"mid"
"ENSDARG00000018383"	0.0546253534300914	0.488888888888889	0.5	"mid"
"ENSDARG00000018393"	0.0536505443552363	0.388181818181818	0.4	"mid"
"ENSDARG00000018411"	0.0515931276093607	0.532727272727273	0.6	"mid"
"ENSDARG00000018423"	0.0463666612388993	0.347840909090909	0.4	"mid"
"ENSDARG00000018425"	0.0245920484573003	0.413571428571429	0.5	"mid"
"ENSDARG00000018426"	0.0538751297835394	0.302083333333333	0.4	"mid"
"ENSDARG00000018432"	0.130074864786927	0.536212121212121	0.6	"mid"
"ENSDARG00000018459"	0.0750693566249494	0.667	0.7	"mid"
"ENSDARG00000018460"	0.0607320434597104	0.280863636363636	0.3	"mid"
"ENSDARG00000018461"	0.0781754240781979	0.5425	0.6	"mid"
"ENSDARG00000018476"	0.0239595974525144	0.156931818181818	0.2	"low"
"ENSDARG00000018478"	0.105190612014602	0.792409090909091	0.8	"mid"
"ENSDARG00000018485"	0.176292632179201	0.698727272727273	0.7	"mid"
"ENSDARG00000018491"	0.0767360027298532	0.463333333333333	0.5	"mid"
"ENSDARG00000018492"	0.0506984107575885	0.915	1	"high"
"ENSDARG00000018494"	0.0987253422522633	0.743251748251748	0.8	"mid"
"ENSDARG00000018508"	0.0597471483372185	0.351666666666667	0.4	"mid"
"ENSDARG00000018524"	0.0573050211916424	0.902867132867133	1	"high"
"ENSDARG00000018529"	0.135189880613228	0.3835	0.4	"mid"
"ENSDARG00000018534"	0.0282792825162387	0.520909090909091	0.6	"mid"
"ENSDARG00000018542"	0.0367706103390966	0.769204545454546	0.8	"mid"
"ENSDARG00000018553"	0.13072249454629	0.618	0.7	"mid"
"ENSDARG00000018559"	0.0731207018700918	0.317142857142857	0.4	"mid"
"ENSDARG00000018562"	0.0431530741833889	0.381818181818182	0.4	"mid"
"ENSDARG00000018566"	0.0451607449180719	0.801818181818182	0.9	"high"
"ENSDARG00000018569"	0.176999846255858	0.553545454545455	0.6	"mid"
"ENSDARG00000018574"	0.0210766810860696	0.621916666666667	0.7	"mid"
"ENSDARG00000018593"	0.0792311597417844	0.234545454545455	0.3	"mid"
"ENSDARG00000018600"	0.141587628211489	0.368863636363636	0.4	"mid"
"ENSDARG00000018602"	0.0214797156233886	0.375606060606061	0.4	"mid"
"ENSDARG00000018618"	0.0325848027232099	0.419015151515152	0.5	"mid"
"ENSDARG00000018621"	0.0859381964068421	0.793055555555556	0.8	"mid"
"ENSDARG00000018623"	0.0369434050688678	0.275454545454545	0.3	"mid"
"ENSDARG00000018627"	0.0232612291214115	0.275	0.3	"mid"
"ENSDARG00000018650"	0.0685006074969961	0.507611111111111	0.6	"mid"
"ENSDARG00000018658"	0.0807562451551527	0.524350649350649	0.6	"mid"
"ENSDARG00000018681"	0.149939304055081	0.290795454545455	0.3	"mid"
"ENSDARG00000018688"	0.0580446813910799	0.838376623376623	0.9	"high"
"ENSDARG00000018691"	0.0439964528055123	0.333636363636364	0.4	"mid"
"ENSDARG00000018693"	0.0478894179388304	0.627333333333333	0.7	"mid"
"ENSDARG00000018698"	0.0215052466846423	0.292777777777778	0.3	"mid"
"ENSDARG00000018738"	0.104872451922635	0.360252525252525	0.4	"mid"
"ENSDARG00000018742"	0.0609366727787029	0.18531746031746	0.2	"low"
"ENSDARG00000018750"	0.0626941611593882	0.342727272727273	0.4	"mid"
"ENSDARG00000018757"	0.0617886706692733	0.806666666666667	0.9	"high"
"ENSDARG00000018765"	0.0436470713049514	0.352272727272727	0.4	"mid"
"ENSDARG00000018782"	0.065889410697849	0.598333333333333	0.6	"mid"
"ENSDARG00000018787"	0.0804187985655282	0.837818181818182	0.9	"high"
"ENSDARG00000018809"	0.0650655402907071	0.624343434343434	0.7	"mid"
"ENSDARG00000018814"	0.0621072652263477	0.446444444444444	0.5	"mid"
"ENSDARG00000018817"	0.0345358428809967	0.683106060606061	0.7	"mid"
"ENSDARG00000018825"	0.0370086686815588	0.28	0.3	"mid"
"ENSDARG00000018840"	0.037120598889516	0.225952380952381	0.3	"mid"
"ENSDARG00000018846"	0.0664570200769624	0.842727272727273	0.9	"high"
"ENSDARG00000018853"	0.0553238930901664	0.270888888888889	0.3	"mid"
"ENSDARG00000018856"	0.0508721447257575	0.322272727272727	0.4	"mid"
"ENSDARG00000018882"	0.0770175289152741	0.194727272727273	0.2	"low"
"ENSDARG00000018890"	0.0206043990055233	0.406666666666667	0.5	"mid"
"ENSDARG00000018891"	0.0699128034072171	0.489444444444444	0.5	"mid"
"ENSDARG00000018898"	0.0516745332678273	0.711136363636364	0.8	"mid"
"ENSDARG00000018902"	0.0555931906720591	0.3745	0.4	"mid"
"ENSDARG00000018903"	0.0926792318986836	0.710189393939394	0.8	"mid"
"ENSDARG00000018904"	0.0199609315816967	0.354365079365079	0.4	"mid"
"ENSDARG00000018918"	0.135875691222744	0.454545454545455	0.5	"mid"
"ENSDARG00000018921"	0.0405059798892964	0.463636363636364	0.5	"mid"
"ENSDARG00000018936"	0.0751891395652236	0.578846153846154	0.6	"mid"
"ENSDARG00000018944"	0.0701957489996703	0.738888888888889	0.8	"mid"
"ENSDARG00000018953"	0.104107609191419	0.69125	0.7	"mid"
"ENSDARG00000018956"	0.0316305623421881	0.261666666666667	0.3	"mid"
"ENSDARG00000018958"	0.00958007202644692	0.434356060606061	0.5	"mid"
"ENSDARG00000018961"	0.0297945628038238	0.268333333333333	0.3	"mid"
"ENSDARG00000018966"	0.0576123761417317	0.335833333333333	0.4	"mid"
"ENSDARG00000018968"	0.0299623815993877	0.520454545454546	0.6	"mid"
"ENSDARG00000018971"	0.0888812303356617	0.645555555555556	0.7	"mid"
"ENSDARG00000018973"	0.0214625250828862	0.439807692307692	0.5	"mid"
"ENSDARG00000018976"	0.0464325725491238	0.416666666666667	0.5	"mid"
"ENSDARG00000018980"	0.0768602040056101	0.8575	0.9	"high"
"ENSDARG00000018984"	0.048141284794709	0.550833333333333	0.6	"mid"
"ENSDARG00000018985"	0.0211584365091293	0.551166666666667	0.6	"mid"
"ENSDARG00000018989"	0.0637778962653462	0.28425	0.3	"mid"
"ENSDARG00000018997"	0.0218264789613645	0.340972222222222	0.4	"mid"
"ENSDARG00000019004"	0.0109869493450588	0.23	0.3	"mid"
"ENSDARG00000019008"	0.0370888378122411	0.865590909090909	0.9	"high"
"ENSDARG00000019025"	0.0704343017266011	0.461818181818182	0.5	"mid"
"ENSDARG00000019033"	0.0832610140107128	0.262159090909091	0.3	"mid"
"ENSDARG00000019038"	0.0305702034085602	0.280363636363636	0.3	"mid"
"ENSDARG00000019060"	0.0284741123538884	0.203333333333333	0.3	"mid"
"ENSDARG00000019062"	0.0356638779226705	0.623333333333333	0.7	"mid"
"ENSDARG00000019081"	0.137016444819316	0.448	0.5	"mid"
"ENSDARG00000019098"	0.109141005044492	0.647651515151515	0.7	"mid"
"ENSDARG00000019103"	0.0658261603941266	0.279545454545455	0.3	"mid"
"ENSDARG00000019113"	0.0189734142355899	0.219318181818182	0.3	"mid"
"ENSDARG00000019117"	0.0421104806603018	0.343525641025641	0.4	"mid"
"ENSDARG00000019128"	0.0315249357047487	0.732833333333333	0.8	"mid"
"ENSDARG00000019130"	0.0377948049818871	0.70025	0.8	"mid"
"ENSDARG00000019137"	0.0810023704561155	0.410909090909091	0.5	"mid"
"ENSDARG00000019144"	0.0122309806415848	0.297272727272727	0.3	"mid"
"ENSDARG00000019156"	0.180569368243237	0.519090909090909	0.6	"mid"
"ENSDARG00000019191"	0.0631660481616775	0.296083333333333	0.3	"mid"
"ENSDARG00000019195"	0.0872329798805402	0.351428571428571	0.4	"mid"
"ENSDARG00000019205"	0.0441202813625463	0.172142857142857	0.2	"low"
"ENSDARG00000019213"	0.0167455319698835	0.393205128205128	0.4	"mid"
"ENSDARG00000019222"	0.0988869827457411	0.426666666666667	0.5	"mid"
"ENSDARG00000019233"	0.0905603398358485	0.618888888888889	0.7	"mid"
"ENSDARG00000019235"	0.0312365846391137	0.463636363636364	0.5	"mid"
"ENSDARG00000019239"	0.0065732542531417	0.199166666666667	0.2	"low"
"ENSDARG00000019253"	0.0845996264252405	0.371666666666667	0.4	"mid"
"ENSDARG00000019260"	0.103927439148818	0.486363636363636	0.5	"mid"
"ENSDARG00000019265"	0.0629013535759094	0.423181818181818	0.5	"mid"
"ENSDARG00000019274"	0.032451700056905	0.804615384615385	0.9	"high"
"ENSDARG00000019293"	0.0338846903013769	0.689222222222222	0.7	"mid"
"ENSDARG00000019299"	0.0661460456588715	0.394090909090909	0.4	"mid"
"ENSDARG00000019300"	0.0449996809988303	0.404285714285714	0.5	"mid"
"ENSDARG00000019302"	0.0406516505810904	0.77125	0.8	"mid"
"ENSDARG00000019326"	0.0159414399901409	0.445	0.5	"mid"
"ENSDARG00000019332"	0.222278133526171	0.519166666666667	0.6	"mid"
"ENSDARG00000019335"	0.0833694545870226	0.462402597402597	0.5	"mid"
"ENSDARG00000019338"	0.0722043671642898	0.370324675324675	0.4	"mid"
"ENSDARG00000019339"	0.0875415096287083	0.565454545454545	0.6	"mid"
"ENSDARG00000019341"	0.0942064248238245	0.689583333333333	0.7	"mid"
"ENSDARG00000019345"	0.0385035299164932	0.402094017094017	0.5	"mid"
"ENSDARG00000019355"	0.0705601429630731	0.730642857142857	0.8	"mid"
"ENSDARG00000019360"	0.0299611033069275	0.764444444444444	0.8	"mid"
"ENSDARG00000019362"	0.0438459588874077	0.300757575757576	0.4	"mid"
"ENSDARG00000019364"	0.0868602955865368	0.473636363636364	0.5	"mid"
"ENSDARG00000019371"	0.132806246133214	0.6725	0.7	"mid"
"ENSDARG00000019383"	0.0531667611677813	0.464444444444444	0.5	"mid"
"ENSDARG00000019392"	0.0248896851558729	0.55	0.6	"mid"
"ENSDARG00000019396"	0.0920318907940434	0.651398601398601	0.7	"mid"
"ENSDARG00000019398"	0.0284684692305016	0.519292929292929	0.6	"mid"
"ENSDARG00000019406"	0.0671474541913291	0.344318181818182	0.4	"mid"
"ENSDARG00000019417"	0.0644834058016747	0.964305555555556	1	"high"
"ENSDARG00000019420"	0.0580008357726848	0.6135	0.7	"mid"
"ENSDARG00000019426"	0.0276038842720633	0.360909090909091	0.4	"mid"
"ENSDARG00000019438"	0.0510052597310231	0.551818181818182	0.6	"mid"
"ENSDARG00000019459"	0.0775164508916429	0.538504273504274	0.6	"mid"
"ENSDARG00000019484"	0.0467818903001942	0.325454545454545	0.4	"mid"
"ENSDARG00000019487"	0.103347415176717	0.223642857142857	0.3	"mid"
"ENSDARG00000019496"	0.0701924773093173	0.485454545454545	0.5	"mid"
"ENSDARG00000019498"	0.0803369342521209	0.651818181818182	0.7	"mid"
"ENSDARG00000019501"	0.0396926418093403	0.382857142857143	0.4	"mid"
"ENSDARG00000019503"	0.123487531677346	0.3295	0.4	"mid"
"ENSDARG00000019507"	0.0290739034578947	0.69	0.7	"mid"
"ENSDARG00000019521"	0.136029026699553	0.770909090909091	0.8	"mid"
"ENSDARG00000019529"	0.0553716722038157	0.509861111111111	0.6	"mid"
"ENSDARG00000019530"	0.0747115676967816	0.470454545454545	0.5	"mid"
"ENSDARG00000019532"	0.0892420103373135	0.863333333333333	0.9	"high"
"ENSDARG00000019541"	0.062981806829746	0.395454545454545	0.4	"mid"
"ENSDARG00000019556"	0.0311114187535083	0.402323232323232	0.5	"mid"
"ENSDARG00000019566"	0.0334666273569136	0.240454545454545	0.3	"mid"
"ENSDARG00000019572"	0.0406921608455769	0.526428571428571	0.6	"mid"
"ENSDARG00000019579"	0.0313949304610634	0.329681818181818	0.4	"mid"
"ENSDARG00000019596"	0.0558898548501598	0.2365	0.3	"mid"
"ENSDARG00000019613"	0.0509796551806006	0.68020202020202	0.7	"mid"
"ENSDARG00000019636"	0.0611695596628456	0.348863636363636	0.4	"mid"
"ENSDARG00000019646"	0.0248451056921715	0.614621212121212	0.7	"mid"
"ENSDARG00000019686"	0.119909977121412	0.762	0.8	"mid"
"ENSDARG00000019693"	0.0384905727701721	0.42225	0.5	"mid"
"ENSDARG00000019702"	0.047412668082124	0.420656565656566	0.5	"mid"
"ENSDARG00000019706"	0.0513332467983192	0.703076923076923	0.8	"mid"
"ENSDARG00000019707"	0.0687658598587746	0.42969696969697	0.5	"mid"
"ENSDARG00000019715"	0.0646536649687183	0.3535	0.4	"mid"
"ENSDARG00000019717"	0.025466927616999	0.244409090909091	0.3	"mid"
"ENSDARG00000019728"	0.0354324080676767	0.250454545454545	0.3	"mid"
"ENSDARG00000019732"	0.0648700930907833	0.408	0.5	"mid"
"ENSDARG00000019746"	0.0549768334065028	0.639192307692308	0.7	"mid"
"ENSDARG00000019763"	0.0782533763748603	0.661111111111111	0.7	"mid"
"ENSDARG00000019765"	0.0247635499330251	0.465178571428571	0.5	"mid"
"ENSDARG00000019772"	0.151244534413138	0.643333333333333	0.7	"mid"
"ENSDARG00000019834"	0.0420578844024862	0.478272727272727	0.5	"mid"
"ENSDARG00000019838"	0.020134724201261	0.656	0.7	"mid"
"ENSDARG00000019842"	0.0295250223024373	0.232301587301587	0.3	"mid"
"ENSDARG00000019845"	0.0719882872859402	0.546863636363636	0.6	"mid"
"ENSDARG00000019856"	0.0420678326997034	0.302857142857143	0.4	"mid"
"ENSDARG00000019861"	0.120088287979603	0.4625	0.5	"mid"
"ENSDARG00000019877"	0.100120412914805	0.427769230769231	0.5	"mid"
"ENSDARG00000019881"	0.119996053502885	0.449166666666667	0.5	"mid"
"ENSDARG00000019897"	0.0569618290451331	0.406666666666667	0.5	"mid"
"ENSDARG00000019902"	0.0511883225148786	0.265634920634921	0.3	"mid"
"ENSDARG00000019907"	0.0997150056018853	0.745454545454545	0.8	"mid"
"ENSDARG00000019924"	0.0631348823323531	0.348083333333333	0.4	"mid"
"ENSDARG00000019941"	0.0549689279336068	0.218954545454545	0.3	"mid"
"ENSDARG00000019949"	0.0620365182618454	0.945555555555555	1	"high"
"ENSDARG00000019961"	0.0515219907097981	0.348833333333333	0.4	"mid"
"ENSDARG00000019962"	0.0377254600440702	0.4025	0.5	"mid"
"ENSDARG00000019969"	0.0154566890705934	0.351944444444444	0.4	"mid"
"ENSDARG00000019976"	0.107308621284286	0.645909090909091	0.7	"mid"
"ENSDARG00000019986"	0.0626304918325459	0.695151515151515	0.7	"mid"
"ENSDARG00000019995"	0.0486872841667371	0.503333333333333	0.6	"mid"
"ENSDARG00000019998"	0.0319297271555322	0.398712121212121	0.4	"mid"
"ENSDARG00000020000"	0.0504564047443923	0.494861111111111	0.5	"mid"
"ENSDARG00000020015"	0.103137508089433	0.553730769230769	0.6	"mid"
"ENSDARG00000020024"	0.102364636056939	0.369045454545455	0.4	"mid"
"ENSDARG00000020031"	0.0784330132114951	0.699583333333333	0.7	"mid"
"ENSDARG00000020041"	0.0406471832616849	0.281909090909091	0.3	"mid"
"ENSDARG00000020043"	0.0100287506213647	0.286	0.3	"mid"
"ENSDARG00000020072"	0.0571295905918061	0.81	0.9	"high"
"ENSDARG00000020077"	0.0639140703310778	0.412222222222222	0.5	"mid"
"ENSDARG00000020079"	0.123595386508203	0.452222222222222	0.5	"mid"
"ENSDARG00000020101"	0.00171388657439542	0.1225	0.2	"low"
"ENSDARG00000020114"	0.0479522353497559	0.633636363636364	0.7	"mid"
"ENSDARG00000020123"	0.0564026240531615	0.704333333333333	0.8	"mid"
"ENSDARG00000020131"	0.0401229001543078	0.364700854700855	0.4	"mid"
"ENSDARG00000020134"	0.0539748737335793	0.35	0.4	"mid"
"ENSDARG00000020136"	0.0863308478914481	0.491818181818182	0.5	"mid"
"ENSDARG00000020143"	0.0556501814175968	0.748214285714286	0.8	"mid"
"ENSDARG00000020158"	0.120838318894686	0.572727272727273	0.6	"mid"
"ENSDARG00000020164"	0.0753209598362878	0.523318181818182	0.6	"mid"
"ENSDARG00000020201"	0.0177993559707242	0.236805555555556	0.3	"mid"
"ENSDARG00000020204"	0.0226149447120104	0.306666666666667	0.4	"mid"
"ENSDARG00000020212"	0.0675214192412468	0.625	0.7	"mid"
"ENSDARG00000020217"	0.0184254160839111	0.338531468531469	0.4	"mid"
"ENSDARG00000020218"	0.0433658267539768	0.310333333333333	0.4	"mid"
"ENSDARG00000020219"	0.0444549869105276	0.417272727272727	0.5	"mid"
"ENSDARG00000020232"	0.018615802332903	0.506	0.6	"mid"
"ENSDARG00000020235"	0.0353065453398034	0.388535353535354	0.4	"mid"
"ENSDARG00000020239"	0.0610188654854935	0.875333333333333	0.9	"high"
"ENSDARG00000020241"	0.0606313671048311	0.3525	0.4	"mid"
"ENSDARG00000020252"	0.0265570039913409	0.457380952380952	0.5	"mid"
"ENSDARG00000020258"	0.0702599238057105	0.555636363636364	0.6	"mid"
"ENSDARG00000020278"	0.0416712258324726	0.340568181818182	0.4	"mid"
"ENSDARG00000020279"	0.160385306593906	0.295037878787879	0.3	"mid"
"ENSDARG00000020284"	0.0573166805735427	0.55425	0.6	"mid"
"ENSDARG00000020292"	0.0386016103542453	0.62125	0.7	"mid"
"ENSDARG00000020298"	0.0426929817841411	0.870909090909091	0.9	"high"
"ENSDARG00000020301"	0.064672222675241	0.366136363636364	0.4	"mid"
"ENSDARG00000020311"	0.0204492988371698	0.45520202020202	0.5	"mid"
"ENSDARG00000020326"	0.0982258424301414	0.393333333333333	0.4	"mid"
"ENSDARG00000020328"	0.0743397542071102	0.491931818181818	0.5	"mid"
"ENSDARG00000020334"	0.0123192890664616	0.250555555555556	0.3	"mid"
"ENSDARG00000020345"	0.0401122673434722	0.218888888888889	0.3	"mid"
"ENSDARG00000020363"	0.0475791380608134	0.541818181818182	0.6	"mid"
"ENSDARG00000020364"	0.0613384133818336	0.911318181818182	1	"high"
"ENSDARG00000020371"	0.124403730983037	0.261428571428571	0.3	"mid"
"ENSDARG00000020387"	0.0911097802334826	0.382878787878788	0.4	"mid"
"ENSDARG00000020397"	0.0863688318595369	0.37375	0.4	"mid"
"ENSDARG00000020405"	0.0471536718111	0.27625	0.3	"mid"
"ENSDARG00000020442"	0.0460476394557128	0.281944444444444	0.3	"mid"
"ENSDARG00000020447"	0.0621141769942271	0.611818181818182	0.7	"mid"
"ENSDARG00000020448"	0.0802601049400104	0.387916666666667	0.4	"mid"
"ENSDARG00000020449"	0.0326715008355109	0.471363636363636	0.5	"mid"
"ENSDARG00000020454"	0.0260849261107058	0.316666666666667	0.4	"mid"
"ENSDARG00000020473"	0.0722631568706499	0.455050505050505	0.5	"mid"
"ENSDARG00000020475"	0.0355514878383376	0.31675	0.4	"mid"
"ENSDARG00000020482"	0.0300880949600493	0.416919191919192	0.5	"mid"
"ENSDARG00000020493"	0.0518296070039422	0.31125	0.4	"mid"
"ENSDARG00000020494"	0.0383521455484969	0.4345	0.5	"mid"
"ENSDARG00000020497"	0.0166865970913647	0.586931818181818	0.6	"mid"
"ENSDARG00000020529"	0.0624468813118937	0.523426573426573	0.6	"mid"
"ENSDARG00000020541"	0.0408746194092281	0.657878787878788	0.7	"mid"
"ENSDARG00000020544"	0.0508314848159192	0.495	0.5	"mid"
"ENSDARG00000020573"	0.0436673170615982	0.437090909090909	0.5	"mid"
"ENSDARG00000020574"	0.0256917573744369	0.556363636363636	0.6	"mid"
"ENSDARG00000020595"	0.0750972649121855	0.457590909090909	0.5	"mid"
"ENSDARG00000020596"	0.0950077062109372	0.342272727272727	0.4	"mid"
"ENSDARG00000020602"	0.101196119887996	0.443611111111111	0.5	"mid"
"ENSDARG00000020607"	0.00904101891400689	0.275974025974026	0.3	"mid"
"ENSDARG00000020609"	0.0270279071017063	0.268863636363636	0.3	"mid"
"ENSDARG00000020610"	0.0458179451216657	0.962222222222222	1	"high"
"ENSDARG00000020618"	0.0641736004178706	0.416666666666667	0.5	"mid"
"ENSDARG00000020621"	0.0167779608172727	0.247626262626263	0.3	"mid"
"ENSDARG00000020623"	0.11768068374825	0.386174242424242	0.4	"mid"
"ENSDARG00000020625"	0.0752206603596133	0.513166666666667	0.6	"mid"
"ENSDARG00000020642"	0.0809871929763839	0.402537878787879	0.5	"mid"
"ENSDARG00000020645"	0.137396984329208	0.848611111111111	0.9	"high"
"ENSDARG00000020676"	0.0596177698593957	0.385454545454545	0.4	"mid"
"ENSDARG00000020679"	0.0141547302138456	0.648785714285714	0.7	"mid"
"ENSDARG00000020693"	0.0425056010425445	0.689	0.7	"mid"
"ENSDARG00000020699"	0.0210415816627829	0.536515151515152	0.6	"mid"
"ENSDARG00000020702"	0.139189897071886	0.435	0.5	"mid"
"ENSDARG00000020708"	0.107996389217187	0.42125	0.5	"mid"
"ENSDARG00000020730"	0.0809625567503555	0.469318181818182	0.5	"mid"
"ENSDARG00000020741"	0.148755816494231	0.960075757575757	1	"high"
"ENSDARG00000020749"	0.149251169410939	0.672727272727273	0.7	"mid"
"ENSDARG00000020758"	0.0391183109969976	0.662638888888889	0.7	"mid"
"ENSDARG00000020759"	0.076965966084839	0.406439393939394	0.5	"mid"
"ENSDARG00000020761"	0.0581798960819849	0.788	0.8	"mid"
"ENSDARG00000020764"	0.153496794985297	0.361818181818182	0.4	"mid"
"ENSDARG00000020771"	0.0720685822762285	0.492222222222222	0.5	"mid"
"ENSDARG00000020785"	0.119293896318412	0.575984848484848	0.6	"mid"
"ENSDARG00000020788"	0.137197516884306	0.605833333333333	0.7	"mid"
"ENSDARG00000020795"	0.0012255023458868	0.409363636363636	0.5	"mid"
"ENSDARG00000020798"	0.0652505334374232	0.275555555555556	0.3	"mid"
"ENSDARG00000020811"	0.0447398065965857	0.547517482517482	0.6	"mid"
"ENSDARG00000020820"	0.0370801530966281	0.449545454545455	0.5	"mid"
"ENSDARG00000020822"	0.102959254604795	0.417272727272727	0.5	"mid"
"ENSDARG00000020840"	0.0235220823955245	0.178896103896104	0.2	"low"
"ENSDARG00000020847"	0.0322961815009322	0.427423076923077	0.5	"mid"
"ENSDARG00000020871"	0.0874767898861542	0.390909090909091	0.4	"mid"
"ENSDARG00000020872"	0.112776015533765	0.538181818181818	0.6	"mid"
"ENSDARG00000020876"	0.0494463063468161	0.90959595959596	1	"high"
"ENSDARG00000020887"	0.0801001749490808	0.600252525252525	0.7	"mid"
"ENSDARG00000020890"	0.0554281412584478	0.720833333333333	0.8	"mid"
"ENSDARG00000020893"	0.0526495299766858	0.662992424242424	0.7	"mid"
"ENSDARG00000020895"	0.116816609448527	0.270928571428571	0.3	"mid"
"ENSDARG00000020898"	0.13091029280436	0.335833333333333	0.4	"mid"
"ENSDARG00000020913"	0.0584730145095391	0.491287878787879	0.5	"mid"
"ENSDARG00000020924"	0.0659599130276738	0.602136363636364	0.7	"mid"
"ENSDARG00000020929"	0.0367303158385891	0.20925	0.3	"mid"
"ENSDARG00000020944"	0.0720679870503323	0.495	0.5	"mid"
"ENSDARG00000020948"	0.0472836939281887	0.5025	0.6	"mid"
"ENSDARG00000020953"	0.0963677901061404	0.398974358974359	0.4	"mid"
"ENSDARG00000020956"	0.0424803773803483	0.696	0.7	"mid"
"ENSDARG00000020960"	0.0298508415844146	0.830454545454545	0.9	"high"
"ENSDARG00000020976"	0.0496096642052695	0.678857142857143	0.7	"mid"
"ENSDARG00000020979"	0.11722493233701	0.438686868686869	0.5	"mid"
"ENSDARG00000020982"	0.0351859795165452	0.619090909090909	0.7	"mid"
"ENSDARG00000020984"	0.0772329551513602	0.774861111111111	0.8	"mid"
"ENSDARG00000020986"	0.032546758037118	0.545	0.6	"mid"
"ENSDARG00000021004"	0.184674091938179	0.72	0.8	"mid"
"ENSDARG00000021021"	0.164187953619416	0.390454545454545	0.4	"mid"
"ENSDARG00000021022"	0.0791590144995428	0.356648351648352	0.4	"mid"
"ENSDARG00000021032"	0.0210627594014318	0.559090909090909	0.6	"mid"
"ENSDARG00000021046"	0.145363725526138	0.337083333333333	0.4	"mid"
"ENSDARG00000021048"	0.0786013143426469	0.213632478632479	0.3	"mid"
"ENSDARG00000021059"	0.0574267129348525	0.730448717948718	0.8	"mid"
"ENSDARG00000021082"	0.0762656028519991	0.561538461538462	0.6	"mid"
"ENSDARG00000021097"	0.0119232134540421	0.301714285714286	0.4	"mid"
"ENSDARG00000021112"	0.103608011648575	0.693571428571429	0.7	"mid"
"ENSDARG00000021120"	0.133366193574305	0.397777777777778	0.4	"mid"
"ENSDARG00000021135"	0.0909154138305489	0.475934065934066	0.5	"mid"
"ENSDARG00000021141"	0.0262882870784038	0.363333333333333	0.4	"mid"
"ENSDARG00000021147"	0.087833391341267	0.637424242424242	0.7	"mid"
"ENSDARG00000021149"	0.111567096207025	0.378237179487179	0.4	"mid"
"ENSDARG00000021151"	0.0408966952489538	0.281666666666667	0.3	"mid"
"ENSDARG00000021163"	0.0266271207131275	0.330454545454545	0.4	"mid"
"ENSDARG00000021172"	0.169233546213776	0.792857142857143	0.8	"mid"
"ENSDARG00000021177"	0.0531635809714312	0.376363636363636	0.4	"mid"
"ENSDARG00000021195"	0.159568555176461	0.452307692307692	0.5	"mid"
"ENSDARG00000021200"	0.0416074117829992	0.270757575757576	0.3	"mid"
"ENSDARG00000021209"	0.0257043755366888	0.559090909090909	0.6	"mid"
"ENSDARG00000021220"	0.0577896214581878	0.426923076923077	0.5	"mid"
"ENSDARG00000021225"	0.0137250131912275	0.206410256410256	0.3	"mid"
"ENSDARG00000021233"	0.0939598639085361	0.545643939393939	0.6	"mid"
"ENSDARG00000021239"	0.0954101099879542	0.742361111111111	0.8	"mid"
"ENSDARG00000021242"	0.0430750151367823	0.463290598290598	0.5	"mid"
"ENSDARG00000021250"	0.0739589408791704	0.715	0.8	"mid"
"ENSDARG00000021265"	0.0587257502876603	0.809444444444444	0.9	"high"
"ENSDARG00000021287"	0.016684602886222	0.681818181818182	0.7	"mid"
"ENSDARG00000021309"	0.0188645627322086	0.370681818181818	0.4	"mid"
"ENSDARG00000021324"	0.121080002185012	0.205863636363636	0.3	"mid"
"ENSDARG00000021339"	0.0976169237559613	0.822727272727273	0.9	"high"
"ENSDARG00000021343"	0.0636616608768835	0.460656565656566	0.5	"mid"
"ENSDARG00000021352"	0.0309856443119786	0.247272727272727	0.3	"mid"
"ENSDARG00000021366"	0.0613383302130871	0.380793650793651	0.4	"mid"
"ENSDARG00000021370"	0.0360226665911151	0.418522727272727	0.5	"mid"
"ENSDARG00000021374"	0.0332339383257055	0.339545454545455	0.4	"mid"
"ENSDARG00000021378"	0.0724619706625738	0.651166666666667	0.7	"mid"
"ENSDARG00000021383"	0.0623654938111568	0.527884615384615	0.6	"mid"
"ENSDARG00000021389"	0.0927866892815321	0.416666666666667	0.5	"mid"
"ENSDARG00000021398"	0.175271459986231	0.2125	0.3	"mid"
"ENSDARG00000021399"	0.0995209364489195	0.512167832167832	0.6	"mid"
"ENSDARG00000021402"	0.147823365929551	0.385	0.4	"mid"
"ENSDARG00000021404"	0.0782617816504589	0.266794871794872	0.3	"mid"
"ENSDARG00000021405"	0.0185641239702958	0.48	0.5	"mid"
"ENSDARG00000021408"	0.0903857773513721	0.381853146853147	0.4	"mid"
"ENSDARG00000021433"	0.104457205313321	0.256363636363636	0.3	"mid"
"ENSDARG00000021439"	0.112228482906431	0.670604395604396	0.7	"mid"
"ENSDARG00000021442"	0.0418341293661679	0.680909090909091	0.7	"mid"
"ENSDARG00000021455"	0.0439091587955687	0.454545454545455	0.5	"mid"
"ENSDARG00000021462"	0.0871385216938257	0.637777777777778	0.7	"mid"
"ENSDARG00000021480"	0.0680728772370625	0.77	0.8	"mid"
"ENSDARG00000021483"	0.0998782450986866	0.275138888888889	0.3	"mid"
"ENSDARG00000021488"	0.0164387672052018	0.460378787878788	0.5	"mid"
"ENSDARG00000021494"	0.0225641771807611	0.537272727272727	0.6	"mid"
"ENSDARG00000021509"	0.0756015400788956	0.436688311688312	0.5	"mid"
"ENSDARG00000021521"	0.125395819958068	0.712	0.8	"mid"
"ENSDARG00000021539"	0.023228424014519	0.275555555555556	0.3	"mid"
"ENSDARG00000021547"	0.116015709720795	0.335	0.4	"mid"
"ENSDARG00000021556"	0.0280348809507223	0.61375	0.7	"mid"
"ENSDARG00000021569"	0.0572309860753097	0.451166666666667	0.5	"mid"
"ENSDARG00000021579"	0.067200966958345	0.47020202020202	0.5	"mid"
"ENSDARG00000021582"	0.0633565081367199	0.435	0.5	"mid"
"ENSDARG00000021590"	0.0394291752227979	0.256401515151515	0.3	"mid"
"ENSDARG00000021595"	0.0315463771790542	0.315	0.4	"mid"
"ENSDARG00000021607"	0.0860890827390238	0.372	0.4	"mid"
"ENSDARG00000021633"	0.0556017362151484	0.479	0.5	"mid"
"ENSDARG00000021647"	0.0143093341886053	0.409090909090909	0.5	"mid"
"ENSDARG00000021664"	0.0390233401625565	0.546363636363636	0.6	"mid"
"ENSDARG00000021677"	0.244531831401799	0.561944444444444	0.6	"mid"
"ENSDARG00000021681"	0.109431541711594	0.497083333333333	0.5	"mid"
"ENSDARG00000021688"	0.136267154166273	0.73	0.8	"mid"
"ENSDARG00000021702"	0.0495651428048881	0.450858585858586	0.5	"mid"
"ENSDARG00000021753"	0.0408818352682514	0.336805555555556	0.4	"mid"
"ENSDARG00000021787"	0.0893644072367683	0.752272727272727	0.8	"mid"
"ENSDARG00000021789"	0.116849120432296	0.6375	0.7	"mid"
"ENSDARG00000021794"	0.140396513955663	0.66	0.7	"mid"
"ENSDARG00000021805"	0.0462885247230613	0.726666666666667	0.8	"mid"
"ENSDARG00000021808"	0.0286307299868884	0.357532467532468	0.4	"mid"
"ENSDARG00000021812"	0.0498461636047152	0.355416666666667	0.4	"mid"
"ENSDARG00000021833"	0.116698140710301	0.29	0.3	"mid"
"ENSDARG00000021849"	0.0951509609784425	0.566363636363636	0.6	"mid"
"ENSDARG00000021859"	0.110194829340219	0.357727272727273	0.4	"mid"
"ENSDARG00000021866"	0.0886078413745422	0.75	0.8	"mid"
"ENSDARG00000021869"	0.0412181780960689	0.528181818181818	0.6	"mid"
"ENSDARG00000021885"	0.0757122633093656	0.562171717171717	0.6	"mid"
"ENSDARG00000021896"	0.0667368042469895	0.643015873015873	0.7	"mid"
"ENSDARG00000021899"	0.0493870768457165	0.197818181818182	0.2	"low"
"ENSDARG00000021905"	0.0672623186505487	0.224863636363636	0.3	"mid"
"ENSDARG00000021924"	0.044285152111927	0.935454545454545	1	"high"
"ENSDARG00000021938"	0.0190592799608273	0.362	0.4	"mid"
"ENSDARG00000021945"	0.0147683688429521	0.212537878787879	0.3	"mid"
"ENSDARG00000021948"	0.109583585535767	0.650818181818182	0.7	"mid"
"ENSDARG00000021973"	0.0673820685531314	0.62	0.7	"mid"
"ENSDARG00000021974"	0.132402921459524	0.502727272727273	0.6	"mid"
"ENSDARG00000021975"	0.199921659653411	0.109393939393939	0.2	"low"
"ENSDARG00000021984"	0.129922090705269	0.914015151515152	1	"high"
"ENSDARG00000021985"	0.0209676631003178	0.343131313131313	0.4	"mid"
"ENSDARG00000021987"	0.07649489041498	0.382222222222222	0.4	"mid"
"ENSDARG00000021991"	0.0397136523283253	0.323181818181818	0.4	"mid"
"ENSDARG00000022020"	0.122138720752626	0.4955	0.5	"mid"
"ENSDARG00000022165"	0.128617499201465	0.588547008547009	0.6	"mid"
"ENSDARG00000022176"	0.0363369071016863	0.632222222222222	0.7	"mid"
"ENSDARG00000022183"	0.150530645633451	0.598333333333333	0.6	"mid"
"ENSDARG00000022203"	0.0499196611291144	0.3425	0.4	"mid"
"ENSDARG00000022213"	0.0430065167056908	0.603	0.7	"mid"
"ENSDARG00000022218"	0.0248265397662705	0.468	0.5	"mid"
"ENSDARG00000022232"	0.078189863752006	0.672090909090909	0.7	"mid"
"ENSDARG00000022254"	0.0192477959116733	0.466363636363636	0.5	"mid"
"ENSDARG00000022261"	0.196999325187716	0.662362637362637	0.7	"mid"
"ENSDARG00000022280"	0.0359541342028206	0.2675	0.3	"mid"
"ENSDARG00000022340"	0.0164515445070302	0.438787878787879	0.5	"mid"
"ENSDARG00000022378"	0.0688804067008625	0.478181818181818	0.5	"mid"
"ENSDARG00000022399"	0.0484479336170888	0.19975	0.2	"low"
"ENSDARG00000022410"	0.0885554195661144	0.32	0.4	"mid"
"ENSDARG00000022418"	0.0502335144868429	0.263116883116883	0.3	"mid"
"ENSDARG00000022424"	0.102734007735341	0.791373626373626	0.8	"mid"
"ENSDARG00000022430"	0.0395961532601041	0.430909090909091	0.5	"mid"
"ENSDARG00000022437"	0.0528574424010033	0.706363636363636	0.8	"mid"
"ENSDARG00000022438"	0.0798838274333304	0.739090909090909	0.8	"mid"
"ENSDARG00000022466"	0.0384204281657635	0.574166666666667	0.6	"mid"
"ENSDARG00000022509"	0.118230100327595	0.416666666666667	0.5	"mid"
"ENSDARG00000022531"	0.0159522682556552	0.721333333333333	0.8	"mid"
"ENSDARG00000022599"	0.0546678232183743	0.228666666666667	0.3	"mid"
"ENSDARG00000022614"	0.0832276093730985	0.911	1	"high"
"ENSDARG00000022623"	0.150494013234593	0.299545454545455	0.3	"mid"
"ENSDARG00000022631"	0.13343594331062	0.732727272727273	0.8	"mid"
"ENSDARG00000022648"	0.075114959962945	0.393116883116883	0.4	"mid"
"ENSDARG00000022650"	0.169233546213776	0.697727272727273	0.7	"mid"
"ENSDARG00000022652"	0.124181956012664	0.582423076923077	0.6	"mid"
"ENSDARG00000022659"	0.0502441622440912	0.319888888888889	0.4	"mid"
"ENSDARG00000022660"	0.143245632476902	0.679	0.7	"mid"
"ENSDARG00000022690"	0.0179349372434229	0.272777777777778	0.3	"mid"
"ENSDARG00000022698"	0.109865844250923	0.709090909090909	0.8	"mid"
"ENSDARG00000022712"	0.00997746963089957	0.6005	0.7	"mid"
"ENSDARG00000022767"	0.2641320714655	0.650555555555556	0.7	"mid"
"ENSDARG00000022768"	0.014056355300264	0.658545454545455	0.7	"mid"
"ENSDARG00000022788"	0.0181393976728025	0.551666666666667	0.6	"mid"
"ENSDARG00000022795"	0.0408965175409023	0.504090909090909	0.6	"mid"
"ENSDARG00000022807"	0.0843030550072497	0.62	0.7	"mid"
"ENSDARG00000022810"	0.0197227554956949	0.361111111111111	0.4	"mid"
"ENSDARG00000022817"	0.110085280575146	0.926666666666667	1	"high"
"ENSDARG00000022845"	0.0449736077049405	0.316545454545455	0.4	"mid"
"ENSDARG00000022891"	0.0709672332669249	0.396153846153846	0.4	"mid"
"ENSDARG00000022895"	0.102517104408682	0.673333333333333	0.7	"mid"
"ENSDARG00000022918"	0.119231925081608	0.298392857142857	0.3	"mid"
"ENSDARG00000022939"	0.0530867380363244	0.597777777777778	0.6	"mid"
"ENSDARG00000022944"	0.131489672186715	0.54875	0.6	"mid"
"ENSDARG00000022970"	0.0242565375732068	0.506153846153846	0.6	"mid"
"ENSDARG00000022971"	0.0502776589686205	0.460555555555556	0.5	"mid"
"ENSDARG00000022974"	0.0180573560433371	0.339	0.4	"mid"
"ENSDARG00000022995"	0.0277946808034635	0.65125	0.7	"mid"
"ENSDARG00000023003"	0.0468718133725924	0.299090909090909	0.3	"mid"
"ENSDARG00000023028"	0.0725349756356706	0.363484848484849	0.4	"mid"
"ENSDARG00000023031"	0.104781202983793	0.561593406593407	0.6	"mid"
"ENSDARG00000023040"	0.0390248705086255	0.5095	0.6	"mid"
"ENSDARG00000023053"	0.164586951837126	0.511269841269841	0.6	"mid"
"ENSDARG00000023058"	0.0662777295320966	0.4875	0.5	"mid"
"ENSDARG00000023104"	0.0536929760460523	0.553333333333333	0.6	"mid"
"ENSDARG00000023110"	0.0478653749725047	0.419772727272727	0.5	"mid"
"ENSDARG00000023111"	0.0863392300031774	0.702272727272727	0.8	"mid"
"ENSDARG00000023117"	0.0346936854530603	0.263194444444444	0.3	"mid"
"ENSDARG00000023151"	0.0768797770559701	0.915272727272727	1	"high"
"ENSDARG00000023152"	0.17981441939958	0.322727272727273	0.4	"mid"
"ENSDARG00000023160"	0.0232162900857991	0.888181818181818	0.9	"high"
"ENSDARG00000023174"	0.0460639065485999	0.379204545454545	0.4	"mid"
"ENSDARG00000023188"	0.038537476606007	0.903	1	"high"
"ENSDARG00000023190"	0.0163535356770264	0.237402597402597	0.3	"mid"
"ENSDARG00000023214"	0.0339114037334996	0.49	0.5	"mid"
"ENSDARG00000023220"	0.0842433091006457	0.315	0.4	"mid"
"ENSDARG00000023228"	0.00664892428946843	0.308090909090909	0.4	"mid"
"ENSDARG00000023237"	0.171893470635048	0.499545454545455	0.5	"mid"
"ENSDARG00000023267"	0.0456075978416859	0.417070707070707	0.5	"mid"
"ENSDARG00000023299"	0.0232522481329683	0.757692307692308	0.8	"mid"
"ENSDARG00000023303"	0.0655728711733945	0.440568181818182	0.5	"mid"
"ENSDARG00000023309"	0.0981137075248174	0.467012987012987	0.5	"mid"
"ENSDARG00000023330"	0.0709990335319977	0.475181818181818	0.5	"mid"
"ENSDARG00000023369"	0.136270415975571	0.578636363636364	0.6	"mid"
"ENSDARG00000023394"	0.0513905693967557	0.578666666666667	0.6	"mid"
"ENSDARG00000023443"	0.0685417708134902	0.583888888888889	0.6	"mid"
"ENSDARG00000023445"	0.029329216808292	0.207954545454545	0.3	"mid"
"ENSDARG00000023448"	0.05776537164691	0.442857142857143	0.5	"mid"
"ENSDARG00000023498"	0.03786017323436	0.579242424242424	0.6	"mid"
"ENSDARG00000023532"	0.0963889093916639	0.477777777777778	0.5	"mid"
"ENSDARG00000023536"	0.0440630490586991	0.424444444444444	0.5	"mid"
"ENSDARG00000023583"	0.0883020803766209	0.414681818181818	0.5	"mid"
"ENSDARG00000023584"	0.0781732781019009	0.371893939393939	0.4	"mid"
"ENSDARG00000023587"	0.0669311215531459	0.503333333333333	0.6	"mid"
"ENSDARG00000023600"	0.0424063111577734	0.328015873015873	0.4	"mid"
"ENSDARG00000023627"	0.0403435837767031	0.602045454545455	0.7	"mid"
"ENSDARG00000023645"	0.12339810391851	0.846666666666667	0.9	"high"
"ENSDARG00000023648"	0.0569055785579506	0.678080808080808	0.7	"mid"
"ENSDARG00000023672"	0.0533083142564681	0.6085	0.7	"mid"
"ENSDARG00000023703"	0.0280264784812836	0.259944444444444	0.3	"mid"
"ENSDARG00000023712"	0.061272424605789	0.27	0.3	"mid"
"ENSDARG00000023724"	0.0524329698028485	0.772727272727273	0.8	"mid"
"ENSDARG00000023759"	0.0839003988281954	0.598181818181818	0.6	"mid"
"ENSDARG00000023766"	0.0600261245078176	0.390757575757576	0.4	"mid"
"ENSDARG00000023768"	0.0877836081415531	0.506818181818182	0.6	"mid"
"ENSDARG00000023797"	0.0279074831183419	0.533571428571429	0.6	"mid"
"ENSDARG00000023814"	0.0294288439302154	0.271428571428571	0.3	"mid"
"ENSDARG00000023820"	0.0804719102768814	0.772727272727273	0.8	"mid"
"ENSDARG00000023840"	0.0389161191813186	0.605	0.7	"mid"
"ENSDARG00000023858"	0.0893740924573789	0.345	0.4	"mid"
"ENSDARG00000023868"	0.0867111269974056	0.532424242424242	0.6	"mid"
"ENSDARG00000023878"	0.0332875245776432	0.181904761904762	0.2	"low"
"ENSDARG00000023920"	0.0505722781251638	0.467416666666667	0.5	"mid"
"ENSDARG00000023927"	0.105310843478117	0.328384615384615	0.4	"mid"
"ENSDARG00000023950"	0.14464193115599	0.551818181818182	0.6	"mid"
"ENSDARG00000023952"	0.0545859042661301	0.453636363636364	0.5	"mid"
"ENSDARG00000023958"	0.0580147047519442	0.455454545454545	0.5	"mid"
"ENSDARG00000023963"	0.019489281098184	0.679944444444444	0.7	"mid"
"ENSDARG00000023988"	0.0371701382142216	0.395050505050505	0.4	"mid"
"ENSDARG00000023989"	0.0804188331475681	0.434090909090909	0.5	"mid"
"ENSDARG00000023999"	0.123804753810603	0.25	0.3	"mid"
"ENSDARG00000024026"	0.0504348665565529	0.3505	0.4	"mid"
"ENSDARG00000024047"	0.0646421636777531	0.782222222222222	0.8	"mid"
"ENSDARG00000024090"	0.134916896134724	0.315961538461538	0.4	"mid"
"ENSDARG00000024101"	0.0548384862247326	0.413090909090909	0.5	"mid"
"ENSDARG00000024109"	0.028884028726465	0.283295454545455	0.3	"mid"
"ENSDARG00000024112"	0.0379560048769835	0.205	0.3	"mid"
"ENSDARG00000024116"	0.0739737258379841	0.491055555555556	0.5	"mid"
"ENSDARG00000024124"	0.0675616545012108	0.41	0.5	"mid"
"ENSDARG00000024160"	0.100016917755039	0.574444444444444	0.6	"mid"
"ENSDARG00000024184"	0.102623899877267	0.43469696969697	0.5	"mid"
"ENSDARG00000024204"	0.0377926452585724	0.756666666666667	0.8	"mid"
"ENSDARG00000024209"	0.0537407875171542	0.343484848484849	0.4	"mid"
"ENSDARG00000024229"	0.0524680405389177	0.453333333333333	0.5	"mid"
"ENSDARG00000024276"	0.0455722264754645	0.189090909090909	0.2	"low"
"ENSDARG00000024277"	0.0940776607024469	0.518863636363636	0.6	"mid"
"ENSDARG00000024278"	0.116580705861662	0.247777777777778	0.3	"mid"
"ENSDARG00000024299"	0.0311813787911553	0.354848484848485	0.4	"mid"
"ENSDARG00000024306"	0.0780317817620118	0.645909090909091	0.7	"mid"
"ENSDARG00000024311"	0.11684944106206	0.4225	0.5	"mid"
"ENSDARG00000024317"	0.0350908622191498	0.350694444444444	0.4	"mid"
"ENSDARG00000024324"	0.0587856284310789	0.206	0.3	"mid"
"ENSDARG00000024325"	0.0439116622159114	0.475454545454545	0.5	"mid"
"ENSDARG00000024365"	0.0458718605153713	0.5	0.5	"mid"
"ENSDARG00000024381"	0.0992436894832848	0.478068181818182	0.5	"mid"
"ENSDARG00000024398"	0.0294722280827402	0.427416666666667	0.5	"mid"
"ENSDARG00000024433"	0.110121125473172	0.905454545454546	1	"high"
"ENSDARG00000024443"	0.0297015972249572	0.345	0.4	"mid"
"ENSDARG00000024465"	0.104608202848811	0.500454545454545	0.6	"mid"
"ENSDARG00000024478"	0.0662523700553626	0.38540404040404	0.4	"mid"
"ENSDARG00000024479"	0.0166477364009729	0.305643939393939	0.4	"mid"
"ENSDARG00000024488"	0.0507264719113171	0.648333333333333	0.7	"mid"
"ENSDARG00000024492"	0.0599181044508375	0.747777777777778	0.8	"mid"
"ENSDARG00000024503"	0.129705838658881	0.723496503496504	0.8	"mid"
"ENSDARG00000024537"	0.114528135096002	0.406919191919192	0.5	"mid"
"ENSDARG00000024540"	0.155505320791982	0.63	0.7	"mid"
"ENSDARG00000024548"	0.0448071147015053	0.413216783216783	0.5	"mid"
"ENSDARG00000024564"	0.137155583608408	0.525909090909091	0.6	"mid"
"ENSDARG00000024642"	0.0417603098398358	0.227666666666667	0.3	"mid"
"ENSDARG00000024651"	0.0353085207924891	0.425583333333333	0.5	"mid"
"ENSDARG00000024654"	0.0912879573636851	0.45	0.5	"mid"
"ENSDARG00000024681"	0.170233812468548	0.475454545454545	0.5	"mid"
"ENSDARG00000024693"	0.0967380254097521	0.400050505050505	0.5	"mid"
"ENSDARG00000024717"	0.0628078645390612	0.51	0.6	"mid"
"ENSDARG00000024728"	0.0647055357031488	0.338989898989899	0.4	"mid"
"ENSDARG00000024744"	0.0763153930261918	0.351753246753247	0.4	"mid"
"ENSDARG00000024746"	0.0147398969991195	0.85	0.9	"high"
"ENSDARG00000024759"	0.0643785494054769	0.353636363636364	0.4	"mid"
"ENSDARG00000024775"	0.138638974653174	0.643333333333333	0.7	"mid"
"ENSDARG00000024789"	0.136058324907143	0.594166666666667	0.6	"mid"
"ENSDARG00000024828"	0.0733048492705876	0.416111111111111	0.5	"mid"
"ENSDARG00000024829"	0.124075425597521	0.389444444444444	0.4	"mid"
"ENSDARG00000024831"	0.0899492201196511	0.515	0.6	"mid"
"ENSDARG00000024844"	0.0228836080433459	0.393333333333333	0.4	"mid"
"ENSDARG00000024846"	0.0477818020564144	0.204285714285714	0.3	"mid"
"ENSDARG00000024874"	0.0354655820165149	0.3285	0.4	"mid"
"ENSDARG00000024877"	0.129227556684014	0.46125	0.5	"mid"
"ENSDARG00000024895"	0.00840292156807237	0.465833333333333	0.5	"mid"
"ENSDARG00000024933"	0.0656641688874521	0.272575757575758	0.3	"mid"
"ENSDARG00000024940"	0.0800222601254751	0.365470085470086	0.4	"mid"
"ENSDARG00000024954"	0.0120126141000277	0.378055555555556	0.4	"mid"
"ENSDARG00000024964"	0.0707213008700552	0.272833333333333	0.3	"mid"
"ENSDARG00000024966"	0.0363644040692838	0.562991452991453	0.6	"mid"
"ENSDARG00000024967"	0.240781439860483	0.400833333333333	0.5	"mid"
"ENSDARG00000025011"	0.0540458731752835	0.191363636363636	0.2	"low"
"ENSDARG00000025012"	0.0580321745747909	0.494659090909091	0.5	"mid"
"ENSDARG00000025033"	0.0429627799383568	0.410416666666667	0.5	"mid"
"ENSDARG00000025034"	0.0641915948943291	0.3225	0.4	"mid"
"ENSDARG00000025043"	0.0742850045769115	0.57	0.6	"mid"
"ENSDARG00000025074"	0.0465801425647249	0.865	0.9	"high"
"ENSDARG00000025076"	0.0855025552581208	0.327727272727273	0.4	"mid"
"ENSDARG00000025081"	0.0788635024742169	0.516	0.6	"mid"
"ENSDARG00000025089"	0.0528159534038712	0.684444444444444	0.7	"mid"
"ENSDARG00000025091"	0.0721639464162779	0.379090909090909	0.4	"mid"
"ENSDARG00000025094"	0.0364182016550684	0.35155303030303	0.4	"mid"
"ENSDARG00000025106"	0.0126347027769581	0.395	0.4	"mid"
"ENSDARG00000025131"	0.0279618779552287	0.687587412587413	0.7	"mid"
"ENSDARG00000025212"	0.0157753342964495	0.339545454545455	0.4	"mid"
"ENSDARG00000025226"	0.0351811632358079	0.386363636363636	0.4	"mid"
"ENSDARG00000025233"	0.136824337068986	0.410590909090909	0.5	"mid"
"ENSDARG00000025269"	0.052369517437301	0.368590909090909	0.4	"mid"
"ENSDARG00000025311"	0.138301198076456	0.696818181818182	0.7	"mid"
"ENSDARG00000025326"	0.0104233362639855	0.463181818181818	0.5	"mid"
"ENSDARG00000025338"	0.0693086044752568	0.428194444444444	0.5	"mid"
"ENSDARG00000025340"	0.0636831266409532	0.25530303030303	0.3	"mid"
"ENSDARG00000025346"	0.0998523908929029	0.412277777777778	0.5	"mid"
"ENSDARG00000025375"	0.0286181376020002	0.505545454545455	0.6	"mid"
"ENSDARG00000025383"	0.118136639458385	0.305	0.4	"mid"
"ENSDARG00000025386"	0.07578300507406	0.560909090909091	0.6	"mid"
"ENSDARG00000025391"	0.0648228251095295	0.61725	0.7	"mid"
"ENSDARG00000025397"	0.0203711675726206	0.931868686868687	1	"high"
"ENSDARG00000025404"	0.0104615663126818	0.372792207792208	0.4	"mid"
"ENSDARG00000025428"	0.058521192897599	0.969166666666667	1	"high"
"ENSDARG00000025436"	0.082408129001326	0.467142857142857	0.5	"mid"
"ENSDARG00000025467"	0.0971122289720371	0.185909090909091	0.2	"low"
"ENSDARG00000025500"	0.076867252700969	0.256363636363636	0.3	"mid"
"ENSDARG00000025507"	0.0238890878064084	0.351818181818182	0.4	"mid"
"ENSDARG00000025518"	0.048567942632073	0.285320512820513	0.3	"mid"
"ENSDARG00000025522"	0.0594435142824523	0.654545454545455	0.7	"mid"
"ENSDARG00000025535"	0.0875951534363527	0.33	0.4	"mid"
"ENSDARG00000025549"	0.133075431891687	0.414416666666667	0.5	"mid"
"ENSDARG00000025554"	0.00876369131042519	0.618295454545455	0.7	"mid"
"ENSDARG00000025567"	0.0254693318803796	0.147083333333333	0.2	"low"
"ENSDARG00000025576"	0.012962291073536	0.459545454545455	0.5	"mid"
"ENSDARG00000025593"	0.0423654163319522	0.361190476190476	0.4	"mid"
"ENSDARG00000025595"	0.153699041385886	0.6115	0.7	"mid"
"ENSDARG00000025605"	0.0568891559919244	0.308333333333333	0.4	"mid"
"ENSDARG00000025615"	0.0729726925010312	0.640454545454545	0.7	"mid"
"ENSDARG00000025641"	0.0693970184923861	0.423080808080808	0.5	"mid"
"ENSDARG00000025670"	0.0584884721355985	0.476818181818182	0.5	"mid"
"ENSDARG00000025693"	0.0275563834507772	0.202207792207792	0.3	"mid"
"ENSDARG00000025718"	0.0366189729534568	0.269444444444444	0.3	"mid"
"ENSDARG00000025728"	0.0109300157528909	0.220265151515152	0.3	"mid"
"ENSDARG00000025754"	0.0358220116903063	0.204384615384615	0.3	"mid"
"ENSDARG00000025783"	0.187692727687124	0.797727272727273	0.8	"mid"
"ENSDARG00000025788"	0.0908187017940603	0.573636363636364	0.6	"mid"
"ENSDARG00000025797"	0.0551752477051406	0.705104895104895	0.8	"mid"
"ENSDARG00000025808"	0.0492590263495752	0.404166666666667	0.5	"mid"
"ENSDARG00000025820"	0.0895809054186555	0.3125	0.4	"mid"
"ENSDARG00000025826"	0.0172902921182075	0.26725	0.3	"mid"
"ENSDARG00000025854"	0.108996942546805	0.294333333333333	0.3	"mid"
"ENSDARG00000025855"	0.0550717945755006	0.589583333333333	0.6	"mid"
"ENSDARG00000025859"	0.108442541800941	0.646	0.7	"mid"
"ENSDARG00000025889"	0.0347336543769833	0.456428571428571	0.5	"mid"
"ENSDARG00000025902"	0.0648743335299461	0.663977272727273	0.7	"mid"
"ENSDARG00000025903"	0.151172453462346	0.688566433566434	0.7	"mid"
"ENSDARG00000025904"	0.0365548446126928	0.573333333333333	0.6	"mid"
"ENSDARG00000025912"	0.123087431388408	0.724142857142857	0.8	"mid"
"ENSDARG00000025943"	0.108451550988456	0.154111111111111	0.2	"low"
"ENSDARG00000025948"	0.0534366348581818	0.389166666666667	0.4	"mid"
"ENSDARG00000025953"	0.0168172394579133	0.413666666666667	0.5	"mid"
"ENSDARG00000025972"	0.0366331742156043	0.391555555555556	0.4	"mid"
"ENSDARG00000025974"	0.048899744776577	0.595	0.6	"mid"
"ENSDARG00000025977"	0.0630984380830504	0.319047619047619	0.4	"mid"
"ENSDARG00000026017"	0.0748163777952525	0.403333333333333	0.5	"mid"
"ENSDARG00000026024"	0.0884375537495079	0.439444444444444	0.5	"mid"
"ENSDARG00000026035"	0.0101855774544952	0.236	0.3	"mid"
"ENSDARG00000026053"	0.112051027463364	0.389903846153846	0.4	"mid"
"ENSDARG00000026068"	0.0229256283463675	0.213055555555556	0.3	"mid"
"ENSDARG00000026070"	0.10915268959038	0.49724358974359	0.5	"mid"
"ENSDARG00000026072"	0.0404533621986102	0.356313131313131	0.4	"mid"
"ENSDARG00000026090"	0.122848675293697	0.658636363636364	0.7	"mid"
"ENSDARG00000026109"	0.082260066229067	0.329818181818182	0.4	"mid"
"ENSDARG00000026137"	0.0649399502131252	0.52	0.6	"mid"
"ENSDARG00000026165"	0.0421480899657945	0.868712121212121	0.9	"high"
"ENSDARG00000026170"	0.0996598405573117	0.247272727272727	0.3	"mid"
"ENSDARG00000026178"	0.219655731862363	0.411428571428571	0.5	"mid"
"ENSDARG00000026198"	0.0761246385723107	0.263272727272727	0.3	"mid"
"ENSDARG00000026224"	0.114420612217635	0.477777777777778	0.5	"mid"
"ENSDARG00000026236"	0.157268056593874	0.767	0.8	"mid"
"ENSDARG00000026322"	0.127988578648643	0.613636363636364	0.7	"mid"
"ENSDARG00000026335"	0.12080702851248	0.455	0.5	"mid"
"ENSDARG00000026350"	0.10490480341352	0.645454545454546	0.7	"mid"
"ENSDARG00000026376"	0.0492722831194127	0.841666666666667	0.9	"high"
"ENSDARG00000026400"	0.13106737277421	0.861818181818182	0.9	"high"
"ENSDARG00000026444"	0.235133373436422	0.247333333333333	0.3	"mid"
"ENSDARG00000026448"	0.0284291504656264	0.254090909090909	0.3	"mid"
"ENSDARG00000026454"	0.174726061750433	0.416909090909091	0.5	"mid"
"ENSDARG00000026473"	0.0157442110358029	0.783636363636364	0.8	"mid"
"ENSDARG00000026476"	0.0387597271497833	0.201666666666667	0.3	"mid"
"ENSDARG00000026482"	0.0710201070507804	0.364115384615385	0.4	"mid"
"ENSDARG00000026489"	0.0594205551874553	0.325	0.4	"mid"
"ENSDARG00000026519"	0.0318713781637339	0.319230769230769	0.4	"mid"
"ENSDARG00000026531"	0.198734678322683	0.47530303030303	0.5	"mid"
"ENSDARG00000026540"	0.0934758871994085	0.318772727272727	0.4	"mid"
"ENSDARG00000026577"	0.0177919475878028	0.514545454545455	0.6	"mid"
"ENSDARG00000026582"	0.0399981175373428	0.561904761904762	0.6	"mid"
"ENSDARG00000026595"	0.0206289450748675	0.455833333333333	0.5	"mid"
"ENSDARG00000026611"	0.058495852939929	0.724571428571429	0.8	"mid"
"ENSDARG00000026616"	0.166698242909873	0.493194444444444	0.5	"mid"
"ENSDARG00000026629"	0.039886894109726	0.506388888888889	0.6	"mid"
"ENSDARG00000026630"	0.0379097472085654	0.177222222222222	0.2	"low"
"ENSDARG00000026634"	0.0795611298078024	0.377521367521368	0.4	"mid"
"ENSDARG00000026654"	0.04196199686662	0.245568181818182	0.3	"mid"
"ENSDARG00000026655"	0.16555452951571	0.368376068376068	0.4	"mid"
"ENSDARG00000026664"	0.102839737841777	0.370777777777778	0.4	"mid"
"ENSDARG00000026680"	0.0216588529845429	0.282272727272727	0.3	"mid"
"ENSDARG00000026682"	0.0630304783900618	0.349126984126984	0.4	"mid"
"ENSDARG00000026712"	0.0366189619943211	0.280846153846154	0.3	"mid"
"ENSDARG00000026736"	0.240485948785113	0.771313131313131	0.8	"mid"
"ENSDARG00000026764"	0.234754315877865	0.898545454545455	0.9	"high"
"ENSDARG00000026766"	0.236847398885726	0.63875	0.7	"mid"
"ENSDARG00000026767"	0.141223239018907	0.36474025974026	0.4	"mid"
"ENSDARG00000026784"	0.0559660311237123	0.671111111111111	0.7	"mid"
"ENSDARG00000026834"	0.025943643615226	0.405	0.5	"mid"
"ENSDARG00000026839"	0.0279993044780798	0.547070707070707	0.6	"mid"
"ENSDARG00000026845"	0.0188479945686937	0.372916666666667	0.4	"mid"
"ENSDARG00000026862"	0.0479972492967358	0.373409090909091	0.4	"mid"
"ENSDARG00000026865"	0.0334154146882494	0.782348484848485	0.8	"mid"
"ENSDARG00000026871"	0.107550159912521	0.733333333333333	0.8	"mid"
"ENSDARG00000026875"	0.0463190725221231	0.461	0.5	"mid"
"ENSDARG00000026882"	0.0621582839606887	0.501111111111111	0.6	"mid"
"ENSDARG00000026892"	0.0955883345739056	0.186153846153846	0.2	"low"
"ENSDARG00000026902"	0.0939619318927358	0.26	0.3	"mid"
"ENSDARG00000026926"	0.0920997427421856	0.380555555555556	0.4	"mid"
"ENSDARG00000026941"	0.0709798488958252	0.45775	0.5	"mid"
"ENSDARG00000026967"	0.00090978292023241	0.12	0.2	"low"
"ENSDARG00000026985"	0.010203986407892	0.392	0.4	"mid"
"ENSDARG00000027009"	0.0678557998391477	0.365	0.4	"mid"
"ENSDARG00000027016"	0.0393402697932505	0.2925	0.3	"mid"
"ENSDARG00000027017"	0.0344469589057402	0.628	0.7	"mid"
"ENSDARG00000027041"	0.0316748252836268	0.432772727272727	0.5	"mid"
"ENSDARG00000027046"	0.0973160076049918	0.196752136752137	0.2	"low"
"ENSDARG00000027063"	0.0352119594304269	0.348522727272727	0.4	"mid"
"ENSDARG00000027065"	0.0391949298375795	0.313333333333333	0.4	"mid"
"ENSDARG00000027078"	0.0746236166050143	0.478181818181818	0.5	"mid"
"ENSDARG00000027099"	0.000251069010323819	0.281313131313131	0.3	"mid"
"ENSDARG00000027109"	0.0290592295549459	0.348787878787879	0.4	"mid"
"ENSDARG00000027112"	0.0476213411203646	0.582222222222222	0.6	"mid"
"ENSDARG00000027141"	0.045729602198771	0.188833333333333	0.2	"low"
"ENSDARG00000027169"	0.132637472101397	0.757777777777778	0.8	"mid"
"ENSDARG00000027182"	0.0995469013632176	0.596414141414141	0.6	"mid"
"ENSDARG00000027183"	0.0472528242031932	0.374545454545455	0.4	"mid"
"ENSDARG00000027187"	0.00833451829603311	0.450409090909091	0.5	"mid"
"ENSDARG00000027199"	0.014429002782046	0.542727272727273	0.6	"mid"
"ENSDARG00000027200"	0.0209071920054122	0.509545454545455	0.6	"mid"
"ENSDARG00000027222"	0.179536949635535	0.276	0.3	"mid"
"ENSDARG00000027234"	0.073703010979871	0.259356060606061	0.3	"mid"
"ENSDARG00000027236"	0.0458858937156073	0.24530303030303	0.3	"mid"
"ENSDARG00000027279"	0.0542169389630165	0.46075	0.5	"mid"
"ENSDARG00000027310"	0.12699784963078	0.481527777777778	0.5	"mid"
"ENSDARG00000027316"	0.131501939823825	0.853916666666667	0.9	"high"
"ENSDARG00000027322"	0.0111528359071115	0.217361111111111	0.3	"mid"
"ENSDARG00000027355"	0.0180981766242743	0.869722222222222	0.9	"high"
"ENSDARG00000027357"	0.0631922020678755	0.421111111111111	0.5	"mid"
"ENSDARG00000027394"	0.0353982698761596	0.239	0.3	"mid"
"ENSDARG00000027397"	0.0268943813188185	0.360833333333333	0.4	"mid"
"ENSDARG00000027403"	0.0867237817349267	0.291616161616162	0.3	"mid"
"ENSDARG00000027418"	0.0244420277123217	0.227020202020202	0.3	"mid"
"ENSDARG00000027419"	0.0362060691621623	0.309277777777778	0.4	"mid"
"ENSDARG00000027424"	0.041680246566263	0.35125	0.4	"mid"
"ENSDARG00000027428"	0.10354819076832	0.421944444444444	0.5	"mid"
"ENSDARG00000027461"	0.102315323003075	0.635416666666667	0.7	"mid"
"ENSDARG00000027465"	0.0741286624958715	0.217590909090909	0.3	"mid"
"ENSDARG00000027491"	0.101541432917108	0.536681818181818	0.6	"mid"
"ENSDARG00000027495"	0.0572189249225313	0.343194444444444	0.4	"mid"
"ENSDARG00000027500"	0.0265062933641997	0.314107142857143	0.4	"mid"
"ENSDARG00000027501"	0.031937610028398	0.3075	0.4	"mid"
"ENSDARG00000027529"	0.110392400648913	0.640833333333333	0.7	"mid"
"ENSDARG00000027552"	0.0117144551407218	0.451666666666667	0.5	"mid"
"ENSDARG00000027572"	0.151044714988588	0.316623376623377	0.4	"mid"
"ENSDARG00000027582"	0.0690377047278654	0.735428571428571	0.8	"mid"
"ENSDARG00000027584"	0.115573081515404	0.615833333333333	0.7	"mid"
"ENSDARG00000027586"	0.0330153107351642	0.373896103896104	0.4	"mid"
"ENSDARG00000027589"	0.0198423337340206	0.448863636363636	0.5	"mid"
"ENSDARG00000027590"	0.0114722773394182	0.293863636363636	0.3	"mid"
"ENSDARG00000027595"	0.0582183159747506	0.211166666666667	0.3	"mid"
"ENSDARG00000027600"	0.0931544443782509	0.739090909090909	0.8	"mid"
"ENSDARG00000027609"	0.0742316983983367	0.398	0.4	"mid"
"ENSDARG00000027620"	0.123801741208386	0.619464285714286	0.7	"mid"
"ENSDARG00000027658"	0.0878295648241055	0.850909090909091	0.9	"high"
"ENSDARG00000027687"	0.0658595854876889	0.531666666666667	0.6	"mid"
"ENSDARG00000027689"	0.030541103760816	0.580952380952381	0.6	"mid"
"ENSDARG00000027734"	0.03153335200322	0.49	0.5	"mid"
"ENSDARG00000027740"	0.121447007264189	0.473333333333333	0.5	"mid"
"ENSDARG00000027744"	0.0645595973001577	0.955	1	"high"
"ENSDARG00000027750"	0.0876118718989297	0.489545454545455	0.5	"mid"
"ENSDARG00000027799"	0.139189181065092	0.70517094017094	0.8	"mid"
"ENSDARG00000027803"	0.0312109378174114	0.582792207792208	0.6	"mid"
"ENSDARG00000027813"	0.137758055432629	0.231742424242424	0.3	"mid"
"ENSDARG00000027825"	0.013179772477751	0.290804195804196	0.3	"mid"
"ENSDARG00000027826"	0.127001175796147	0.294090909090909	0.3	"mid"
"ENSDARG00000027828"	0.0109351778843212	0.236666666666667	0.3	"mid"
"ENSDARG00000027851"	0.209992636604188	0.27969696969697	0.3	"mid"
"ENSDARG00000027887"	0.0752881212828315	0.664455128205128	0.7	"mid"
"ENSDARG00000027903"	0.106652638858748	0.300555555555556	0.4	"mid"
"ENSDARG00000027915"	0.104438021401618	0.340454545454545	0.4	"mid"
"ENSDARG00000027916"	0.0494171946577003	0.228785714285714	0.3	"mid"
"ENSDARG00000027930"	0.0980764108367997	0.392307692307692	0.4	"mid"
"ENSDARG00000027938"	0.129633270694389	0.413076923076923	0.5	"mid"
"ENSDARG00000027957"	0.0371877321011001	0.528557692307692	0.6	"mid"
"ENSDARG00000027966"	0.0607895287516153	0.530833333333333	0.6	"mid"
"ENSDARG00000027984"	0.0833522348386529	0.412222222222222	0.5	"mid"
"ENSDARG00000027986"	0.0473019946025363	0.329115384615385	0.4	"mid"
"ENSDARG00000027992"	0.032909279735939	0.561414141414141	0.6	"mid"
"ENSDARG00000028000"	0.029906809610088	0.337613636363636	0.4	"mid"
"ENSDARG00000028012"	0.184443025891192	0.535454545454546	0.6	"mid"
"ENSDARG00000028017"	0.147268476672887	0.904675324675325	1	"high"
"ENSDARG00000028048"	0.06268494572813	0.473333333333333	0.5	"mid"
"ENSDARG00000028053"	0.0398606433892319	0.611681818181818	0.7	"mid"
"ENSDARG00000028058"	0.0804610568488428	0.382689393939394	0.4	"mid"
"ENSDARG00000028066"	0.0138641576918951	0.289886363636364	0.3	"mid"
"ENSDARG00000028071"	0.0399155753523456	0.442613636363636	0.5	"mid"
"ENSDARG00000028082"	0.0211161088116215	0.247576923076923	0.3	"mid"
"ENSDARG00000028086"	0.0297382541531717	0.313888888888889	0.4	"mid"
"ENSDARG00000028087"	0.0517475351973147	0.458068181818182	0.5	"mid"
"ENSDARG00000028088"	0.0773970671398715	0.608484848484849	0.7	"mid"
"ENSDARG00000028096"	0.130355064500471	0.521818181818182	0.6	"mid"
"ENSDARG00000028106"	0.196607464969291	0.421688311688312	0.5	"mid"
"ENSDARG00000028119"	0.00620947981367468	0.1925	0.2	"low"
"ENSDARG00000028131"	0.0416985209154282	0.516883116883117	0.6	"mid"
"ENSDARG00000028164"	0.191465969245136	0.607272727272727	0.7	"mid"
"ENSDARG00000028173"	0.0336483165026563	0.565	0.6	"mid"
"ENSDARG00000028201"	0.177429405852786	0.425340909090909	0.5	"mid"
"ENSDARG00000028228"	0.0309758086246962	0.307681818181818	0.4	"mid"
"ENSDARG00000028259"	0.0944998004687321	0.345055555555556	0.4	"mid"
"ENSDARG00000028275"	0.134922305583723	0.510909090909091	0.6	"mid"
"ENSDARG00000028295"	0.14396616579521	0.466269230769231	0.5	"mid"
"ENSDARG00000028321"	0.11370391808874	0.907727272727273	1	"high"
"ENSDARG00000028322"	0.0824795796305652	0.157222222222222	0.2	"low"
"ENSDARG00000028327"	0.043619702003344	0.5125	0.6	"mid"
"ENSDARG00000028335"	0.048590623319294	0.168333333333333	0.2	"low"
"ENSDARG00000028336"	0.136877843312382	0.408333333333333	0.5	"mid"
"ENSDARG00000028346"	0.0974322211788192	0.53875	0.6	"mid"
"ENSDARG00000028367"	0.137866697944062	0.769545454545455	0.8	"mid"
"ENSDARG00000028379"	0.143209896905698	0.420833333333333	0.5	"mid"
"ENSDARG00000028386"	0.0896979111966396	0.650353535353535	0.7	"mid"
"ENSDARG00000028396"	0.0860894847751004	0.993333333333333	1	"high"
"ENSDARG00000028401"	0.032818616722637	0.460324675324675	0.5	"mid"
"ENSDARG00000028442"	0.101266477700359	0.467142857142857	0.5	"mid"
"ENSDARG00000028448"	0.0390142065346135	0.293214285714286	0.3	"mid"
"ENSDARG00000028475"	0.0475042561600772	0.317272727272727	0.4	"mid"
"ENSDARG00000028507"	0.0870260802080145	0.6525	0.7	"mid"
"ENSDARG00000028517"	0.0753411620544676	0.90961038961039	1	"high"
"ENSDARG00000028523"	0.0760216423649125	0.57775	0.6	"mid"
"ENSDARG00000028539"	0.0567095701541266	0.291298701298701	0.3	"mid"
"ENSDARG00000028542"	0.226111411224239	0.393055555555556	0.4	"mid"
"ENSDARG00000028559"	0.0540231523102823	0.196439393939394	0.2	"low"
"ENSDARG00000028581"	0.0499859103910069	0.167424242424242	0.2	"low"
"ENSDARG00000028614"	0.0575553082140401	0.504545454545455	0.6	"mid"
"ENSDARG00000028618"	0.117986097274542	0.524285714285714	0.6	"mid"
"ENSDARG00000028625"	0.0549701344581236	0.864	0.9	"high"
"ENSDARG00000028661"	0.0659413250790308	0.617012987012987	0.7	"mid"
"ENSDARG00000028663"	0.0803094794486228	0.687884615384615	0.7	"mid"
"ENSDARG00000028676"	0.0367762935829548	0.5475	0.6	"mid"
"ENSDARG00000028699"	0.0422594756621181	0.24025	0.3	"mid"
"ENSDARG00000028715"	0.0699588113131997	0.344393939393939	0.4	"mid"
"ENSDARG00000028721"	0.0256672416029879	0.354181818181818	0.4	"mid"
"ENSDARG00000028731"	0.058151705135909	0.9	0.9	"high"
"ENSDARG00000028748"	0.00944323867880337	0.12625	0.2	"low"
"ENSDARG00000028784"	0.161569985983425	0.545454545454545	0.6	"mid"
"ENSDARG00000028804"	0.0773739581771833	0.754090909090909	0.8	"mid"
"ENSDARG00000028815"	0.150968854697977	0.561714285714286	0.6	"mid"
"ENSDARG00000028816"	0.0731954048067988	0.517409090909091	0.6	"mid"
"ENSDARG00000028848"	0.059335900045304	0.4775	0.5	"mid"
"ENSDARG00000028889"	0.0923800183398705	0.401515151515151	0.5	"mid"
"ENSDARG00000028894"	0.0357105400096611	0.214833333333333	0.3	"mid"
"ENSDARG00000028896"	0.0705367577991805	0.512722222222222	0.6	"mid"
"ENSDARG00000028900"	0.139524547535218	0.361328671328671	0.4	"mid"
"ENSDARG00000028937"	0.151588335756873	0.54	0.6	"mid"
"ENSDARG00000028949"	0.0426831841043155	0.513333333333333	0.6	"mid"
"ENSDARG00000028957"	0.0131702647948179	0.467637362637363	0.5	"mid"
"ENSDARG00000028971"	0.0244536725281992	0.163055555555556	0.2	"low"
"ENSDARG00000028976"	0.087648772572811	0.538095238095238	0.6	"mid"
"ENSDARG00000028982"	0.0417331106608983	0.184242424242424	0.2	"low"
"ENSDARG00000029003"	0.0168007666408422	0.869128787878788	0.9	"high"
"ENSDARG00000029011"	0.0568718565290428	0.436893939393939	0.5	"mid"
"ENSDARG00000029036"	0.0763914195033601	0.332222222222222	0.4	"mid"
"ENSDARG00000029058"	0.0048607290425016	0.421	0.5	"mid"
"ENSDARG00000029063"	0.036043296373876	0.372797202797203	0.4	"mid"
"ENSDARG00000029072"	0.0416386187718208	0.383636363636364	0.4	"mid"
"ENSDARG00000029075"	0.0331118251156041	0.805	0.9	"high"
"ENSDARG00000029088"	0.0657203382201601	0.342840909090909	0.4	"mid"
"ENSDARG00000029107"	0.0315800063387113	0.441931818181818	0.5	"mid"
"ENSDARG00000029124"	0.0688011877446709	0.486666666666667	0.5	"mid"
"ENSDARG00000029133"	0.0394260809991891	0.442227272727273	0.5	"mid"
"ENSDARG00000029146"	0.0319991782558741	0.410909090909091	0.5	"mid"
"ENSDARG00000029157"	0.0223664478614771	0.845461538461538	0.9	"high"
"ENSDARG00000029170"	0.0520651723414072	0.103295454545455	0.2	"low"
"ENSDARG00000029177"	0.0340844146324097	0.440909090909091	0.5	"mid"
"ENSDARG00000029179"	0.0419469207336942	0.707237762237762	0.8	"mid"
"ENSDARG00000029215"	0.0272317011618862	0.268409090909091	0.3	"mid"
"ENSDARG00000029230"	0.0566750947119498	0.935555555555556	1	"high"
"ENSDARG00000029234"	0.0562922707626107	0.4875	0.5	"mid"
"ENSDARG00000029239"	0.04242963438162	0.477272727272727	0.5	"mid"
"ENSDARG00000029242"	0.0482754497545091	0.518888888888889	0.6	"mid"
"ENSDARG00000029250"	0.126597363376388	0.506666666666667	0.6	"mid"
"ENSDARG00000029252"	0.0949609164849082	0.47125	0.5	"mid"
"ENSDARG00000029259"	0.115997447376344	0.413181818181818	0.5	"mid"
"ENSDARG00000029263"	0.0550780315506761	0.645833333333333	0.7	"mid"
"ENSDARG00000029290"	0.135940184614864	0.747692307692308	0.8	"mid"
"ENSDARG00000029291"	0.0808768591250413	0.282222222222222	0.3	"mid"
"ENSDARG00000029292"	0.0596002835826811	0.360545454545455	0.4	"mid"
"ENSDARG00000029305"	0.0958900645745028	0.532222222222222	0.6	"mid"
"ENSDARG00000029331"	0.0381431717010949	0.573636363636364	0.6	"mid"
"ENSDARG00000029353"	0.126403946360862	0.606454545454545	0.7	"mid"
"ENSDARG00000029356"	0.100891904957721	0.795909090909091	0.8	"mid"
"ENSDARG00000029372"	0.0607938727840532	0.459583333333333	0.5	"mid"
"ENSDARG00000029402"	0.0958932603488337	0.347083333333333	0.4	"mid"
"ENSDARG00000029406"	0.000354753921044801	0.612307692307692	0.7	"mid"
"ENSDARG00000029415"	0.0380159688947229	0.423863636363636	0.5	"mid"
"ENSDARG00000029439"	0.025702564650108	0.615519480519481	0.7	"mid"
"ENSDARG00000029445"	0.0288092440758013	0.677121212121212	0.7	"mid"
"ENSDARG00000029463"	0.0343896174229415	0.394818181818182	0.4	"mid"
"ENSDARG00000029472"	0.0292404999910846	0.446363636363636	0.5	"mid"
"ENSDARG00000029473"	0.0935305304811822	0.966174242424242	1	"high"
"ENSDARG00000029474"	0.0251297814796623	0.480804195804196	0.5	"mid"
"ENSDARG00000029479"	0.0397322939431153	0.375530303030303	0.4	"mid"
"ENSDARG00000029497"	0.0506304072708312	0.823954545454545	0.9	"high"
"ENSDARG00000029524"	0.0223631947270824	0.299166666666667	0.3	"mid"
"ENSDARG00000029556"	0.0587201137896873	0.441785714285714	0.5	"mid"
"ENSDARG00000029581"	0.0582945017162274	0.35	0.4	"mid"
"ENSDARG00000029587"	0.087284543367541	0.825055555555556	0.9	"high"
"ENSDARG00000029600"	0.0247149474654989	0.435636363636364	0.5	"mid"
"ENSDARG00000029612"	0.125184699900392	0.177928571428571	0.2	"low"
"ENSDARG00000029615"	0.1130966732977	0.422409090909091	0.5	"mid"
"ENSDARG00000029621"	0.0675391862583347	0.359545454545455	0.4	"mid"
"ENSDARG00000029639"	0.0291430621579643	0.418484848484848	0.5	"mid"
"ENSDARG00000029671"	0.0313426690566936	0.296363636363636	0.3	"mid"
"ENSDARG00000029688"	0.044285152111927	0.476616161616162	0.5	"mid"
"ENSDARG00000029689"	0.0609333060230863	0.19984126984127	0.2	"low"
"ENSDARG00000029695"	0.0601015949753782	0.781969696969697	0.8	"mid"
"ENSDARG00000029720"	0.255063197848561	0.741666666666667	0.8	"mid"
"ENSDARG00000029724"	0.0409781066644958	0.781111111111111	0.8	"mid"
"ENSDARG00000029729"	0.0705327552003844	0.315873015873016	0.4	"mid"
"ENSDARG00000029747"	0.110461712091353	0.452833333333333	0.5	"mid"
"ENSDARG00000029764"	0.0515778270012721	0.4845	0.5	"mid"
"ENSDARG00000029783"	0.0333759058629265	0.322272727272727	0.4	"mid"
"ENSDARG00000029795"	0.119406446864535	0.709090909090909	0.8	"mid"
"ENSDARG00000029822"	0.120326857595915	0.562929292929293	0.6	"mid"
"ENSDARG00000029832"	0.0901156923739996	0.788181818181818	0.8	"mid"
"ENSDARG00000029856"	0.0357582422325678	0.711495726495726	0.8	"mid"
"ENSDARG00000029865"	0.0526805102309741	0.446153846153846	0.5	"mid"
"ENSDARG00000029874"	0.0744626037370694	0.350909090909091	0.4	"mid"
"ENSDARG00000029885"	0.022864315721201	0.175	0.2	"low"
"ENSDARG00000029905"	0.104899454225243	0.723045454545455	0.8	"mid"
"ENSDARG00000029911"	0.0777614676746512	0.449807692307692	0.5	"mid"
"ENSDARG00000029928"	0.0467745676865704	0.420611111111111	0.5	"mid"
"ENSDARG00000029931"	0.0278490713008916	0.558106060606061	0.6	"mid"
"ENSDARG00000029936"	0.0873353700260418	0.665138888888889	0.7	"mid"
"ENSDARG00000029944"	0.177838114828872	0.503846153846154	0.6	"mid"
"ENSDARG00000029952"	0.0384199004220716	0.553598484848485	0.6	"mid"
"ENSDARG00000029955"	0.103018070762544	0.948333333333333	1	"high"
"ENSDARG00000030006"	0.0361731800551877	0.76	0.8	"mid"
"ENSDARG00000030022"	0.0512454399718994	0.749714285714286	0.8	"mid"
"ENSDARG00000030038"	0.0282279711881048	0.501098901098901	0.6	"mid"
"ENSDARG00000030064"	0.057951943299703	0.224444444444444	0.3	"mid"
"ENSDARG00000030087"	0.0865005489313172	0.540324675324675	0.6	"mid"
"ENSDARG00000030092"	0.0598830623991312	0.380757575757576	0.4	"mid"
"ENSDARG00000030094"	0.121588740445646	0.858	0.9	"high"
"ENSDARG00000030106"	0.0331590697499729	0.460909090909091	0.5	"mid"
"ENSDARG00000030107"	0.0902425019314213	0.497777777777778	0.5	"mid"
"ENSDARG00000030108"	0.0484362480880075	0.484090909090909	0.5	"mid"
"ENSDARG00000030139"	0.108178611651072	0.302833333333333	0.4	"mid"
"ENSDARG00000030155"	0.0330949949909466	0.319045454545455	0.4	"mid"
"ENSDARG00000030161"	0.032494833019399	0.602727272727273	0.7	"mid"
"ENSDARG00000030166"	0.109085439500374	0.501666666666667	0.6	"mid"
"ENSDARG00000030176"	0.115017759807425	0.673333333333333	0.7	"mid"
"ENSDARG00000030177"	0.0719206866954824	0.556666666666667	0.6	"mid"
"ENSDARG00000030213"	0.0118213568599954	0.793611111111111	0.8	"mid"
"ENSDARG00000030236"	0.046365678135789	0.559	0.6	"mid"
"ENSDARG00000030237"	0.039726894492589	0.360055555555556	0.4	"mid"
"ENSDARG00000030239"	0.0482792705641286	0.486666666666667	0.5	"mid"
"ENSDARG00000030241"	0.0541555551237728	0.358571428571429	0.4	"mid"
"ENSDARG00000030250"	0.067774442672646	0.525454545454545	0.6	"mid"
"ENSDARG00000030263"	0.0951260121658339	0.425555555555556	0.5	"mid"
"ENSDARG00000030265"	0.0920275952487708	0.289583333333333	0.3	"mid"
"ENSDARG00000030267"	0.135321777476554	0.602222222222222	0.7	"mid"
"ENSDARG00000030269"	0.0873353168004704	0.886753246753247	0.9	"high"
"ENSDARG00000030278"	0.033626250458064	0.3105	0.4	"mid"
"ENSDARG00000030289"	0.0581098453604766	0.456666666666667	0.5	"mid"
"ENSDARG00000030307"	0.0332920484631957	0.636944444444445	0.7	"mid"
"ENSDARG00000030326"	0.0802940377772247	0.619166666666667	0.7	"mid"
"ENSDARG00000030335"	0.0368303044633455	0.219786324786325	0.3	"mid"
"ENSDARG00000030340"	0.0817917840234512	0.678214285714286	0.7	"mid"
"ENSDARG00000030349"	0.0476788453849543	0.417272727272727	0.5	"mid"
"ENSDARG00000030357"	0.0878379004764138	0.516038961038961	0.6	"mid"
"ENSDARG00000030367"	0.0661853221495979	0.493030303030303	0.5	"mid"
"ENSDARG00000030368"	0.0398995438653752	0.411174242424242	0.5	"mid"
"ENSDARG00000030402"	0.0332761065147258	0.670909090909091	0.7	"mid"
"ENSDARG00000030411"	0.0416560470923887	0.318636363636364	0.4	"mid"
"ENSDARG00000030441"	0.0765529985198206	0.5025	0.6	"mid"
"ENSDARG00000030448"	0.0538103731804708	0.710757575757576	0.8	"mid"
"ENSDARG00000030449"	0.0656370170707471	0.524090909090909	0.6	"mid"
"ENSDARG00000030463"	0.0525616434426723	0.743333333333333	0.8	"mid"
"ENSDARG00000030465"	0.0950519202496585	0.549545454545455	0.6	"mid"
"ENSDARG00000030478"	0.115314885443807	0.256653846153846	0.3	"mid"
"ENSDARG00000030479"	0.0698107800287179	0.554545454545455	0.6	"mid"
"ENSDARG00000030490"	0.0506686016593142	0.381212121212121	0.4	"mid"
"ENSDARG00000030512"	0.162460692564024	0.595555555555556	0.6	"mid"
"ENSDARG00000030514"	0.114462239275646	0.66	0.7	"mid"
"ENSDARG00000030530"	0.129683738333439	0.739090909090909	0.8	"mid"
"ENSDARG00000030532"	0.0926090945321148	0.198	0.2	"low"
"ENSDARG00000030537"	0.00687278044836783	0.446363636363636	0.5	"mid"
"ENSDARG00000030547"	0.0378334448367087	0.622857142857143	0.7	"mid"
"ENSDARG00000030563"	0.0399710863033435	0.218	0.3	"mid"
"ENSDARG00000030573"	0.067055659170886	0.473	0.5	"mid"
"ENSDARG00000030591"	0.130989287297127	0.365454545454545	0.4	"mid"
"ENSDARG00000030604"	0.0466929594557749	0.688766233766234	0.7	"mid"
"ENSDARG00000030608"	0.033005672363702	0.627424242424242	0.7	"mid"
"ENSDARG00000030614"	0.0347736825725093	0.441	0.5	"mid"
"ENSDARG00000030632"	0.0539002131238658	0.531607142857143	0.6	"mid"
"ENSDARG00000030633"	0.0791416630424458	0.168	0.2	"low"
"ENSDARG00000030636"	0.155226670345816	0.467272727272727	0.5	"mid"
"ENSDARG00000030656"	0.0283820207321391	0.358333333333333	0.4	"mid"
"ENSDARG00000030687"	0.0437718800558601	0.520416666666667	0.6	"mid"
"ENSDARG00000030694"	0.0672861607151198	0.298232323232323	0.3	"mid"
"ENSDARG00000030700"	0.0315014734386571	0.592136363636364	0.6	"mid"
"ENSDARG00000030716"	0.0180561865659206	0.234603174603175	0.3	"mid"
"ENSDARG00000030722"	0.123602760603039	0.861233766233766	0.9	"high"
"ENSDARG00000030733"	0.041753361493557	0.712727272727273	0.8	"mid"
"ENSDARG00000030743"	0.0967055746941026	0.394954545454545	0.4	"mid"
"ENSDARG00000030753"	0.162010650542387	0.222954545454545	0.3	"mid"
"ENSDARG00000030756"	0.0440906394948015	0.596363636363636	0.6	"mid"
"ENSDARG00000030758"	0.0489804893377104	0.303269230769231	0.4	"mid"
"ENSDARG00000030759"	0.0838138892006924	0.465416666666667	0.5	"mid"
"ENSDARG00000030765"	0.080580499653019	0.434464285714286	0.5	"mid"
"ENSDARG00000030775"	0.0318314711758367	0.141570512820513	0.2	"low"
"ENSDARG00000030781"	0.0441640362951788	0.474220779220779	0.5	"mid"
"ENSDARG00000030786"	0.0619302719116614	0.600277777777778	0.7	"mid"
"ENSDARG00000030803"	0.11440348235931	0.442916666666667	0.5	"mid"
"ENSDARG00000030805"	0.170440698648024	0.696153846153846	0.7	"mid"
"ENSDARG00000030824"	0.0939556971399041	0.34459595959596	0.4	"mid"
"ENSDARG00000030830"	0.0610426626477173	0.224636363636364	0.3	"mid"
"ENSDARG00000030832"	0.0414445349722789	0.448	0.5	"mid"
"ENSDARG00000030839"	0.097484966387424	0.357582417582418	0.4	"mid"
"ENSDARG00000030844"	0.07406471700058	0.886363636363636	0.9	"high"
"ENSDARG00000030871"	0.0074920323099874	0.510454545454545	0.6	"mid"
"ENSDARG00000030872"	0.159823315666968	0.355555555555556	0.4	"mid"
"ENSDARG00000030881"	0.117513999624788	0.334545454545455	0.4	"mid"
"ENSDARG00000030896"	0.0390261785757891	0.745	0.8	"mid"
"ENSDARG00000030913"	0.0666684647089212	0.765	0.8	"mid"
"ENSDARG00000030914"	0.0897649425608919	0.624111111111111	0.7	"mid"
"ENSDARG00000030915"	0.0976169237559613	0.786818181818182	0.8	"mid"
"ENSDARG00000030933"	0.070254376968029	0.725833333333333	0.8	"mid"
"ENSDARG00000030945"	0.0513736646940925	0.381298701298701	0.4	"mid"
"ENSDARG00000030949"	0.0929085779220395	0.6735	0.7	"mid"
"ENSDARG00000030957"	0.0332995980233691	0.29038961038961	0.3	"mid"
"ENSDARG00000030964"	0.0993666772123643	0.629571428571429	0.7	"mid"
"ENSDARG00000030967"	0.0866685267365527	0.47875	0.5	"mid"
"ENSDARG00000030972"	0.0697006750108	0.552207792207792	0.6	"mid"
"ENSDARG00000030980"	0.0592195057320299	0.575	0.6	"mid"
"ENSDARG00000031020"	0.0439167736144472	0.617159090909091	0.7	"mid"
"ENSDARG00000031048"	0.0209281509247823	0.489545454545455	0.5	"mid"
"ENSDARG00000031049"	0.0474729022458133	0.384040404040404	0.4	"mid"
"ENSDARG00000031098"	0.045163612698936	0.5415	0.6	"mid"
"ENSDARG00000031198"	0.0405851919156434	0.412222222222222	0.5	"mid"
"ENSDARG00000031200"	0.0210053915775509	0.370757575757576	0.4	"mid"
"ENSDARG00000031202"	0.0946363196035876	0.17961038961039	0.2	"low"
"ENSDARG00000031203"	0.0955389836946653	0.37	0.4	"mid"
"ENSDARG00000031214"	0.0399539695287911	0.323766233766234	0.4	"mid"
"ENSDARG00000031248"	0.15234885685104	0.794954545454545	0.8	"mid"
"ENSDARG00000031261"	0.0374202280875573	0.2575	0.3	"mid"
"ENSDARG00000031283"	0.0360225454151676	0.315227272727273	0.4	"mid"
"ENSDARG00000031293"	0.114524787217481	0.311464646464646	0.4	"mid"
"ENSDARG00000031299"	0.100325705969274	0.392833333333333	0.4	"mid"
"ENSDARG00000031302"	0.085132869483446	0.260265151515152	0.3	"mid"
"ENSDARG00000031317"	0.13040915253231	0.442727272727273	0.5	"mid"
"ENSDARG00000031325"	0.0866215375152232	0.575272727272727	0.6	"mid"
"ENSDARG00000031336"	0.109483717958903	0.740396825396825	0.8	"mid"
"ENSDARG00000031343"	0.0181219394888518	0.594090909090909	0.6	"mid"
"ENSDARG00000031346"	0.0323694717699654	0.18	0.2	"low"
"ENSDARG00000031366"	0.0981888524637832	0.353712121212121	0.4	"mid"
"ENSDARG00000031372"	0.0250075223087843	0.575454545454545	0.6	"mid"
"ENSDARG00000031388"	0.0519860317960806	0.258371212121212	0.3	"mid"
"ENSDARG00000031434"	0.0378972163303883	0.326919191919192	0.4	"mid"
"ENSDARG00000031494"	0.0943656867268959	0.297337662337662	0.3	"mid"
"ENSDARG00000031495"	0.0254279819858314	0.0925	0.1	"low"
"ENSDARG00000031496"	0.0750713475487814	0.555213675213675	0.6	"mid"
"ENSDARG00000031506"	0.0725648889101349	0.305037878787879	0.4	"mid"
"ENSDARG00000031511"	0.0340903055560587	0.456730769230769	0.5	"mid"
"ENSDARG00000031533"	0.101410399810569	0.467923076923077	0.5	"mid"
"ENSDARG00000031548"	0.0262764361668886	0.404	0.5	"mid"
"ENSDARG00000031587"	0.0652670238341558	0.872	0.9	"high"
"ENSDARG00000031588"	0.133534772462401	0.76	0.8	"mid"
"ENSDARG00000031632"	0.0558168343501541	0.300113636363636	0.4	"mid"
"ENSDARG00000031637"	0.0328204590809127	0.764611111111111	0.8	"mid"
"ENSDARG00000031647"	0.111371644644207	0.681022727272727	0.7	"mid"
"ENSDARG00000031649"	0.093028622532967	0.334444444444444	0.4	"mid"
"ENSDARG00000031657"	0.0657386487864612	0.481111111111111	0.5	"mid"
"ENSDARG00000031678"	0.0678969452927349	0.6025	0.7	"mid"
"ENSDARG00000031680"	0.0683881688522207	0.261954545454545	0.3	"mid"
"ENSDARG00000031681"	0.0139865256022358	0.493181818181818	0.5	"mid"
"ENSDARG00000031702"	0.0149874946489959	0.5985	0.6	"mid"
"ENSDARG00000031709"	0.0389511535637436	0.501428571428571	0.6	"mid"
"ENSDARG00000031720"	0.044336965332943	0.266363636363636	0.3	"mid"
"ENSDARG00000031756"	0.0841304277727021	0.615079365079365	0.7	"mid"
"ENSDARG00000031757"	0.140941858953374	0.445	0.5	"mid"
"ENSDARG00000031768"	0.0137740991093934	0.510454545454545	0.6	"mid"
"ENSDARG00000031770"	0.0208242585938598	0.201818181818182	0.3	"mid"
"ENSDARG00000031774"	0.0511117293158041	0.812777777777778	0.9	"high"
"ENSDARG00000031775"	0.0227659166083987	0.391984126984127	0.4	"mid"
"ENSDARG00000031776"	0.0821756641610152	0.835	0.9	"high"
"ENSDARG00000031795"	0.0318048576516494	0.492521367521368	0.5	"mid"
"ENSDARG00000031796"	0.0504056745113852	0.351944444444444	0.4	"mid"
"ENSDARG00000031814"	0.127947820354991	0.416	0.5	"mid"
"ENSDARG00000031817"	0.0488991231015407	0.473333333333333	0.5	"mid"
"ENSDARG00000031819"	0.0658407207016864	0.240181818181818	0.3	"mid"
"ENSDARG00000031885"	0.0712396809043657	0.56725	0.6	"mid"
"ENSDARG00000031886"	0.0890216833698553	0.489538461538462	0.5	"mid"
"ENSDARG00000031891"	0.0215979701850247	0.685	0.7	"mid"
"ENSDARG00000031894"	0.0383670139477914	0.588636363636364	0.6	"mid"
"ENSDARG00000031907"	0.0437978229611116	0.492348484848485	0.5	"mid"
"ENSDARG00000031915"	0.0478132061237625	0.64	0.7	"mid"
"ENSDARG00000031929"	0.0950103287784754	0.705555555555555	0.8	"mid"
"ENSDARG00000031952"	0.137675331070856	0.970409090909091	1	"high"
"ENSDARG00000031954"	0.0984357583564629	0.309949494949495	0.4	"mid"
"ENSDARG00000031956"	0.105474032950505	0.368571428571429	0.4	"mid"
"ENSDARG00000031968"	0.0715057945281828	0.310416666666667	0.4	"mid"
"ENSDARG00000031971"	0.0650380351088909	0.479583333333333	0.5	"mid"
"ENSDARG00000031981"	0.039864240495174	0.478333333333333	0.5	"mid"
"ENSDARG00000031985"	0.0405830105550835	0.157792207792208	0.2	"low"
"ENSDARG00000032010"	0.0991736295575878	0.582727272727273	0.6	"mid"
"ENSDARG00000032013"	0.0206494534987579	0.325384615384615	0.4	"mid"
"ENSDARG00000032056"	0.123721700763608	0.652	0.7	"mid"
"ENSDARG00000032072"	0.0347867694360259	0.374861111111111	0.4	"mid"
"ENSDARG00000032083"	0.0283246583204721	0.575	0.6	"mid"
"ENSDARG00000032087"	0.0486549362337555	0.435833333333333	0.5	"mid"
"ENSDARG00000032098"	0.204076865054709	0.632222222222222	0.7	"mid"
"ENSDARG00000032103"	0.0332976002424831	0.749	0.8	"mid"
"ENSDARG00000032114"	0.0737076845917632	0.521142857142857	0.6	"mid"
"ENSDARG00000032116"	0.0134489923692841	0.483333333333333	0.5	"mid"
"ENSDARG00000032117"	0.0379883760404921	0.769027777777778	0.8	"mid"
"ENSDARG00000032129"	0.0390585009524882	0.4475	0.5	"mid"
"ENSDARG00000032155"	0.0392992977590846	0.64030303030303	0.7	"mid"
"ENSDARG00000032175"	0.0201055393146459	0.396863636363636	0.4	"mid"
"ENSDARG00000032188"	0.0174716827598316	0.686772727272727	0.7	"mid"
"ENSDARG00000032218"	0.0876949917758263	0.505555555555556	0.6	"mid"
"ENSDARG00000032221"	0.070195977494822	0.286233766233766	0.3	"mid"
"ENSDARG00000032237"	0.0536931739709201	0.423846153846154	0.5	"mid"
"ENSDARG00000032238"	0.0320582458385943	0.36	0.4	"mid"
"ENSDARG00000032256"	0.161111590017017	0.515454545454545	0.6	"mid"
"ENSDARG00000032261"	0.0629730221253484	0.466363636363636	0.5	"mid"
"ENSDARG00000032263"	0.148744829914103	0.648357142857143	0.7	"mid"
"ENSDARG00000032264"	0.0735689934835243	0.566363636363636	0.6	"mid"
"ENSDARG00000032272"	0.0680177344766942	0.524272727272727	0.6	"mid"
"ENSDARG00000032277"	0.0894393337517894	0.4075	0.5	"mid"
"ENSDARG00000032296"	0.0867271004451308	0.668333333333333	0.7	"mid"
"ENSDARG00000032319"	0.068512109599657	0.188429487179487	0.2	"low"
"ENSDARG00000032324"	0.0441660923859616	0.242121212121212	0.3	"mid"
"ENSDARG00000032326"	0.110039426747107	0.429272727272727	0.5	"mid"
"ENSDARG00000032340"	0.201395130272088	0.400984848484848	0.5	"mid"
"ENSDARG00000032344"	0.0279446199181497	0.408	0.5	"mid"
"ENSDARG00000032353"	0.0683579178492762	0.345818181818182	0.4	"mid"
"ENSDARG00000032369"	0.0335886027907391	0.420874125874126	0.5	"mid"
"ENSDARG00000032373"	0.0193879321036043	0.571616161616162	0.6	"mid"
"ENSDARG00000032389"	0.0506247062940738	0.644545454545455	0.7	"mid"
"ENSDARG00000032426"	0.0563374367307124	0.689	0.7	"mid"
"ENSDARG00000032430"	0.025310942417541	0.150050505050505	0.2	"low"
"ENSDARG00000032431"	0.0902037767840966	0.382727272727273	0.4	"mid"
"ENSDARG00000032435"	0.0786991452979943	0.471428571428571	0.5	"mid"
"ENSDARG00000032458"	0.0351586037797635	0.569507575757576	0.6	"mid"
"ENSDARG00000032469"	0.0605797094803992	0.77	0.8	"mid"
"ENSDARG00000032496"	0.169451814910549	0.599333333333333	0.6	"mid"
"ENSDARG00000032516"	0.0984950039122613	0.318636363636364	0.4	"mid"
"ENSDARG00000032535"	0.107409161742828	0.537777777777778	0.6	"mid"
"ENSDARG00000032553"	0.0712298760295888	0.796	0.8	"mid"
"ENSDARG00000032601"	0.0922796815092449	0.431	0.5	"mid"
"ENSDARG00000032603"	0.0222300919893257	0.566863636363636	0.6	"mid"
"ENSDARG00000032606"	0.032916022809093	0.16550505050505	0.2	"low"
"ENSDARG00000032614"	0.0332389748299887	0.430318181818182	0.5	"mid"
"ENSDARG00000032617"	0.0418061181167571	0.466931818181818	0.5	"mid"
"ENSDARG00000032618"	0.12868953905097	0.700909090909091	0.8	"mid"
"ENSDARG00000032619"	0.0350307195678428	0.533869047619048	0.6	"mid"
"ENSDARG00000032623"	0.0586303706741162	0.41961038961039	0.5	"mid"
"ENSDARG00000032627"	0.0413930390684258	0.257777777777778	0.3	"mid"
"ENSDARG00000032630"	0.0688389317577977	0.760416666666667	0.8	"mid"
"ENSDARG00000032631"	0.107289897175024	0.491111111111111	0.5	"mid"
"ENSDARG00000032639"	0.108969111269685	0.682916666666667	0.7	"mid"
"ENSDARG00000032651"	0.0565924589425452	0.383068181818182	0.4	"mid"
"ENSDARG00000032653"	0.0331178854144904	0.441818181818182	0.5	"mid"
"ENSDARG00000032704"	0.07193128183573	0.392727272727273	0.4	"mid"
"ENSDARG00000032705"	0.0269322092723349	0.49575	0.5	"mid"
"ENSDARG00000032708"	0.0119678205639803	0.663636363636364	0.7	"mid"
"ENSDARG00000032765"	0.0494697019636847	0.776780303030303	0.8	"mid"
"ENSDARG00000032780"	0.0729821045282862	0.385138888888889	0.4	"mid"
"ENSDARG00000032799"	0.035853841196907	0.452727272727273	0.5	"mid"
"ENSDARG00000032808"	0.134342563750924	0.84	0.9	"high"
"ENSDARG00000032816"	0.0877569525914784	0.82	0.9	"high"
"ENSDARG00000032820"	0.096248482141981	0.508181818181818	0.6	"mid"
"ENSDARG00000032831"	0.0485472283961255	0.624545454545455	0.7	"mid"
"ENSDARG00000032856"	0.0775099575507414	0.4225	0.5	"mid"
"ENSDARG00000032862"	0.132081830789151	0.536363636363636	0.6	"mid"
"ENSDARG00000032866"	0.0057509274058447	0.430833333333333	0.5	"mid"
"ENSDARG00000032868"	0.026533449735392	0.377272727272727	0.4	"mid"
"ENSDARG00000032876"	0.103892863109648	0.362333333333333	0.4	"mid"
"ENSDARG00000032885"	0.184390693939683	0.586363636363636	0.6	"mid"
"ENSDARG00000032919"	0.151666127708534	0.220833333333333	0.3	"mid"
"ENSDARG00000032929"	0.0538771464159381	0.286666666666667	0.3	"mid"
"ENSDARG00000032933"	0.0473813772311893	0.247692307692308	0.3	"mid"
"ENSDARG00000032985"	0.108395261338457	0.493636363636364	0.5	"mid"
"ENSDARG00000032997"	0.0152775500853769	0.256111111111111	0.3	"mid"
"ENSDARG00000033020"	0.067444755805411	0.3275	0.4	"mid"
"ENSDARG00000033042"	0.120937608137558	0.75	0.8	"mid"
"ENSDARG00000033126"	0.0561341494220985	0.655	0.7	"mid"
"ENSDARG00000033134"	0.0880788339124529	0.257222222222222	0.3	"mid"
"ENSDARG00000033138"	0.0929221853445368	0.920833333333333	1	"high"
"ENSDARG00000033140"	0.0774436933016898	0.537772727272727	0.6	"mid"
"ENSDARG00000033144"	0.0856050960970807	0.459545454545455	0.5	"mid"
"ENSDARG00000033160"	0.0592751980674168	0.886	0.9	"high"
"ENSDARG00000033170"	0.119758584552426	0.527590909090909	0.6	"mid"
"ENSDARG00000033171"	0.0872554215940482	0.384545454545455	0.4	"mid"
"ENSDARG00000033172"	0.014072118194531	0.456363636363636	0.5	"mid"
"ENSDARG00000033175"	0.0412072282117448	0.457692307692308	0.5	"mid"
"ENSDARG00000033179"	0.0703653245438332	0.403194444444444	0.5	"mid"
"ENSDARG00000033182"	0.0468255023247501	0.792234848484848	0.8	"mid"
"ENSDARG00000033184"	0.0604517703580738	0.526136363636364	0.6	"mid"
"ENSDARG00000033201"	0.0391407697031432	0.48	0.5	"mid"
"ENSDARG00000033227"	0.104958746301127	0.634747474747475	0.7	"mid"
"ENSDARG00000033231"	0.0312091554768796	0.693	0.7	"mid"
"ENSDARG00000033234"	0.0670239013145969	0.277651515151515	0.3	"mid"
"ENSDARG00000033251"	0.0911744021324783	0.768	0.8	"mid"
"ENSDARG00000033259"	0.0882119320996543	0.41405303030303	0.5	"mid"
"ENSDARG00000033273"	0.125100783634063	0.474166666666667	0.5	"mid"
"ENSDARG00000033285"	0.150530645633451	0.696666666666667	0.7	"mid"
"ENSDARG00000033307"	0.116823675078529	0.669444444444445	0.7	"mid"
"ENSDARG00000033320"	0.0430699676673391	0.520916666666667	0.6	"mid"
"ENSDARG00000033361"	0.0541744443867774	0.417	0.5	"mid"
"ENSDARG00000033364"	0.0488408531759485	0.455	0.5	"mid"
"ENSDARG00000033367"	0.0441161921775347	0.831931818181818	0.9	"high"
"ENSDARG00000033370"	0.0385708746300886	0.388318181818182	0.4	"mid"
"ENSDARG00000033376"	0.046732771704157	0.467222222222222	0.5	"mid"
"ENSDARG00000033382"	0.123923773611685	0.24	0.3	"mid"
"ENSDARG00000033413"	0.168991053539174	0.351818181818182	0.4	"mid"
"ENSDARG00000033418"	0.113125425001218	0.446558441558442	0.5	"mid"
"ENSDARG00000033436"	0.0777784815800941	0.504285714285714	0.6	"mid"
"ENSDARG00000033437"	0.0249178511387904	0.355454545454545	0.4	"mid"
"ENSDARG00000033440"	0.0319085963227728	0.313045454545455	0.4	"mid"
"ENSDARG00000033443"	0.104535663868323	0.4675	0.5	"mid"
"ENSDARG00000033444"	0.0698094704220237	0.521083333333333	0.6	"mid"
"ENSDARG00000033446"	0.162669432283788	0.455555555555556	0.5	"mid"
"ENSDARG00000033451"	0.0657638969800797	0.38051948051948	0.4	"mid"
"ENSDARG00000033533"	0.125966750787617	0.366363636363636	0.4	"mid"
"ENSDARG00000033539"	0.0581987392467515	0.502961538461538	0.6	"mid"
"ENSDARG00000033551"	0.101730263966459	0.46	0.5	"mid"
"ENSDARG00000033596"	0.0095102660308957	0.216414141414141	0.3	"mid"
"ENSDARG00000033597"	0.0297511371633687	0.378030303030303	0.4	"mid"
"ENSDARG00000033599"	0.0972638386018612	0.367777777777778	0.4	"mid"
"ENSDARG00000033604"	0.0666354673940633	0.305	0.4	"mid"
"ENSDARG00000033609"	0.0116876242544672	0.7135	0.8	"mid"
"ENSDARG00000033614"	0.0410118073791505	0.847884615384615	0.9	"high"
"ENSDARG00000033616"	0.0735559596355209	0.505454545454545	0.6	"mid"
"ENSDARG00000033655"	0.0523895962835218	0.478888888888889	0.5	"mid"
"ENSDARG00000033666"	0.0258675355287377	0.501515151515151	0.6	"mid"
"ENSDARG00000033683"	0.0114538080020893	0.972972027972028	1	"high"
"ENSDARG00000033706"	0.0510835717808471	0.547	0.6	"mid"
"ENSDARG00000033707"	0.0601207180459658	0.487323232323232	0.5	"mid"
"ENSDARG00000033735"	0.0892466420482825	0.632929292929293	0.7	"mid"
"ENSDARG00000033757"	0.118599243272418	0.61	0.7	"mid"
"ENSDARG00000033768"	0.0261995091324886	0.310194805194805	0.4	"mid"
"ENSDARG00000033771"	0.11088293289655	0.45	0.5	"mid"
"ENSDARG00000033789"	0.0503618374201521	0.738712121212121	0.8	"mid"
"ENSDARG00000033802"	0.153321961376148	0.580909090909091	0.6	"mid"
"ENSDARG00000033804"	0.0250802153649068	0.55175	0.6	"mid"
"ENSDARG00000033832"	0.0623112413412415	0.8425	0.9	"high"
"ENSDARG00000033852"	0.086316634073949	0.211071428571429	0.3	"mid"
"ENSDARG00000033855"	0.00426724453406874	0.224545454545455	0.3	"mid"
"ENSDARG00000033861"	0.0408664257419655	0.624242424242424	0.7	"mid"
"ENSDARG00000033871"	0.0525061906759181	0.705611111111111	0.8	"mid"
"ENSDARG00000033889"	0.102586515937343	0.400227272727273	0.5	"mid"
"ENSDARG00000033899"	0.00628769084262577	0.668571428571429	0.7	"mid"
"ENSDARG00000033901"	0.0333962773029822	0.531818181818182	0.6	"mid"
"ENSDARG00000033916"	0.0208742866485438	0.675	0.7	"mid"
"ENSDARG00000033928"	0.0514717036062612	0.507272727272727	0.6	"mid"
"ENSDARG00000033950"	0.091900629282752	0.275454545454545	0.3	"mid"
"ENSDARG00000033957"	0.0829756901085564	0.447777777777778	0.5	"mid"
"ENSDARG00000033967"	0.120585563388663	0.419583333333333	0.5	"mid"
"ENSDARG00000033971"	0.0259591076858911	0.551111111111111	0.6	"mid"
"ENSDARG00000033973"	0.165590168932979	0.508106060606061	0.6	"mid"
"ENSDARG00000033978"	0.0330103223677128	0.244545454545455	0.3	"mid"
"ENSDARG00000033987"	0.0877359979225926	0.427777777777778	0.5	"mid"
"ENSDARG00000033999"	0.0578659024696304	0.830909090909091	0.9	"high"
"ENSDARG00000034001"	0.121856175784648	0.456616161616162	0.5	"mid"
"ENSDARG00000034007"	0.187474139251697	0.18125	0.2	"low"
"ENSDARG00000034013"	0.0588080570950457	0.513989898989899	0.6	"mid"
"ENSDARG00000034042"	0.0880401358274219	0.416153846153846	0.5	"mid"
"ENSDARG00000034043"	0.0562347111736851	0.810833333333333	0.9	"high"
"ENSDARG00000034048"	0.0890861844214728	0.523333333333333	0.6	"mid"
"ENSDARG00000034056"	0.0214846548551175	0.316111111111111	0.4	"mid"
"ENSDARG00000034060"	0.0980332153129952	0.497416666666667	0.5	"mid"
"ENSDARG00000034080"	0.109111881473438	0.631	0.7	"mid"
"ENSDARG00000034093"	0.0533924507655022	0.4705	0.5	"mid"
"ENSDARG00000034117"	0.0141423257095123	0.733333333333333	0.8	"mid"
"ENSDARG00000034146"	0.0310093792243607	0.451313131313131	0.5	"mid"
"ENSDARG00000034160"	0.0716221099438917	0.213977272727273	0.3	"mid"
"ENSDARG00000034168"	0.09277127581249	0.375	0.4	"mid"
"ENSDARG00000034174"	0.0867708646700042	0.62375	0.7	"mid"
"ENSDARG00000034178"	0.0214249240262896	0.2375	0.3	"mid"
"ENSDARG00000034187"	0.000976122365115488	0.363282828282828	0.4	"mid"
"ENSDARG00000034189"	0.0264999909039155	0.335075757575758	0.4	"mid"
"ENSDARG00000034195"	0.0327263949347722	0.214805194805195	0.3	"mid"
"ENSDARG00000034207"	0.0628383321484686	0.669090909090909	0.7	"mid"
"ENSDARG00000034211"	0.0752656518122525	0.900909090909091	1	"high"
"ENSDARG00000034227"	0.18798783308386	0.41655303030303	0.5	"mid"
"ENSDARG00000034240"	0.0591699817246982	0.364545454545455	0.4	"mid"
"ENSDARG00000034256"	0.0249515695636484	0.622045454545455	0.7	"mid"
"ENSDARG00000034262"	0.0789726911518079	0.501666666666667	0.6	"mid"
"ENSDARG00000034268"	0.0518704081333705	0.54	0.6	"mid"
"ENSDARG00000034293"	0.0821074104965898	0.583846153846154	0.6	"mid"
"ENSDARG00000034307"	0.0637075080670445	0.542272727272727	0.6	"mid"
"ENSDARG00000034309"	0.0642615518481845	0.225	0.3	"mid"
"ENSDARG00000034313"	0.0251264125616076	0.452863636363636	0.5	"mid"
"ENSDARG00000034326"	0.0252223206414112	0.241576923076923	0.3	"mid"
"ENSDARG00000034344"	0.0295118008202971	0.467777777777778	0.5	"mid"
"ENSDARG00000034368"	0.0959064339949464	0.362121212121212	0.4	"mid"
"ENSDARG00000034375"	0.035657214460606	0.693833333333333	0.7	"mid"
"ENSDARG00000034396"	0.0722347555110944	0.578205128205128	0.6	"mid"
"ENSDARG00000034409"	0.0415094566238471	0.533181818181818	0.6	"mid"
"ENSDARG00000034423"	0.0737269868411803	0.814166666666667	0.9	"high"
"ENSDARG00000034424"	0.0745807802446467	0.3785	0.4	"mid"
"ENSDARG00000034427"	0.110884769712856	0.332777777777778	0.4	"mid"
"ENSDARG00000034430"	0.114043526211337	0.488944444444444	0.5	"mid"
"ENSDARG00000034443"	0.0208663969336293	0.460795454545455	0.5	"mid"
"ENSDARG00000034470"	0.050726991128706	0.9	0.9	"high"
"ENSDARG00000034473"	0.0583326217333352	0.389166666666667	0.4	"mid"
"ENSDARG00000034497"	0.0100226395953722	0.301111111111111	0.4	"mid"
"ENSDARG00000034504"	0.0301443290015126	0.506666666666667	0.6	"mid"
"ENSDARG00000034518"	0.114932190334031	0.4025	0.5	"mid"
"ENSDARG00000034522"	0.018616222750268	0.4575	0.5	"mid"
"ENSDARG00000034534"	0.0255553098821612	0.468	0.5	"mid"
"ENSDARG00000034541"	0.0599553365908305	0.754090909090909	0.8	"mid"
"ENSDARG00000034568"	0.147306124035551	0.8165	0.9	"high"
"ENSDARG00000034588"	0.192882163692466	0.617272727272727	0.7	"mid"
"ENSDARG00000034600"	0.0277798879974717	0.437	0.5	"mid"
"ENSDARG00000034605"	0.0831683909156993	0.366121794871795	0.4	"mid"
"ENSDARG00000034616"	0.058588109002692	0.397916666666667	0.4	"mid"
"ENSDARG00000034624"	0.184083933998204	0.562727272727273	0.6	"mid"
"ENSDARG00000034633"	0.069932006140247	0.327727272727273	0.4	"mid"
"ENSDARG00000034643"	0.0579703005624306	0.536923076923077	0.6	"mid"
"ENSDARG00000034650"	0.0981474202450091	0.782424242424242	0.8	"mid"
"ENSDARG00000034668"	0.023534807234677	0.435454545454545	0.5	"mid"
"ENSDARG00000034670"	0.00765600441915186	0.3145	0.4	"mid"
"ENSDARG00000034685"	0.0368945319732577	0.425416666666667	0.5	"mid"
"ENSDARG00000034693"	0.0822934754433451	0.350340909090909	0.4	"mid"
"ENSDARG00000034700"	0.140221138422192	0.588939393939394	0.6	"mid"
"ENSDARG00000034705"	0.0991899875883894	0.820909090909091	0.9	"high"
"ENSDARG00000034718"	0.129154256356226	0.556666666666667	0.6	"mid"
"ENSDARG00000034734"	0.0362024562085419	0.379305555555556	0.4	"mid"
"ENSDARG00000034753"	0.049355549678335	0.533365384615385	0.6	"mid"
"ENSDARG00000034768"	0.11069277652906	0.343391608391608	0.4	"mid"
"ENSDARG00000034771"	0.0275985260329237	0.387992424242424	0.4	"mid"
"ENSDARG00000034773"	0.157831409270859	0.462727272727273	0.5	"mid"
"ENSDARG00000034777"	0.056611011215945	0.61491452991453	0.7	"mid"
"ENSDARG00000034808"	0.0319457975572291	0.330833333333333	0.4	"mid"
"ENSDARG00000034817"	0.116837616661614	0.478181818181818	0.5	"mid"
"ENSDARG00000034823"	0.0181483069367898	0.416060606060606	0.5	"mid"
"ENSDARG00000034852"	0.0854890721060999	0.738416666666667	0.8	"mid"
"ENSDARG00000034855"	0.177995884067987	0.691730769230769	0.7	"mid"
"ENSDARG00000034885"	0.0735227030035376	0.553333333333333	0.6	"mid"
"ENSDARG00000034893"	0.0215382597560179	0.396969696969697	0.4	"mid"
"ENSDARG00000034896"	0.0289726580656096	0.489590909090909	0.5	"mid"
"ENSDARG00000034916"	0.0719832085195848	0.451818181818182	0.5	"mid"
"ENSDARG00000034933"	0.151087806204181	0.491818181818182	0.5	"mid"
"ENSDARG00000034943"	0.0602067578448043	0.354090909090909	0.4	"mid"
"ENSDARG00000034956"	0.0482030375275015	0.448863636363636	0.5	"mid"
"ENSDARG00000034957"	0.0749794395583941	0.372762237762238	0.4	"mid"
"ENSDARG00000034975"	0.078833739166676	0.341547619047619	0.4	"mid"
"ENSDARG00000034988"	0.106303421042008	0.572651515151515	0.6	"mid"
"ENSDARG00000034989"	0.110754472007082	0.886363636363636	0.9	"high"
"ENSDARG00000035028"	0.122461626705635	0.383846153846154	0.4	"mid"
"ENSDARG00000035043"	0.0564215097589142	0.472626262626263	0.5	"mid"
"ENSDARG00000035054"	0.0482492205484094	0.308318181818182	0.4	"mid"
"ENSDARG00000035056"	0.0235173822266323	0.415192307692308	0.5	"mid"
"ENSDARG00000035066"	0.0467392320191223	0.377222222222222	0.4	"mid"
"ENSDARG00000035074"	0.106513364075897	0.223636363636364	0.3	"mid"
"ENSDARG00000035122"	0.0790794491707099	0.514227272727273	0.6	"mid"
"ENSDARG00000035129"	0.0654754164110422	0.344615384615385	0.4	"mid"
"ENSDARG00000035131"	0.0339886832932526	0.463083333333333	0.5	"mid"
"ENSDARG00000035132"	0.0918009951494202	0.423333333333333	0.5	"mid"
"ENSDARG00000035146"	0.00422590709636833	0.771666666666667	0.8	"mid"
"ENSDARG00000035147"	0.123015879208624	0.599166666666667	0.6	"mid"
"ENSDARG00000035149"	0.103951036197792	0.441493506493506	0.5	"mid"
"ENSDARG00000035152"	0.00889026399480256	0.164642857142857	0.2	"low"
"ENSDARG00000035171"	0.13237019164055	0.61	0.7	"mid"
"ENSDARG00000035175"	0.0305951903001303	0.336363636363636	0.4	"mid"
"ENSDARG00000035181"	0.0614043617288243	0.17875	0.2	"low"
"ENSDARG00000035184"	0.0517771460773294	0.309090909090909	0.4	"mid"
"ENSDARG00000035198"	0.115934576722767	0.717777777777778	0.8	"mid"
"ENSDARG00000035253"	0.10178831153266	0.661	0.7	"mid"
"ENSDARG00000035256"	0.0144151753496001	0.574444444444444	0.6	"mid"
"ENSDARG00000035257"	0.110554021996356	0.646666666666667	0.7	"mid"
"ENSDARG00000035264"	0.0718678871531634	0.389269230769231	0.4	"mid"
"ENSDARG00000035282"	0.0195924046406163	0.305075757575758	0.4	"mid"
"ENSDARG00000035285"	0.0718221605088874	0.402666666666667	0.5	"mid"
"ENSDARG00000035308"	0.0593559166535364	0.549181818181818	0.6	"mid"
"ENSDARG00000035309"	0.132608026747016	0.594153846153846	0.6	"mid"
"ENSDARG00000035324"	0.0278707178855508	0.425611111111111	0.5	"mid"
"ENSDARG00000035325"	0.0389175622904603	0.075	0.1	"low"
"ENSDARG00000035326"	0.123628680403804	0.861818181818182	0.9	"high"
"ENSDARG00000035327"	0.0358918186438354	0.909772727272727	1	"high"
"ENSDARG00000035329"	0.073081191407558	0.225416666666667	0.3	"mid"
"ENSDARG00000035330"	0.0242836883171283	0.526111111111111	0.6	"mid"
"ENSDARG00000035332"	0.0778196845122601	0.577777777777778	0.6	"mid"
"ENSDARG00000035333"	0.225814196659067	0.639	0.7	"mid"
"ENSDARG00000035350"	0.148448829844701	0.857545454545454	0.9	"high"
"ENSDARG00000035357"	0.0128165868670671	0.350833333333333	0.4	"mid"
"ENSDARG00000035360"	0.0165321324956654	0.521363636363636	0.6	"mid"
"ENSDARG00000035389"	0.0708347744456882	0.204307692307692	0.3	"mid"
"ENSDARG00000035390"	0.0174573839212621	0.207	0.3	"mid"
"ENSDARG00000035398"	0.0119357664452453	0.414545454545455	0.5	"mid"
"ENSDARG00000035399"	0.0203064153406605	0.385727272727273	0.4	"mid"
"ENSDARG00000035406"	0.0985456948941466	0.369409090909091	0.4	"mid"
"ENSDARG00000035420"	0.0543555260975351	0.486607142857143	0.5	"mid"
"ENSDARG00000035433"	0.0695847994164997	0.492777777777778	0.5	"mid"
"ENSDARG00000035434"	0.0794840874803624	0.391363636363636	0.4	"mid"
"ENSDARG00000035438"	0.0380248633170779	0.852272727272727	0.9	"high"
"ENSDARG00000035458"	0.0256268988247193	0.8125	0.9	"high"
"ENSDARG00000035459"	0.126645352356847	0.494	0.5	"mid"
"ENSDARG00000035470"	0.0471178154460452	0.440769230769231	0.5	"mid"
"ENSDARG00000035505"	0.0273032427877437	0.516363636363636	0.6	"mid"
"ENSDARG00000035506"	0.135746818493738	0.66	0.7	"mid"
"ENSDARG00000035507"	0.0994929125979557	0.440555555555556	0.5	"mid"
"ENSDARG00000035514"	0.157356310799139	0.809090909090909	0.9	"high"
"ENSDARG00000035515"	0.0440835168422483	0.405222222222222	0.5	"mid"
"ENSDARG00000035532"	0.0596087737277752	0.38	0.4	"mid"
"ENSDARG00000035535"	0.0424775540409274	0.197234848484848	0.2	"low"
"ENSDARG00000035544"	0.0703295112057548	0.568	0.6	"mid"
"ENSDARG00000035546"	0.079189490824163	0.279444444444444	0.3	"mid"
"ENSDARG00000035549"	0.0221541841379035	0.215	0.3	"mid"
"ENSDARG00000035553"	0.0323347903888633	0.607272727272727	0.7	"mid"
"ENSDARG00000035556"	0.0202158128610146	0.0950454545454545	0.1	"low"
"ENSDARG00000035558"	0.0445981704020777	0.173939393939394	0.2	"low"
"ENSDARG00000035559"	0.0880266025495664	0.310181818181818	0.4	"mid"
"ENSDARG00000035562"	0.142011990869124	0.276666666666667	0.3	"mid"
"ENSDARG00000035563"	0.0548437904851726	0.660595238095238	0.7	"mid"
"ENSDARG00000035564"	0.0335548629283294	0.240909090909091	0.3	"mid"
"ENSDARG00000035565"	0.0668259406595819	0.493611111111111	0.5	"mid"
"ENSDARG00000035569"	0.0766467587560832	0.488611111111111	0.5	"mid"
"ENSDARG00000035570"	0.0936463399762502	0.53027972027972	0.6	"mid"
"ENSDARG00000035573"	0.0452665159113883	0.712840909090909	0.8	"mid"
"ENSDARG00000035577"	0.0213129482168156	0.278080808080808	0.3	"mid"
"ENSDARG00000035578"	0.0546552735394499	0.365808080808081	0.4	"mid"
"ENSDARG00000035579"	0.0722877359521171	0.415333333333333	0.5	"mid"
"ENSDARG00000035595"	0.0326367526801682	0.710606060606061	0.8	"mid"
"ENSDARG00000035596"	0.0399981150299414	0.100909090909091	0.2	"low"
"ENSDARG00000035601"	0.104090662465044	0.768560606060606	0.8	"mid"
"ENSDARG00000035605"	0.100105804280499	0.392537878787879	0.4	"mid"
"ENSDARG00000035607"	0.0898106827334102	0.649	0.7	"mid"
"ENSDARG00000035608"	0.051011194466871	0.1175	0.2	"low"
"ENSDARG00000035618"	0.0699472589857819	0.240492424242424	0.3	"mid"
"ENSDARG00000035625"	0.0475742450238926	0.243090909090909	0.3	"mid"
"ENSDARG00000035629"	0.0182462213802407	0.71	0.8	"mid"
"ENSDARG00000035631"	0.0402235007948086	0.498	0.5	"mid"
"ENSDARG00000035632"	0.142764467820904	0.947373737373737	1	"high"
"ENSDARG00000035634"	0.0300493043527107	0.357142857142857	0.4	"mid"
"ENSDARG00000035650"	0.0510330186304965	0.374285714285714	0.4	"mid"
"ENSDARG00000035652"	0.0681129067418749	0.849	0.9	"high"
"ENSDARG00000035676"	0.06023830124711	0.367923076923077	0.4	"mid"
"ENSDARG00000035678"	0.0232116142647002	0.28405303030303	0.3	"mid"
"ENSDARG00000035679"	0.00993716203122681	0.114285714285714	0.2	"low"
"ENSDARG00000035682"	0.0656228917646457	0.231111111111111	0.3	"mid"
"ENSDARG00000035695"	0.0264816118471185	0.471818181818182	0.5	"mid"
"ENSDARG00000035699"	0.0588947102417575	0.268333333333333	0.3	"mid"
"ENSDARG00000035706"	0.0357689956451101	0.395333333333333	0.4	"mid"
"ENSDARG00000035719"	0.0581817574204317	0.948650793650794	1	"high"
"ENSDARG00000035732"	0.0214818985104669	0.892222222222222	0.9	"high"
"ENSDARG00000035741"	0.02571555067574	0.445892857142857	0.5	"mid"
"ENSDARG00000035751"	0.024320449383237	0.3225	0.4	"mid"
"ENSDARG00000035771"	0.117097781882126	0.433333333333333	0.5	"mid"
"ENSDARG00000035781"	0.0185614189272012	0.725113636363636	0.8	"mid"
"ENSDARG00000035798"	0.0568168606292101	0.413863636363636	0.5	"mid"
"ENSDARG00000035808"	0.0125894429264933	0.194285714285714	0.2	"low"
"ENSDARG00000035810"	0.0616569319989129	0.863166666666667	0.9	"high"
"ENSDARG00000035819"	0.0854586586223011	0.58	0.6	"mid"
"ENSDARG00000035821"	0.137515056549766	0.338333333333333	0.4	"mid"
"ENSDARG00000035823"	0.137515056549766	0.544285714285714	0.6	"mid"
"ENSDARG00000035835"	0.0688603600405798	0.624090909090909	0.7	"mid"
"ENSDARG00000035859"	0.108977574199119	0.909265734265734	1	"high"
"ENSDARG00000035869"	0.15253006058405	0.650378787878788	0.7	"mid"
"ENSDARG00000035870"	0.053686811338961	0.22825	0.3	"mid"
"ENSDARG00000035872"	0.126694890493374	0.27125	0.3	"mid"
"ENSDARG00000035879"	0.0820732021778724	0.349909090909091	0.4	"mid"
"ENSDARG00000035880"	0.0288690756396867	0.527377622377622	0.6	"mid"
"ENSDARG00000035882"	0.120508164641619	0.563506493506494	0.6	"mid"
"ENSDARG00000035883"	0.0344034669476956	0.682307692307692	0.7	"mid"
"ENSDARG00000035887"	0.0459173145906639	0.269603174603175	0.3	"mid"
"ENSDARG00000035890"	0.0820732021778724	0.452916666666667	0.5	"mid"
"ENSDARG00000035904"	0.0474606479032885	0.635833333333333	0.7	"mid"
"ENSDARG00000035905"	0.045100552770914	0.332337662337662	0.4	"mid"
"ENSDARG00000035907"	0.00788237415671466	0.221166666666667	0.3	"mid"
"ENSDARG00000035909"	0.0810382041102074	0.888181818181818	0.9	"high"
"ENSDARG00000035913"	0.0535025090124583	0.490181818181818	0.5	"mid"
"ENSDARG00000035914"	0.0692908363598091	0.2365	0.3	"mid"
"ENSDARG00000035918"	0.0466999550191358	0.514545454545455	0.6	"mid"
"ENSDARG00000035924"	0.0630425220770631	0.258590909090909	0.3	"mid"
"ENSDARG00000035954"	0.147881049627373	0.417777777777778	0.5	"mid"
"ENSDARG00000035957"	0.143868908833432	0.459230769230769	0.5	"mid"
"ENSDARG00000035970"	0.0811949637824133	0.313636363636364	0.4	"mid"
"ENSDARG00000035978"	0.0429212186274098	0.162222222222222	0.2	"low"
"ENSDARG00000035985"	0.0756601282227153	0.365	0.4	"mid"
"ENSDARG00000035986"	0.0858940551704314	0.210583333333333	0.3	"mid"
"ENSDARG00000035987"	0.120693421146326	0.237636363636364	0.3	"mid"
"ENSDARG00000035990"	0.0633074942593169	0.576818181818182	0.6	"mid"
"ENSDARG00000035993"	0.00620980447124427	0.557	0.6	"mid"
"ENSDARG00000036005"	0.0496579055457258	0.724090909090909	0.8	"mid"
"ENSDARG00000036028"	0.0516268227597304	0.792818181818182	0.8	"mid"
"ENSDARG00000036036"	0.108034838214193	0.544090909090909	0.6	"mid"
"ENSDARG00000036038"	0.0643724706250797	0.322045454545455	0.4	"mid"
"ENSDARG00000036040"	0.0484465252959971	0.327828282828283	0.4	"mid"
"ENSDARG00000036041"	0.0924110891996856	0.842409090909091	0.9	"high"
"ENSDARG00000036043"	0.092543546656793	0.367272727272727	0.4	"mid"
"ENSDARG00000036055"	0.0218046958139743	0.544444444444445	0.6	"mid"
"ENSDARG00000036057"	0.115247206232303	0.354333333333333	0.4	"mid"
"ENSDARG00000036058"	0.0225582454061612	0.206363636363636	0.3	"mid"
"ENSDARG00000036059"	0.0947666944816962	0.534416666666667	0.6	"mid"
"ENSDARG00000036060"	0.0589107805272401	0.671916666666667	0.7	"mid"
"ENSDARG00000036061"	0.0844256771824708	0.300954545454545	0.4	"mid"
"ENSDARG00000036063"	0.0421759293613648	0.168571428571429	0.2	"low"
"ENSDARG00000036064"	0.0075262358739417	0.401060606060606	0.5	"mid"
"ENSDARG00000036065"	0.0725267956504196	0.488	0.5	"mid"
"ENSDARG00000036069"	0.0102122841099633	0.368181818181818	0.4	"mid"
"ENSDARG00000036070"	0.0738189316884048	0.8145	0.9	"high"
"ENSDARG00000036073"	0.0287474247574607	0.404590909090909	0.5	"mid"
"ENSDARG00000036074"	0.0374761812713694	0.768388888888889	0.8	"mid"
"ENSDARG00000036076"	0.0955388119807765	0.395909090909091	0.4	"mid"
"ENSDARG00000036086"	0.0711224848403785	0.356666666666667	0.4	"mid"
"ENSDARG00000036090"	0.0414184285786199	0.468181818181818	0.5	"mid"
"ENSDARG00000036092"	0.114492551716648	0.396388888888889	0.4	"mid"
"ENSDARG00000036094"	0.0371886466780825	0.525555555555556	0.6	"mid"
"ENSDARG00000036096"	0.0178258555963734	0.540178571428571	0.6	"mid"
"ENSDARG00000036100"	0.0807492018184115	0.268814102564103	0.3	"mid"
"ENSDARG00000036102"	0.0466093560012643	0.677416666666667	0.7	"mid"
"ENSDARG00000036109"	0.0768841569969866	0.384545454545455	0.4	"mid"
"ENSDARG00000036116"	0.0301935149381672	0.416111111111111	0.5	"mid"
"ENSDARG00000036136"	0.11747479662452	0.438888888888889	0.5	"mid"
"ENSDARG00000036140"	0.0647305676198603	0.470909090909091	0.5	"mid"
"ENSDARG00000036152"	0.0653750699581466	0.67008547008547	0.7	"mid"
"ENSDARG00000036155"	0.0884818353337609	0.812867132867133	0.9	"high"
"ENSDARG00000036158"	0.0851447173438959	0.390681818181818	0.4	"mid"
"ENSDARG00000036164"	0.0663718220046626	0.232777777777778	0.3	"mid"
"ENSDARG00000036171"	0.16663491328855	0.657727272727273	0.7	"mid"
"ENSDARG00000036175"	0.041325574324283	0.344583333333333	0.4	"mid"
"ENSDARG00000036179"	0.0337174004409926	0.626666666666667	0.7	"mid"
"ENSDARG00000036180"	0.0993983415892913	0.758888888888889	0.8	"mid"
"ENSDARG00000036189"	0.189006878121049	0.544431818181818	0.6	"mid"
"ENSDARG00000036190"	0.00567150484332892	0.696818181818182	0.7	"mid"
"ENSDARG00000036212"	0.059270400746355	0.429333333333333	0.5	"mid"
"ENSDARG00000036232"	0.038498809011277	0.706515151515152	0.8	"mid"
"ENSDARG00000036237"	0.132831093531961	0.678181818181818	0.7	"mid"
"ENSDARG00000036239"	0.0450957199780748	0.746818181818182	0.8	"mid"
"ENSDARG00000036252"	0.0146727068240922	0.282159090909091	0.3	"mid"
"ENSDARG00000036257"	0.0409407210582638	0.521	0.6	"mid"
"ENSDARG00000036282"	0.142855484095354	0.518	0.6	"mid"
"ENSDARG00000036291"	0.0619640412716228	0.4475	0.5	"mid"
"ENSDARG00000036295"	0.0360246290276356	0.465454545454545	0.5	"mid"
"ENSDARG00000036299"	0.0620647552232808	0.400909090909091	0.5	"mid"
"ENSDARG00000036329"	0.164860391517298	0.889659090909091	0.9	"high"
"ENSDARG00000036335"	0.133453042481625	0.288555555555556	0.3	"mid"
"ENSDARG00000036337"	0.138108776666724	0.663636363636364	0.7	"mid"
"ENSDARG00000036338"	0.031550787543834	0.416666666666667	0.5	"mid"
"ENSDARG00000036344"	0.0428266921730102	0.538	0.6	"mid"
"ENSDARG00000036345"	0.121912400672165	0.253333333333333	0.3	"mid"
"ENSDARG00000036359"	0.108448765055445	0.525854700854701	0.6	"mid"
"ENSDARG00000036371"	0.00289744725040673	0.786666666666667	0.8	"mid"
"ENSDARG00000036375"	0.00270644482805023	0.361319444444444	0.4	"mid"
"ENSDARG00000036376"	0.0434929022437077	0.57	0.6	"mid"
"ENSDARG00000036382"	0.150568150385922	0.6175	0.7	"mid"
"ENSDARG00000036383"	0.0621548438154539	0.434242424242424	0.5	"mid"
"ENSDARG00000036386"	0.139164755518268	0.718333333333333	0.8	"mid"
"ENSDARG00000036414"	0.0827772932178022	0.8675	0.9	"high"
"ENSDARG00000036420"	0.127810704107944	0.326666666666667	0.4	"mid"
"ENSDARG00000036424"	0.0810233627387697	0.473076923076923	0.5	"mid"
"ENSDARG00000036426"	0.0777518090130355	0.4365	0.5	"mid"
"ENSDARG00000036442"	0.0608036011688114	0.339090909090909	0.4	"mid"
"ENSDARG00000036445"	0.157179911454398	0.422	0.5	"mid"
"ENSDARG00000036473"	0.146767345623886	0.370192307692308	0.4	"mid"
"ENSDARG00000036481"	0.195720622906307	0.78	0.8	"mid"
"ENSDARG00000036482"	0.0346412103273091	0.597916666666667	0.6	"mid"
"ENSDARG00000036489"	0.0202162731523511	0.280643939393939	0.3	"mid"
"ENSDARG00000036493"	0.102110957662915	0.398363636363636	0.4	"mid"
"ENSDARG00000036494"	0.0949397031188193	0.527474747474747	0.6	"mid"
"ENSDARG00000036501"	0.0158479214722163	0.363846153846154	0.4	"mid"
"ENSDARG00000036505"	0.053445763254799	0.269166666666667	0.3	"mid"
"ENSDARG00000036510"	0.0766242666210757	0.206111111111111	0.3	"mid"
"ENSDARG00000036541"	0.0370674862947364	0.5125	0.6	"mid"
"ENSDARG00000036549"	0.062451592132242	0.456904761904762	0.5	"mid"
"ENSDARG00000036558"	0.109401031630324	0.416190476190476	0.5	"mid"
"ENSDARG00000036575"	0.166684898683176	0.417954545454545	0.5	"mid"
"ENSDARG00000036577"	0.00473046874408936	0.282777777777778	0.3	"mid"
"ENSDARG00000036587"	0.120694839905131	0.357714285714286	0.4	"mid"
"ENSDARG00000036592"	0.115860814358643	0.422727272727273	0.5	"mid"
"ENSDARG00000036593"	0.0464548126529188	0.275727272727273	0.3	"mid"
"ENSDARG00000036625"	0.0128803715357056	0.554191919191919	0.6	"mid"
"ENSDARG00000036636"	0.0503362625181445	0.56625	0.6	"mid"
"ENSDARG00000036637"	0.112201837750796	0.547227272727273	0.6	"mid"
"ENSDARG00000036645"	0.0634511493551968	0.4	0.4	"mid"
"ENSDARG00000036650"	0.109806686938456	0.412222222222222	0.5	"mid"
"ENSDARG00000036658"	0.0374237031334717	0.436780303030303	0.5	"mid"
"ENSDARG00000036670"	0.0429706264794892	0.880833333333333	0.9	"high"
"ENSDARG00000036675"	0.0790729257836442	0.678333333333333	0.7	"mid"
"ENSDARG00000036678"	0.0712456387664549	0.529	0.6	"mid"
"ENSDARG00000036684"	0.0889051178262119	0.9075	1	"high"
"ENSDARG00000036685"	0.0767941215925239	0.265909090909091	0.3	"mid"
"ENSDARG00000036687"	0.069561212128284	0.507525252525252	0.6	"mid"
"ENSDARG00000036695"	0.127730810841619	0.756923076923077	0.8	"mid"
"ENSDARG00000036698"	0.0719988135221334	0.342676767676768	0.4	"mid"
"ENSDARG00000036704"	0.108816383530392	0.410984848484849	0.5	"mid"
"ENSDARG00000036721"	0.0523627833779364	0.439909090909091	0.5	"mid"
"ENSDARG00000036754"	0.0970145557304706	0.615909090909091	0.7	"mid"
"ENSDARG00000036755"	0.0924518260607022	0.340378787878788	0.4	"mid"
"ENSDARG00000036772"	0.0676196714664246	0.444090909090909	0.5	"mid"
"ENSDARG00000036775"	0.0897730853522153	0.591590909090909	0.6	"mid"
"ENSDARG00000036776"	0.082419673836303	0.52	0.6	"mid"
"ENSDARG00000036778"	0.0522859509801816	0.169423076923077	0.2	"low"
"ENSDARG00000036781"	0.259088086453088	0.355555555555556	0.4	"mid"
"ENSDARG00000036784"	0.103724351276084	0.343392857142857	0.4	"mid"
"ENSDARG00000036787"	0.138128336076338	0.698441558441558	0.7	"mid"
"ENSDARG00000036791"	0.0495493763630764	0.582222222222222	0.6	"mid"
"ENSDARG00000036809"	0.105307453655993	0.56	0.6	"mid"
"ENSDARG00000036811"	0.086775766359301	0.488636363636364	0.5	"mid"
"ENSDARG00000036816"	0.0535589731403672	0.595454545454545	0.6	"mid"
"ENSDARG00000036820"	0.111030145019322	0.428181818181818	0.5	"mid"
"ENSDARG00000036831"	0.0145843785020701	0.276	0.3	"mid"
"ENSDARG00000036833"	0.0631719797521294	0.796153846153846	0.8	"mid"
"ENSDARG00000036846"	0.119776051615357	0.393333333333333	0.4	"mid"
"ENSDARG00000036848"	0.0486563748247661	0.624025974025974	0.7	"mid"
"ENSDARG00000036863"	0.0405782598283617	0.381121794871795	0.4	"mid"
"ENSDARG00000036865"	0.101484508503882	0.502045454545455	0.6	"mid"
"ENSDARG00000036868"	0.047014561718141	0.404204545454545	0.5	"mid"
"ENSDARG00000036870"	0.00621451729173278	0.182227272727273	0.2	"low"
"ENSDARG00000036876"	0.172972694490207	0.945050505050505	1	"high"
"ENSDARG00000036893"	0.149764422958258	0.677	0.7	"mid"
"ENSDARG00000036894"	0.102591351501738	0.735	0.8	"mid"
"ENSDARG00000036903"	0.178561926733747	0.465	0.5	"mid"
"ENSDARG00000036911"	0.0496550548768034	0.378	0.4	"mid"
"ENSDARG00000036915"	0.0619408397663495	0.458181818181818	0.5	"mid"
"ENSDARG00000036929"	0.0613479907922649	0.376111111111111	0.4	"mid"
"ENSDARG00000036940"	0.103126654139494	0.428636363636364	0.5	"mid"
"ENSDARG00000036942"	0.0735095582557401	0.903	1	"high"
"ENSDARG00000036943"	0.0619374965016792	0.627272727272727	0.7	"mid"
"ENSDARG00000036965"	0.0220104115119352	0.459242424242424	0.5	"mid"
"ENSDARG00000036966"	0.0937015437411879	0.891111111111111	0.9	"high"
"ENSDARG00000036967"	0.0549022792885432	0.721666666666667	0.8	"mid"
"ENSDARG00000036985"	0.0652494310018692	0.507	0.6	"mid"
"ENSDARG00000036990"	0.0841906954993553	0.425972222222222	0.5	"mid"
"ENSDARG00000036994"	0.0281344450852696	0.338083333333333	0.4	"mid"
"ENSDARG00000036995"	0.00344428765832156	0.584545454545455	0.6	"mid"
"ENSDARG00000037000"	0.0947466429178829	0.506363636363636	0.6	"mid"
"ENSDARG00000037009"	0.0513115937503762	0.404269230769231	0.5	"mid"
"ENSDARG00000037017"	0.0356211783168442	0.123333333333333	0.2	"low"
"ENSDARG00000037018"	0.0749462313357082	0.278	0.3	"mid"
"ENSDARG00000037020"	0.0258846474624202	0.198181818181818	0.2	"low"
"ENSDARG00000037033"	0.101012414439587	0.375384615384615	0.4	"mid"
"ENSDARG00000037038"	0.00409349889425706	0.263712121212121	0.3	"mid"
"ENSDARG00000037040"	0.125901693217466	0.204545454545455	0.3	"mid"
"ENSDARG00000037046"	0.0840561938901453	0.313636363636364	0.4	"mid"
"ENSDARG00000037057"	0.0328287197975857	0.293846153846154	0.3	"mid"
"ENSDARG00000037059"	0.0635107401127611	0.310454545454545	0.4	"mid"
"ENSDARG00000037061"	0.0532940386810685	0.276349206349206	0.3	"mid"
"ENSDARG00000037070"	0.115842562028504	0.386428571428571	0.4	"mid"
"ENSDARG00000037091"	0.116886207725195	0.601923076923077	0.7	"mid"
"ENSDARG00000037097"	0.0356484405174239	0.735	0.8	"mid"
"ENSDARG00000037100"	0.120810532569087	0.353076923076923	0.4	"mid"
"ENSDARG00000037101"	0.0928399235505213	0.485757575757576	0.5	"mid"
"ENSDARG00000037108"	0.0566089522172535	0.563961038961039	0.6	"mid"
"ENSDARG00000037109"	0.0628485047879154	0.267136363636364	0.3	"mid"
"ENSDARG00000037122"	0.0259642048412094	0.607272727272727	0.7	"mid"
"ENSDARG00000037140"	0.045844585904235	0.574916666666667	0.6	"mid"
"ENSDARG00000037145"	0.0271011435354215	0.623173076923077	0.7	"mid"
"ENSDARG00000037154"	0.13370773916682	0.44	0.5	"mid"
"ENSDARG00000037158"	0.0758995601611924	0.560909090909091	0.6	"mid"
"ENSDARG00000037176"	0.147259056288769	0.62780303030303	0.7	"mid"
"ENSDARG00000037188"	0.110127456708608	0.4825	0.5	"mid"
"ENSDARG00000037191"	0.160814589180416	0.593030303030303	0.6	"mid"
"ENSDARG00000037199"	0.0977014547076485	0.563406593406593	0.6	"mid"
"ENSDARG00000037229"	0.0376767019547961	0.624909090909091	0.7	"mid"
"ENSDARG00000037238"	0.0153603288439076	0.495	0.5	"mid"
"ENSDARG00000037244"	0.0717063143452185	0.329107142857143	0.4	"mid"
"ENSDARG00000037245"	0.0877568281818342	0.550388888888889	0.6	"mid"
"ENSDARG00000037256"	0.0268621841690678	0.582	0.6	"mid"
"ENSDARG00000037259"	0.0796266824045155	0.599015151515152	0.6	"mid"
"ENSDARG00000037260"	0.11709531742817	0.349583333333333	0.4	"mid"
"ENSDARG00000037261"	0.0576104958499908	0.278690476190476	0.3	"mid"
"ENSDARG00000037267"	0.090385242722247	0.657	0.7	"mid"
"ENSDARG00000037281"	0.0886268809381411	0.962	1	"high"
"ENSDARG00000037283"	0.0311649030856716	0.1285	0.2	"low"
"ENSDARG00000037284"	0.0790920730460274	0.5625	0.6	"mid"
"ENSDARG00000037285"	0.0520250222066357	0.179	0.2	"low"
"ENSDARG00000037291"	0.0291457310055362	0.522	0.6	"mid"
"ENSDARG00000037307"	0.0353681673165508	0.5075	0.6	"mid"
"ENSDARG00000037309"	0.096674282879604	0.317090909090909	0.4	"mid"
"ENSDARG00000037318"	0.0260028585227707	0.416011904761905	0.5	"mid"
"ENSDARG00000037324"	0.01018291227852	0.376363636363636	0.4	"mid"
"ENSDARG00000037358"	0.0547258335512621	0.480909090909091	0.5	"mid"
"ENSDARG00000037361"	0.0212269183464448	0.264747474747475	0.3	"mid"
"ENSDARG00000037362"	0.0629021405742516	0.581666666666667	0.6	"mid"
"ENSDARG00000037378"	0.10140702257185	0.572636363636364	0.6	"mid"
"ENSDARG00000037393"	0.072186221903399	0.69527972027972	0.7	"mid"
"ENSDARG00000037397"	0.0271380710676583	0.351818181818182	0.4	"mid"
"ENSDARG00000037403"	0.0160273414484114	0.6825	0.7	"mid"
"ENSDARG00000037405"	0.0679410218817696	0.452727272727273	0.5	"mid"
"ENSDARG00000037406"	0.0825520189219311	0.400757575757576	0.5	"mid"
"ENSDARG00000037408"	0.0930897117123565	0.43	0.5	"mid"
"ENSDARG00000037409"	0.054332751957431	0.702	0.8	"mid"
"ENSDARG00000037410"	0.0293410671466272	0.353333333333333	0.4	"mid"
"ENSDARG00000037421"	0.0622882993193786	0.906363636363636	1	"high"
"ENSDARG00000037423"	0.0619239064738262	0.257222222222222	0.3	"mid"
"ENSDARG00000037425"	0.100453853537749	0.677545454545454	0.7	"mid"
"ENSDARG00000037432"	0.230790208841032	0.355	0.4	"mid"
"ENSDARG00000037433"	0.0359216502022289	0.296818181818182	0.3	"mid"
"ENSDARG00000037455"	0.0624977689688975	0.713194444444444	0.8	"mid"
"ENSDARG00000037484"	0.20197024931988	0.177272727272727	0.2	"low"
"ENSDARG00000037488"	0.0573781464613239	0.198181818181818	0.2	"low"
"ENSDARG00000037501"	0.121302574185105	0.366587301587302	0.4	"mid"
"ENSDARG00000037503"	0.0374351023767124	0.1725	0.2	"low"
"ENSDARG00000037506"	0.0148343548989276	0.306666666666667	0.4	"mid"
"ENSDARG00000037514"	1e-04	0.294090909090909	0.3	"mid"
"ENSDARG00000037517"	0.0534702323069874	0.335378787878788	0.4	"mid"
"ENSDARG00000037528"	0.110747899854083	0.630909090909091	0.7	"mid"
"ENSDARG00000037532"	0.0355316028864284	0.477272727272727	0.5	"mid"
"ENSDARG00000037537"	0.0727840151554872	0.393	0.4	"mid"
"ENSDARG00000037539"	0.00920559560437185	0.833333333333333	0.9	"high"
"ENSDARG00000037554"	0.0601834145616769	0.411	0.5	"mid"
"ENSDARG00000037556"	0.148996207294772	0.2265	0.3	"mid"
"ENSDARG00000037560"	0.0567804334107593	0.508333333333333	0.6	"mid"
"ENSDARG00000037570"	0.0952799535127122	0.637179487179487	0.7	"mid"
"ENSDARG00000037574"	0.026004856387887	0.325972222222222	0.4	"mid"
"ENSDARG00000037589"	0.0140563521341845	0.12041958041958	0.2	"low"
"ENSDARG00000037593"	0.0354080155694547	0.689090909090909	0.7	"mid"
"ENSDARG00000037628"	0.126407239852173	0.357916666666667	0.4	"mid"
"ENSDARG00000037633"	0.0744265957607049	0.2775	0.3	"mid"
"ENSDARG00000037640"	0.0399930469654779	0.798333333333333	0.8	"mid"
"ENSDARG00000037645"	0.150494013234593	0.337181818181818	0.4	"mid"
"ENSDARG00000037647"	0.0429913548032308	0.308787878787879	0.4	"mid"
"ENSDARG00000037652"	0.0623349111389495	0.564545454545455	0.6	"mid"
"ENSDARG00000037654"	0.0694887137155246	0.49	0.5	"mid"
"ENSDARG00000037655"	0.0638979237682055	0.677121212121212	0.7	"mid"
"ENSDARG00000037675"	0.108709589730854	0.635064935064935	0.7	"mid"
"ENSDARG00000037677"	0.0489288210001988	0.638590909090909	0.7	"mid"
"ENSDARG00000037679"	0.0655420403541524	0.451780303030303	0.5	"mid"
"ENSDARG00000037706"	0.117765638830627	0.8725	0.9	"high"
"ENSDARG00000037708"	0.0825816490496351	0.402792207792208	0.5	"mid"
"ENSDARG00000037739"	0.186348258067406	0.41	0.5	"mid"
"ENSDARG00000037747"	0.0492165117274848	0.47	0.5	"mid"
"ENSDARG00000037748"	0.0721568941553789	0.64	0.7	"mid"
"ENSDARG00000037773"	0.0515544061702304	0.428888888888889	0.5	"mid"
"ENSDARG00000037777"	0.0814456060323704	0.472333333333333	0.5	"mid"
"ENSDARG00000037789"	0.110110832882903	0.838333333333333	0.9	"high"
"ENSDARG00000037790"	0.130121393229108	0.850454545454545	0.9	"high"
"ENSDARG00000037804"	0.0360303252213399	0.459090909090909	0.5	"mid"
"ENSDARG00000037805"	0.177540021557867	0.848681818181818	0.9	"high"
"ENSDARG00000037810"	0.0982363196720425	0.263333333333333	0.3	"mid"
"ENSDARG00000037835"	0.0233320075289126	0.405	0.5	"mid"
"ENSDARG00000037837"	0.111607332463952	0.454545454545455	0.5	"mid"
"ENSDARG00000037838"	0.0626886880624204	0.423051948051948	0.5	"mid"
"ENSDARG00000037846"	0.0339199482520237	0.324191919191919	0.4	"mid"
"ENSDARG00000037852"	0.127382768701656	0.601818181818182	0.7	"mid"
"ENSDARG00000037855"	0.057019666704003	0.495808080808081	0.5	"mid"
"ENSDARG00000037861"	0.069203908905109	0.474285714285714	0.5	"mid"
"ENSDARG00000037865"	0.0900146991997369	0.546	0.6	"mid"
"ENSDARG00000037879"	0.044545523430514	0.516	0.6	"mid"
"ENSDARG00000037883"	0.0968295721175089	0.325636363636364	0.4	"mid"
"ENSDARG00000037884"	0.0213759989464196	0.35	0.4	"mid"
"ENSDARG00000037895"	0.105933458343833	0.611363636363636	0.7	"mid"
"ENSDARG00000037906"	0.0877016653580692	0.3075	0.4	"mid"
"ENSDARG00000037909"	0.118333288944758	0.466212121212121	0.5	"mid"
"ENSDARG00000037917"	0.132604304825286	0.579949494949495	0.6	"mid"
"ENSDARG00000037921"	0.0205163833425561	0.452460317460317	0.5	"mid"
"ENSDARG00000037925"	0.0745629733887768	0.466363636363636	0.5	"mid"
"ENSDARG00000037929"	0.0545103154593758	0.298012820512821	0.3	"mid"
"ENSDARG00000037930"	0.0429608484270889	0.427727272727273	0.5	"mid"
"ENSDARG00000037935"	0.160599522182124	0.379863636363636	0.4	"mid"
"ENSDARG00000037941"	0.0336172987889767	0.429444444444444	0.5	"mid"
"ENSDARG00000037954"	0.0374180373529006	0.76	0.8	"mid"
"ENSDARG00000037955"	0.108328846838553	0.199545454545455	0.2	"low"
"ENSDARG00000037958"	0.0405693919662576	0.168939393939394	0.2	"low"
"ENSDARG00000037960"	0.131050729676721	0.451464646464646	0.5	"mid"
"ENSDARG00000037961"	0.0528806611732375	0.6125	0.7	"mid"
"ENSDARG00000037962"	0.0484591127704164	0.250909090909091	0.3	"mid"
"ENSDARG00000037966"	0.0634318415097554	0.399505494505495	0.4	"mid"
"ENSDARG00000037967"	0.0263328996620664	0.430863636363636	0.5	"mid"
"ENSDARG00000037968"	0.0754813563883527	0.619242424242424	0.7	"mid"
"ENSDARG00000037980"	0.0580880967290135	0.177227272727273	0.2	"low"
"ENSDARG00000037995"	0.0924253082391857	0.627777777777778	0.7	"mid"
"ENSDARG00000037997"	0.00294013139507698	0.602916666666667	0.7	"mid"
"ENSDARG00000037998"	0.031810188261141	0.154444444444444	0.2	"low"
"ENSDARG00000038000"	0.0646318558220334	0.251636363636364	0.3	"mid"
"ENSDARG00000038010"	0.011013795694459	0.281153846153846	0.3	"mid"
"ENSDARG00000038011"	0.0537792087396217	0.609	0.7	"mid"
"ENSDARG00000038012"	0.111581496838527	0.757272727272727	0.8	"mid"
"ENSDARG00000038018"	0.0610800453386907	0.2915	0.3	"mid"
"ENSDARG00000038024"	0.0645514612931426	0.284545454545455	0.3	"mid"
"ENSDARG00000038025"	0.0726568451477554	0.490454545454545	0.5	"mid"
"ENSDARG00000038027"	0.117160500940497	0.820568181818182	0.9	"high"
"ENSDARG00000038040"	0.104140657929159	0.916048951048951	1	"high"
"ENSDARG00000038059"	0.0141481741008186	0.612857142857143	0.7	"mid"
"ENSDARG00000038064"	0.0568900332056188	0.331136363636364	0.4	"mid"
"ENSDARG00000038066"	0.0967057968896253	0.660909090909091	0.7	"mid"
"ENSDARG00000038067"	0.0103271686929512	0.503	0.6	"mid"
"ENSDARG00000038069"	0.0339828482881446	0.34	0.4	"mid"
"ENSDARG00000038074"	0.0240603917994229	0.453227272727273	0.5	"mid"
"ENSDARG00000038095"	0.112814594820481	0.836666666666667	0.9	"high"
"ENSDARG00000038097"	0.0755588814731293	0.300666666666667	0.4	"mid"
"ENSDARG00000038099"	0.0617249161542373	0.17594696969697	0.2	"low"
"ENSDARG00000038106"	0.0519138216687491	0.334571428571429	0.4	"mid"
"ENSDARG00000038113"	0.0213698754240938	0.252840909090909	0.3	"mid"
"ENSDARG00000038121"	0.0969061414588116	0.756666666666667	0.8	"mid"
"ENSDARG00000038123"	0.00707293972064719	0.635340909090909	0.7	"mid"
"ENSDARG00000038133"	0.130938753644765	0.480416666666667	0.5	"mid"
"ENSDARG00000038139"	0.120849307408193	0.491818181818182	0.5	"mid"
"ENSDARG00000038153"	0.216845796104888	0.412840909090909	0.5	"mid"
"ENSDARG00000038156"	0.102652290634516	0.4525	0.5	"mid"
"ENSDARG00000038159"	0.0375992904904921	0.664444444444444	0.7	"mid"
"ENSDARG00000038207"	0.0566331915153323	0.686923076923077	0.7	"mid"
"ENSDARG00000038213"	0.0515041525506782	0.408484848484848	0.5	"mid"
"ENSDARG00000038222"	0.120137048214902	0.4225	0.5	"mid"
"ENSDARG00000038225"	0.0130766485655294	0.164810606060606	0.2	"low"
"ENSDARG00000038228"	0.0961754964806656	0.208333333333333	0.3	"mid"
"ENSDARG00000038258"	0.114543747170168	0.492222222222222	0.5	"mid"
"ENSDARG00000038270"	0.0572966536124112	0.233	0.3	"mid"
"ENSDARG00000038281"	0.0596562739999987	0.436363636363636	0.5	"mid"
"ENSDARG00000038288"	0.0994701270784797	0.43	0.5	"mid"
"ENSDARG00000038290"	0.0506069711608945	0.282987012987013	0.3	"mid"
"ENSDARG00000038296"	0.206770740081201	0.533333333333333	0.6	"mid"
"ENSDARG00000038300"	0.0567583136186603	0.251969696969697	0.3	"mid"
"ENSDARG00000038308"	0.0621397951587607	0.444545454545455	0.5	"mid"
"ENSDARG00000038309"	0.107529000489929	0.393035714285714	0.4	"mid"
"ENSDARG00000038312"	0.0647600124351357	0.695	0.7	"mid"
"ENSDARG00000038321"	0.178558929313366	0.955	1	"high"
"ENSDARG00000038348"	0.0895076677667009	0.491318181818182	0.5	"mid"
"ENSDARG00000038359"	0.0653603269096244	0.58725	0.6	"mid"
"ENSDARG00000038360"	0.0817952818149964	0.3495	0.4	"mid"
"ENSDARG00000038378"	0.10077010554858	0.441818181818182	0.5	"mid"
"ENSDARG00000038397"	0.14650105535913	0.391111111111111	0.4	"mid"
"ENSDARG00000038414"	0.0425243597119592	0.629444444444444	0.7	"mid"
"ENSDARG00000038422"	0.0533327511055254	0.6655	0.7	"mid"
"ENSDARG00000038424"	0.156821248336255	0.637272727272727	0.7	"mid"
"ENSDARG00000038428"	0.045301881223047	0.489	0.5	"mid"
"ENSDARG00000038432"	0.046544993508694	0.266555555555556	0.3	"mid"
"ENSDARG00000038439"	0.146980604930313	0.892361111111111	0.9	"high"
"ENSDARG00000038446"	0.048172309105176	0.559242424242424	0.6	"mid"
"ENSDARG00000038456"	0.118298717676716	0.432318181818182	0.5	"mid"
"ENSDARG00000038465"	0.0388602371673913	0.384444444444444	0.4	"mid"
"ENSDARG00000038467"	0.0996535627144222	0.510833333333333	0.6	"mid"
"ENSDARG00000038473"	0.0441224853636015	0.310045454545455	0.4	"mid"
"ENSDARG00000038475"	0.0964129304480427	0.355454545454545	0.4	"mid"
"ENSDARG00000038476"	0.0957125525886923	0.4225	0.5	"mid"
"ENSDARG00000038505"	1e-04	0.597467532467532	0.6	"mid"
"ENSDARG00000038524"	0.0355095813367367	0.666888888888889	0.7	"mid"
"ENSDARG00000038537"	0.0656788320240091	0.276111111111111	0.3	"mid"
"ENSDARG00000038543"	0.013120012589532	0.404545454545455	0.5	"mid"
"ENSDARG00000038557"	0.072783897293405	0.448484848484848	0.5	"mid"
"ENSDARG00000038559"	0.0852235582832779	0.8125	0.9	"high"
"ENSDARG00000038563"	0.0849496970214308	0.458080808080808	0.5	"mid"
"ENSDARG00000038566"	0.0950706736918593	0.399833333333333	0.4	"mid"
"ENSDARG00000038567"	0.0857864300230737	0.250871212121212	0.3	"mid"
"ENSDARG00000038569"	0.0144752293387761	0.635454545454545	0.7	"mid"
"ENSDARG00000038576"	0.0315791987451414	0.353863636363636	0.4	"mid"
"ENSDARG00000038577"	0.0746706674024719	0.878333333333333	0.9	"high"
"ENSDARG00000038585"	0.0229601455565861	0.497636363636364	0.5	"mid"
"ENSDARG00000038587"	0.200950885875084	0.522272727272727	0.6	"mid"
"ENSDARG00000038608"	0.139599162625321	0.565227272727273	0.6	"mid"
"ENSDARG00000038615"	0.0645806173430093	0.369090909090909	0.4	"mid"
"ENSDARG00000038618"	0.101769872815213	0.443666666666667	0.5	"mid"
"ENSDARG00000038635"	0.00818240690806224	0.809356060606061	0.9	"high"
"ENSDARG00000038639"	0.0739770032312962	0.916363636363636	1	"high"
"ENSDARG00000038643"	0.0493679592472163	0.662083333333333	0.7	"mid"
"ENSDARG00000038658"	0.0752487070587024	0.826666666666667	0.9	"high"
"ENSDARG00000038666"	0.122074189375512	0.892727272727273	0.9	"high"
"ENSDARG00000038668"	0.141180284482323	0.609090909090909	0.7	"mid"
"ENSDARG00000038686"	0.224375141615373	0.34	0.4	"mid"
"ENSDARG00000038687"	0.0762473154758811	0.620277777777778	0.7	"mid"
"ENSDARG00000038693"	0.0183937500057714	0.687681818181818	0.7	"mid"
"ENSDARG00000038694"	0.0847380801018532	0.5525	0.6	"mid"
"ENSDARG00000038695"	0.0358275483223467	0.487582417582418	0.5	"mid"
"ENSDARG00000038716"	0.0788921793670678	0.8025	0.9	"high"
"ENSDARG00000038720"	0.194070072161855	0.869090909090909	0.9	"high"
"ENSDARG00000038729"	0.0580210644222037	0.727525252525252	0.8	"mid"
"ENSDARG00000038743"	0.0108321826999134	0.573585858585859	0.6	"mid"
"ENSDARG00000038754"	0.0573908097139196	0.755555555555556	0.8	"mid"
"ENSDARG00000038768"	0.0789710245292191	0.526666666666667	0.6	"mid"
"ENSDARG00000038780"	0.0312600001600868	0.31520202020202	0.4	"mid"
"ENSDARG00000038785"	0.021807220779979	0.854545454545454	0.9	"high"
"ENSDARG00000038787"	0.04914259217534	0.279924242424242	0.3	"mid"
"ENSDARG00000038789"	0.0969463548741106	0.263257575757576	0.3	"mid"
"ENSDARG00000038792"	0.10757507353056	0.506111111111111	0.6	"mid"
"ENSDARG00000038794"	0.0457558954086949	0.897	0.9	"high"
"ENSDARG00000038801"	0.00350400605573535	0.379747474747475	0.4	"mid"
"ENSDARG00000038802"	0.204825791086531	0.4025	0.5	"mid"
"ENSDARG00000038812"	0.0954020560861892	0.381111111111111	0.4	"mid"
"ENSDARG00000038822"	0.168303997705356	0.666111111111111	0.7	"mid"
"ENSDARG00000038826"	0.0331120086365242	0.763461538461538	0.8	"mid"
"ENSDARG00000038834"	0.0419412152705452	0.394393939393939	0.4	"mid"
"ENSDARG00000038835"	0.0663448211825167	0.270769230769231	0.3	"mid"
"ENSDARG00000038845"	0.0518614337827886	0.412735042735043	0.5	"mid"
"ENSDARG00000038847"	0.0602497663252851	0.495833333333333	0.5	"mid"
"ENSDARG00000038858"	0.0700374673537968	0.284	0.3	"mid"
"ENSDARG00000038859"	0.0956745838888356	0.609545454545455	0.7	"mid"
"ENSDARG00000038862"	0.0355495662275769	0.282007575757576	0.3	"mid"
"ENSDARG00000038863"	0.0251341847600756	0.32	0.4	"mid"
"ENSDARG00000038865"	0.121948940091965	0.442662337662338	0.5	"mid"
"ENSDARG00000038870"	0.038799644314468	0.255	0.3	"mid"
"ENSDARG00000038876"	0.081435249144947	0.544350649350649	0.6	"mid"
"ENSDARG00000038879"	0.0780726032014287	0.355454545454545	0.4	"mid"
"ENSDARG00000038881"	0.0918232303899591	0.82775	0.9	"high"
"ENSDARG00000038882"	0.0573032241164984	0.49	0.5	"mid"
"ENSDARG00000038898"	0.0910589847540108	0.679086538461538	0.7	"mid"
"ENSDARG00000038901"	0.101583525769841	0.674423076923077	0.7	"mid"
"ENSDARG00000038905"	0.0594995873781832	0.337681818181818	0.4	"mid"
"ENSDARG00000038910"	0.0306269525843696	0.4065	0.5	"mid"
"ENSDARG00000038917"	0.0852959975625325	0.34	0.4	"mid"
"ENSDARG00000038941"	0.0988976308160816	0.816807692307692	0.9	"high"
"ENSDARG00000038954"	0.0248089748897608	0.405858585858586	0.5	"mid"
"ENSDARG00000038964"	0.0295772943921991	0.813333333333333	0.9	"high"
"ENSDARG00000038967"	0.0140491413975084	0.23	0.3	"mid"
"ENSDARG00000038976"	0.138075416384883	0.350151515151515	0.4	"mid"
"ENSDARG00000038978"	0.0480821557095147	0.422916666666667	0.5	"mid"
"ENSDARG00000038980"	0.0588651777685071	0.474444444444444	0.5	"mid"
"ENSDARG00000038991"	0.0408007912488671	0.3425	0.4	"mid"
"ENSDARG00000039005"	0.0368558278340506	0.445714285714286	0.5	"mid"
"ENSDARG00000039008"	0.0150249519878474	0.585555555555555	0.6	"mid"
"ENSDARG00000039020"	0.201410540125486	0.432857142857143	0.5	"mid"
"ENSDARG00000039022"	0.0201579981008016	0.658	0.7	"mid"
"ENSDARG00000039041"	0.0283147005227333	0.568181818181818	0.6	"mid"
"ENSDARG00000039051"	0.0889581886445194	0.903333333333333	1	"high"
"ENSDARG00000039062"	0.0643966792339147	0.370583333333333	0.4	"mid"
"ENSDARG00000039064"	0.136105486208342	0.523	0.6	"mid"
"ENSDARG00000039066"	0.0561864718209484	0.814636363636364	0.9	"high"
"ENSDARG00000039093"	0.062015901216289	0.755833333333333	0.8	"mid"
"ENSDARG00000039098"	0.030954960713703	0.263333333333333	0.3	"mid"
"ENSDARG00000039100"	0.192254588172894	0.940416666666667	1	"high"
"ENSDARG00000039117"	0.0472952757013168	0.493681818181818	0.5	"mid"
"ENSDARG00000039123"	0.0219846112188373	0.373	0.4	"mid"
"ENSDARG00000039125"	0.0336067871525905	0.442121212121212	0.5	"mid"
"ENSDARG00000039130"	0.127455865381802	0.6035	0.7	"mid"
"ENSDARG00000039131"	0.0420315102889538	0.72459595959596	0.8	"mid"
"ENSDARG00000039136"	0.12634438862949	0.430075757575758	0.5	"mid"
"ENSDARG00000039142"	0.0356441043658722	0.43	0.5	"mid"
"ENSDARG00000039150"	0.0682790120161081	0.327348484848485	0.4	"mid"
"ENSDARG00000039162"	0.0222285390218198	0.462987012987013	0.5	"mid"
"ENSDARG00000039185"	0.0432950391773039	0.979444444444444	1	"high"
"ENSDARG00000039196"	0.0668183580828341	0.546090909090909	0.6	"mid"
"ENSDARG00000039203"	0.110681051379975	0.324545454545455	0.4	"mid"
"ENSDARG00000039208"	0.0945956299897256	0.580727272727273	0.6	"mid"
"ENSDARG00000039211"	0.121443302898193	0.655714285714286	0.7	"mid"
"ENSDARG00000039213"	0.0152585594699592	0.481111111111111	0.5	"mid"
"ENSDARG00000039215"	0.0340988898944859	0.319785714285714	0.4	"mid"
"ENSDARG00000039217"	0.068441522211164	0.312222222222222	0.4	"mid"
"ENSDARG00000039225"	0.116501058220019	0.559545454545455	0.6	"mid"
"ENSDARG00000039229"	0.149054964006594	0.477272727272727	0.5	"mid"
"ENSDARG00000039255"	0.0300220584817461	0.482	0.5	"mid"
"ENSDARG00000039265"	0.0899747304332549	0.661666666666667	0.7	"mid"
"ENSDARG00000039269"	0.0911581217678053	0.739166666666667	0.8	"mid"
"ENSDARG00000039270"	0.0924735594121189	0.258116883116883	0.3	"mid"
"ENSDARG00000039272"	0.0775033625105415	0.546428571428571	0.6	"mid"
"ENSDARG00000039273"	0.0589211526462948	0.401818181818182	0.5	"mid"
"ENSDARG00000039279"	0.0835700556860419	0.304962121212121	0.4	"mid"
"ENSDARG00000039304"	0.0156148505637884	0.512272727272727	0.6	"mid"
"ENSDARG00000039310"	0.100670729805972	0.347820512820513	0.4	"mid"
"ENSDARG00000039328"	0.168667803781966	0.550384615384615	0.6	"mid"
"ENSDARG00000039338"	0.102358417028584	0.342153846153846	0.4	"mid"
"ENSDARG00000039340"	0.0586691819069014	0.780409090909091	0.8	"mid"
"ENSDARG00000039343"	0.0574083226352011	0.4855	0.5	"mid"
"ENSDARG00000039345"	0.0158966252000532	0.316538461538462	0.4	"mid"
"ENSDARG00000039346"	0.121718378045535	0.8545	0.9	"high"
"ENSDARG00000039350"	0.0611526328189248	0.384848484848485	0.4	"mid"
"ENSDARG00000039351"	0.143172694010814	0.940454545454545	1	"high"
"ENSDARG00000039352"	0.0974244064661429	0.257651515151515	0.3	"mid"
"ENSDARG00000039354"	0.143367577750828	0.555396825396825	0.6	"mid"
"ENSDARG00000039363"	0.0592003315390756	0.528181818181818	0.6	"mid"
"ENSDARG00000039365"	0.0619805670526594	0.281688311688312	0.3	"mid"
"ENSDARG00000039374"	0.249743739776586	0.358896103896104	0.4	"mid"
"ENSDARG00000039378"	0.0911712229316118	0.786818181818182	0.8	"mid"
"ENSDARG00000039381"	0.107550450492248	0.8285	0.9	"high"
"ENSDARG00000039390"	0.0938482586405661	0.537272727272727	0.6	"mid"
"ENSDARG00000039392"	0.0812915122222106	0.250643939393939	0.3	"mid"
"ENSDARG00000039393"	0.219160098765715	0.630454545454545	0.7	"mid"
"ENSDARG00000039399"	0.0227962865556957	0.336190476190476	0.4	"mid"
"ENSDARG00000039400"	0.0591921964026488	0.366363636363636	0.4	"mid"
"ENSDARG00000039406"	0.202351975839429	0.705	0.8	"mid"
"ENSDARG00000039422"	0.0873756803310117	0.552638888888889	0.6	"mid"
"ENSDARG00000039424"	0.0255495428628719	0.341818181818182	0.4	"mid"
"ENSDARG00000039429"	0.0679256060618661	0.386363636363636	0.4	"mid"
"ENSDARG00000039430"	0.069572189988023	0.585227272727273	0.6	"mid"
"ENSDARG00000039435"	0.0667907951350518	0.591818181818182	0.6	"mid"
"ENSDARG00000039436"	0.186151252511499	0.851010101010101	0.9	"high"
"ENSDARG00000039452"	0.0361882743850848	0.381060606060606	0.4	"mid"
"ENSDARG00000039455"	0.0828897611218838	0.521	0.6	"mid"
"ENSDARG00000039456"	0.079255541248782	0.22219696969697	0.3	"mid"
"ENSDARG00000039459"	0.112498661716414	0.743	0.8	"mid"
"ENSDARG00000039482"	0.0891460621541866	0.666916666666667	0.7	"mid"
"ENSDARG00000039489"	0.019908969489653	0.359469696969697	0.4	"mid"
"ENSDARG00000039490"	0.0654887404632554	0.679326923076923	0.7	"mid"
"ENSDARG00000039493"	0.00620608335514267	0.214272727272727	0.3	"mid"
"ENSDARG00000039502"	0.0178999232169468	0.268333333333333	0.3	"mid"
"ENSDARG00000039517"	0.15457398441362	0.529141414141414	0.6	"mid"
"ENSDARG00000039521"	0.0994735464700206	0.498	0.5	"mid"
"ENSDARG00000039522"	0.0127396504683011	0.383888888888889	0.4	"mid"
"ENSDARG00000039535"	0.0639407899027983	0.546666666666667	0.6	"mid"
"ENSDARG00000039543"	0.070034863255843	0.443692307692308	0.5	"mid"
"ENSDARG00000039563"	0.0594516988434443	0.353	0.4	"mid"
"ENSDARG00000039576"	0.0598562889833794	0.393636363636364	0.4	"mid"
"ENSDARG00000039577"	0.0720221126866643	0.427272727272727	0.5	"mid"
"ENSDARG00000039578"	0.0374375253647108	0.3	0.3	"mid"
"ENSDARG00000039601"	0.0531590397627639	0.779444444444444	0.8	"mid"
"ENSDARG00000039605"	0.0280110066618534	0.722727272727273	0.8	"mid"
"ENSDARG00000039613"	0.0879161441591535	0.37	0.4	"mid"
"ENSDARG00000039616"	0.240529429679325	0.527575757575758	0.6	"mid"
"ENSDARG00000039626"	0.047451143263189	0.617142857142857	0.7	"mid"
"ENSDARG00000039647"	0.0326369414119383	0.299659090909091	0.3	"mid"
"ENSDARG00000039650"	0.04918156948374	0.386666666666667	0.4	"mid"
"ENSDARG00000039652"	0.0637194629024517	0.4625	0.5	"mid"
"ENSDARG00000039661"	0.0843349667210059	0.43	0.5	"mid"
"ENSDARG00000039666"	0.0886412955659143	0.191538461538462	0.2	"low"
"ENSDARG00000039667"	0.123041995653518	0.247380952380952	0.3	"mid"
"ENSDARG00000039669"	0.0886412955659143	0.666363636363636	0.7	"mid"
"ENSDARG00000039681"	0.0427230591643806	0.461919191919192	0.5	"mid"
"ENSDARG00000039684"	0.0874056434452285	0.322045454545455	0.4	"mid"
"ENSDARG00000039699"	0.134580825284211	0.218863636363636	0.3	"mid"
"ENSDARG00000039701"	0.0202197743627776	0.551060606060606	0.6	"mid"
"ENSDARG00000039719"	0.12750460059613	0.213333333333333	0.3	"mid"
"ENSDARG00000039729"	0.034578742170749	0.301454545454545	0.4	"mid"
"ENSDARG00000039730"	0.0762748151609944	0.787676767676768	0.8	"mid"
"ENSDARG00000039754"	0.114968304233969	0.33975	0.4	"mid"
"ENSDARG00000039770"	0.101556129835149	0.402	0.5	"mid"
"ENSDARG00000039820"	0.11464150384747	0.505795454545455	0.6	"mid"
"ENSDARG00000039827"	0.032273455785252	0.409090909090909	0.5	"mid"
"ENSDARG00000039830"	0.0818089216923113	0.396153846153846	0.4	"mid"
"ENSDARG00000039832"	0.104589885409409	0.932307692307692	1	"high"
"ENSDARG00000039850"	0.08401718204448	0.504	0.6	"mid"
"ENSDARG00000039851"	0.0650427831511111	0.291772727272727	0.3	"mid"
"ENSDARG00000039872"	0.00637989244856669	0.431767676767677	0.5	"mid"
"ENSDARG00000039878"	0.040909758223701	0.220277777777778	0.3	"mid"
"ENSDARG00000039880"	0.0436308845611684	0.3535	0.4	"mid"
"ENSDARG00000039882"	0.00727877495521004	0.360916666666667	0.4	"mid"
"ENSDARG00000039892"	0.0783406909330939	0.665984848484849	0.7	"mid"
"ENSDARG00000039899"	0.0700056511614813	0.554615384615385	0.6	"mid"
"ENSDARG00000039910"	0.0536832875262581	0.298	0.3	"mid"
"ENSDARG00000039913"	0.0192589897747883	0.338674242424242	0.4	"mid"
"ENSDARG00000039915"	0.0773962091265903	0.175779220779221	0.2	"low"
"ENSDARG00000039929"	0.0474338747434083	0.649141414141414	0.7	"mid"
"ENSDARG00000039931"	0.0511149234563038	0.631363636363636	0.7	"mid"
"ENSDARG00000039943"	0.0350824980086051	0.7925	0.8	"mid"
"ENSDARG00000039949"	0.0449662957165423	0.410857142857143	0.5	"mid"
"ENSDARG00000039966"	0.187579847457671	0.268181818181818	0.3	"mid"
"ENSDARG00000039969"	0.056087497294461	0.417840909090909	0.5	"mid"
"ENSDARG00000039987"	0.106597487781044	0.440113636363636	0.5	"mid"
"ENSDARG00000039996"	0.155470121100532	0.442727272727273	0.5	"mid"
"ENSDARG00000039997"	0.0391596510401253	0.608333333333333	0.7	"mid"
"ENSDARG00000040001"	0.0385676510841541	0.311212121212121	0.4	"mid"
"ENSDARG00000040009"	0.055953344323457	0.554583333333333	0.6	"mid"
"ENSDARG00000040021"	0.0590952198199241	0.2585	0.3	"mid"
"ENSDARG00000040027"	0.0683852126672361	0.562083333333333	0.6	"mid"
"ENSDARG00000040031"	0.0236780248407236	0.393712121212121	0.4	"mid"
"ENSDARG00000040033"	0.0705797794084909	0.404166666666667	0.5	"mid"
"ENSDARG00000040041"	0.0255224756846627	0.560333333333333	0.6	"mid"
"ENSDARG00000040045"	0.141924593861671	0.259388888888889	0.3	"mid"
"ENSDARG00000040046"	0.0259012705336367	0.531818181818182	0.6	"mid"
"ENSDARG00000040064"	0.109951520358991	0.503636363636364	0.6	"mid"
"ENSDARG00000040072"	0.0874409730969566	0.282979797979798	0.3	"mid"
"ENSDARG00000040076"	0.226688598706145	0.690416666666667	0.7	"mid"
"ENSDARG00000040080"	0.0720402708142511	0.444335664335664	0.5	"mid"
"ENSDARG00000040085"	0.0959734164515259	0.455833333333333	0.5	"mid"
"ENSDARG00000040087"	0.0604889425526849	0.639357142857143	0.7	"mid"
"ENSDARG00000040110"	0.121217976686053	0.311363636363636	0.4	"mid"
"ENSDARG00000040111"	0.0275186143401095	0.363741258741259	0.4	"mid"
"ENSDARG00000040121"	0.00993710698624175	0.419393939393939	0.5	"mid"
"ENSDARG00000040123"	0.0649546397232737	0.178181818181818	0.2	"low"
"ENSDARG00000040131"	0.104557187268872	0.393076923076923	0.4	"mid"
"ENSDARG00000040133"	0.12744660928023	0.809388888888889	0.9	"high"
"ENSDARG00000040157"	0.10234095494436	0.296022727272727	0.3	"mid"
"ENSDARG00000040161"	0.186164615741789	0.562678571428571	0.6	"mid"
"ENSDARG00000040163"	0.0601193042932371	0.537	0.6	"mid"
"ENSDARG00000040177"	0.108229283819656	0.741666666666667	0.8	"mid"
"ENSDARG00000040178"	0.138663295767197	0.590769230769231	0.6	"mid"
"ENSDARG00000040186"	0.0755567825729591	0.28	0.3	"mid"
"ENSDARG00000040190"	0.101692025691632	0.570909090909091	0.6	"mid"
"ENSDARG00000040192"	0.0826051756964156	0.485512820512821	0.5	"mid"
"ENSDARG00000040224"	0.0899514276554172	0.474545454545455	0.5	"mid"
"ENSDARG00000040230"	0.233539059933899	0.446	0.5	"mid"
"ENSDARG00000040245"	0.0309475026362173	0.534444444444444	0.6	"mid"
"ENSDARG00000040248"	0.0720292487552981	0.739280303030303	0.8	"mid"
"ENSDARG00000040249"	0.103001084410682	0.557474747474747	0.6	"mid"
"ENSDARG00000040251"	0.0904686052829511	0.513636363636364	0.6	"mid"
"ENSDARG00000040255"	0.153556216038453	0.362181818181818	0.4	"mid"
"ENSDARG00000040265"	0.142847639853043	0.461611111111111	0.5	"mid"
"ENSDARG00000040266"	0.0389144398946682	0.904	1	"high"
"ENSDARG00000040277"	0.041888594354132	0.725454545454545	0.8	"mid"
"ENSDARG00000040280"	0.0428471669892495	0.489772727272727	0.5	"mid"
"ENSDARG00000040282"	0.157437784510568	0.677727272727273	0.7	"mid"
"ENSDARG00000040284"	0.156699380344186	0.822222222222222	0.9	"high"
"ENSDARG00000040290"	0.169451814910549	0.601161616161616	0.7	"mid"
"ENSDARG00000040291"	0.0360703591836698	0.554666666666667	0.6	"mid"
"ENSDARG00000040300"	0.109740232535908	0.510769230769231	0.6	"mid"
"ENSDARG00000040310"	0.0287561967011308	0.133295454545455	0.2	"low"
"ENSDARG00000040314"	0.0394327996214362	0.463034188034188	0.5	"mid"
"ENSDARG00000040326"	0.0665004717204105	0.473989898989899	0.5	"mid"
"ENSDARG00000040338"	0.12117889502088	0.623090909090909	0.7	"mid"
"ENSDARG00000040350"	0.126978102408373	0.512	0.6	"mid"
"ENSDARG00000040352"	0.125132457778446	0.649090909090909	0.7	"mid"
"ENSDARG00000040362"	0.0336386435152669	0.587222222222222	0.6	"mid"
"ENSDARG00000040380"	0.0615657167308131	0.437121212121212	0.5	"mid"
"ENSDARG00000040396"	0.060418590358364	0.427222222222222	0.5	"mid"
"ENSDARG00000040401"	0.0491203247272201	0.556363636363636	0.6	"mid"
"ENSDARG00000040433"	0.165025793931808	0.787272727272727	0.8	"mid"
"ENSDARG00000040440"	0.00636607733788374	0.3975	0.4	"mid"
"ENSDARG00000040443"	0.00852591659993212	0.550194805194805	0.6	"mid"
"ENSDARG00000040452"	0.0739668987677926	0.56979020979021	0.6	"mid"
"ENSDARG00000040453"	0.0417665910675071	0.41	0.5	"mid"
"ENSDARG00000040455"	0.0426166963070432	0.267147435897436	0.3	"mid"
"ENSDARG00000040463"	0.0609359272588514	0.346818181818182	0.4	"mid"
"ENSDARG00000040466"	0.0624244199734088	0.5525	0.6	"mid"
"ENSDARG00000040469"	0.0971443381655154	0.651818181818182	0.7	"mid"
"ENSDARG00000040474"	0.114530958123555	0.425636363636364	0.5	"mid"
"ENSDARG00000040482"	0.0803311014317191	0.674444444444444	0.7	"mid"
"ENSDARG00000040487"	0.158363206612317	0.688888888888889	0.7	"mid"
"ENSDARG00000040492"	0.0580833089448379	0.558888888888889	0.6	"mid"
"ENSDARG00000040505"	0.0446495825191222	0.183143939393939	0.2	"low"
"ENSDARG00000040513"	0.0975107849165559	0.606666666666667	0.7	"mid"
"ENSDARG00000040526"	0.0639927806410237	0.77	0.8	"mid"
"ENSDARG00000040527"	0.0997641793984035	0.385138888888889	0.4	"mid"
"ENSDARG00000040528"	0.177540021557867	0.82	0.9	"high"
"ENSDARG00000040538"	0.035183942168466	0.601	0.7	"mid"
"ENSDARG00000040553"	0.129337901797779	0.9475	1	"high"
"ENSDARG00000040555"	0.0245219923992193	0.198636363636364	0.2	"low"
"ENSDARG00000040556"	0.0449221467338709	0.500757575757576	0.6	"mid"
"ENSDARG00000040557"	0.0645205466285614	0.29	0.3	"mid"
"ENSDARG00000040559"	0.0604822784721632	0.451	0.5	"mid"
"ENSDARG00000040564"	0.0945882907718384	0.442777777777778	0.5	"mid"
"ENSDARG00000040565"	0.0358934148692574	0.904444444444444	1	"high"
"ENSDARG00000040566"	0.0894693234582117	0.482136363636364	0.5	"mid"
"ENSDARG00000040571"	0.0499908417550772	0.382727272727273	0.4	"mid"
"ENSDARG00000040582"	0.206793789712135	0.380454545454545	0.4	"mid"
"ENSDARG00000040606"	0.0467714890519573	0.336730769230769	0.4	"mid"
"ENSDARG00000040607"	0.0641692844648764	0.445833333333333	0.5	"mid"
"ENSDARG00000040614"	0.0206590171502209	0.36375	0.4	"mid"
"ENSDARG00000040620"	0.147255014187239	0.546233766233766	0.6	"mid"
"ENSDARG00000040623"	0.0338827501332014	0.674583333333333	0.7	"mid"
"ENSDARG00000040628"	0.102511196113479	0.402310606060606	0.5	"mid"
"ENSDARG00000040635"	0.01823581186806	0.449	0.5	"mid"
"ENSDARG00000040650"	0.0176246150080537	0.35	0.4	"mid"
"ENSDARG00000040657"	0.0586233666376903	0.507967032967033	0.6	"mid"
"ENSDARG00000040666"	0.125641302110984	0.633333333333333	0.7	"mid"
"ENSDARG00000040674"	0.0495407661211573	0.329	0.4	"mid"
"ENSDARG00000040678"	0.038541315792659	0.256277777777778	0.3	"mid"
"ENSDARG00000040684"	0.0917038346760548	0.428	0.5	"mid"
"ENSDARG00000040695"	0.0786253196194745	0.488076923076923	0.5	"mid"
"ENSDARG00000040698"	0.0645011171066529	0.369015151515152	0.4	"mid"
"ENSDARG00000040705"	0.0294284724989104	0.507727272727273	0.6	"mid"
"ENSDARG00000040707"	0.0464046671780671	0.360568181818182	0.4	"mid"
"ENSDARG00000040712"	0.0762365239237865	0.541212121212121	0.6	"mid"
"ENSDARG00000040713"	0.0908718926352217	0.497166666666667	0.5	"mid"
"ENSDARG00000040717"	0.165304791712953	0.701388888888889	0.8	"mid"
"ENSDARG00000040730"	0.147289579789827	0.6475	0.7	"mid"
"ENSDARG00000040735"	0.0718763560192108	0.737272727272727	0.8	"mid"
"ENSDARG00000040736"	0.0718763560192108	0.26510101010101	0.3	"mid"
"ENSDARG00000040741"	0.0225023030185841	0.514444444444444	0.6	"mid"
"ENSDARG00000040747"	0.1193716866641	0.7575	0.8	"mid"
"ENSDARG00000040777"	0.0374515536073084	0.594166666666667	0.6	"mid"
"ENSDARG00000040779"	0.0244004237420768	0.403825757575758	0.5	"mid"
"ENSDARG00000040799"	0.0930506669764449	0.461287878787879	0.5	"mid"
"ENSDARG00000040803"	0.0837380297659986	0.446666666666667	0.5	"mid"
"ENSDARG00000040812"	0.0988469437780371	0.453636363636364	0.5	"mid"
"ENSDARG00000040815"	0.119030131811801	0.537828282828283	0.6	"mid"
"ENSDARG00000040822"	0.0382439503623733	0.411363636363636	0.5	"mid"
"ENSDARG00000040838"	0.03584134250742	0.45	0.5	"mid"
"ENSDARG00000040854"	0.0418862519856497	0.52375	0.6	"mid"
"ENSDARG00000040861"	0.0744912636040455	0.195138888888889	0.2	"low"
"ENSDARG00000040881"	0.0382794127353129	0.225833333333333	0.3	"mid"
"ENSDARG00000040884"	0.066886400265572	0.773666666666667	0.8	"mid"
"ENSDARG00000040890"	0.0897257308645966	0.760769230769231	0.8	"mid"
"ENSDARG00000040910"	0.112641459966854	0.581	0.6	"mid"
"ENSDARG00000040917"	0.0237133238736724	0.289166666666667	0.3	"mid"
"ENSDARG00000040926"	0.0235441682011467	0.731666666666667	0.8	"mid"
"ENSDARG00000040930"	0.0405521310375108	0.722222222222222	0.8	"mid"
"ENSDARG00000040942"	0.0875883559309409	0.768216783216783	0.8	"mid"
"ENSDARG00000040959"	0.0383505652907017	0.212474747474747	0.3	"mid"
"ENSDARG00000040971"	0.0384421719948975	0.739909090909091	0.8	"mid"
"ENSDARG00000040984"	0.0669151685274397	0.81969696969697	0.9	"high"
"ENSDARG00000040990"	0.0724610474642371	0.553333333333333	0.6	"mid"
"ENSDARG00000041022"	0.0729358498976936	0.801414141414141	0.9	"high"
"ENSDARG00000041040"	0.0453716418446129	0.17	0.2	"low"
"ENSDARG00000041041"	0.100491668524124	0.676363636363636	0.7	"mid"
"ENSDARG00000041051"	0.0406103577677328	0.563636363636364	0.6	"mid"
"ENSDARG00000041060"	0.151172453462346	0.535954545454545	0.6	"mid"
"ENSDARG00000041062"	0.042867360925143	0.524166666666667	0.6	"mid"
"ENSDARG00000041065"	0.0666620038724849	0.822916666666667	0.9	"high"
"ENSDARG00000041073"	0.118486223424194	0.395555555555556	0.4	"mid"
"ENSDARG00000041078"	0.07542230508759	0.508116883116883	0.6	"mid"
"ENSDARG00000041083"	0.14668064990823	0.824	0.9	"high"
"ENSDARG00000041085"	0.096072569597437	0.462222222222222	0.5	"mid"
"ENSDARG00000041108"	0.0802131679277168	0.548636363636364	0.6	"mid"
"ENSDARG00000041110"	0.062836355671623	0.500909090909091	0.6	"mid"
"ENSDARG00000041113"	0.0648351192903084	0.275037878787879	0.3	"mid"
"ENSDARG00000041137"	0.127808488455236	0.614166666666667	0.7	"mid"
"ENSDARG00000041141"	0.0596781894229401	0.766666666666667	0.8	"mid"
"ENSDARG00000041155"	0.027448025712119	0.256233766233766	0.3	"mid"
"ENSDARG00000041171"	0.0630700161407579	0.426464646464646	0.5	"mid"
"ENSDARG00000041173"	0.0358478939780337	0.308461538461538	0.4	"mid"
"ENSDARG00000041199"	0.114595167866935	0.223838383838384	0.3	"mid"
"ENSDARG00000041203"	0.0404693671455239	0.15625	0.2	"low"
"ENSDARG00000041215"	0.0560224548368606	0.667272727272727	0.7	"mid"
"ENSDARG00000041217"	0.0411035983261936	0.517840909090909	0.6	"mid"
"ENSDARG00000041223"	0.0948151448257048	0.485454545454545	0.5	"mid"
"ENSDARG00000041226"	0.0265462699760835	0.445	0.5	"mid"
"ENSDARG00000041237"	0.0308198970021507	0.243076923076923	0.3	"mid"
"ENSDARG00000041248"	0.187692727687124	0.843333333333333	0.9	"high"
"ENSDARG00000041252"	0.167887009696287	0.499090909090909	0.5	"mid"
"ENSDARG00000041294"	0.176288468027015	0.913076923076923	1	"high"
"ENSDARG00000041301"	0.0777557097942231	0.595909090909091	0.6	"mid"
"ENSDARG00000041304"	0.0656555782838322	0.658701298701299	0.7	"mid"
"ENSDARG00000041306"	0.0753171311578662	0.311954545454545	0.4	"mid"
"ENSDARG00000041314"	0.0519201762770832	0.608409090909091	0.7	"mid"
"ENSDARG00000041317"	0.0934657694975761	0.337727272727273	0.4	"mid"
"ENSDARG00000041323"	0.0425177085167608	0.441111111111111	0.5	"mid"
"ENSDARG00000041332"	0.0353807924327222	0.345244755244755	0.4	"mid"
"ENSDARG00000041339"	0.117897535539622	0.39	0.4	"mid"
"ENSDARG00000041340"	0.0767750717332179	0.318333333333333	0.4	"mid"
"ENSDARG00000041350"	0.116387124079043	0.393055555555556	0.4	"mid"
"ENSDARG00000041359"	0.10742322252831	0.464545454545455	0.5	"mid"
"ENSDARG00000041362"	0.0969473577946625	0.380378787878788	0.4	"mid"
"ENSDARG00000041363"	0.0913990934626792	0.285113636363636	0.3	"mid"
"ENSDARG00000041372"	0.129842143615059	0.431363636363636	0.5	"mid"
"ENSDARG00000041381"	0.113588342691759	0.505454545454545	0.6	"mid"
"ENSDARG00000041394"	0.0605942605094291	0.853611111111111	0.9	"high"
"ENSDARG00000041397"	0.0344877799605182	0.283181818181818	0.3	"mid"
"ENSDARG00000041400"	0.159338092426134	0.896	0.9	"high"
"ENSDARG00000041407"	0.130406435877438	0.658571428571429	0.7	"mid"
"ENSDARG00000041411"	0.0125233619060678	0.703333333333333	0.8	"mid"
"ENSDARG00000041421"	0.0621850327562098	0.270909090909091	0.3	"mid"
"ENSDARG00000041428"	0.0941633697657235	0.288666666666667	0.3	"mid"
"ENSDARG00000041430"	0.0740741766401853	0.4485	0.5	"mid"
"ENSDARG00000041450"	0.00856232003322363	0.148888888888889	0.2	"low"
"ENSDARG00000041493"	0.124315283643301	0.371212121212121	0.4	"mid"
"ENSDARG00000041502"	0.0811942410778831	0.404040404040404	0.5	"mid"
"ENSDARG00000041503"	0.0352752898157081	0.329928571428571	0.4	"mid"
"ENSDARG00000041511"	0.1170619085928	0.487613636363636	0.5	"mid"
"ENSDARG00000041530"	0.019271786318851	0.373030303030303	0.4	"mid"
"ENSDARG00000041533"	0.0526713195591522	0.443741258741259	0.5	"mid"
"ENSDARG00000041538"	0.142480032546517	0.646818181818182	0.7	"mid"
"ENSDARG00000041565"	0.0646836585392793	0.277111111111111	0.3	"mid"
"ENSDARG00000041569"	0.151306272151796	0.771010101010101	0.8	"mid"
"ENSDARG00000041570"	0.141812006116975	0.442916666666667	0.5	"mid"
"ENSDARG00000041575"	0.164194569894986	0.465181818181818	0.5	"mid"
"ENSDARG00000041581"	0.0366669749305877	0.321818181818182	0.4	"mid"
"ENSDARG00000041586"	0.0753826118940941	0.288	0.3	"mid"
"ENSDARG00000041595"	0.151306272151796	0.797909090909091	0.8	"mid"
"ENSDARG00000041599"	0.0466810029881045	0.501818181818182	0.6	"mid"
"ENSDARG00000041600"	0.0558558998623836	0.293636363636364	0.3	"mid"
"ENSDARG00000041607"	0.0554539821735072	0.893181818181818	0.9	"high"
"ENSDARG00000041617"	0.146013238155441	0.497070707070707	0.5	"mid"
"ENSDARG00000041621"	0.0622443924576115	0.356363636363636	0.4	"mid"
"ENSDARG00000041645"	0.178580778681099	0.78	0.8	"mid"
"ENSDARG00000041665"	0.0402594477314469	0.693555555555556	0.7	"mid"
"ENSDARG00000041689"	0.0501500897960995	0.4165	0.5	"mid"
"ENSDARG00000041691"	0.0517210824352291	0.765555555555556	0.8	"mid"
"ENSDARG00000041699"	0.08465578709967	0.946666666666667	1	"high"
"ENSDARG00000041708"	0.0404278866370639	0.348257575757576	0.4	"mid"
"ENSDARG00000041720"	0.0695765008394608	0.591666666666667	0.6	"mid"
"ENSDARG00000041724"	0.103575036248197	0.683	0.7	"mid"
"ENSDARG00000041728"	0.0165237763894813	0.31	0.4	"mid"
"ENSDARG00000041729"	0.067796636190101	0.795	0.8	"mid"
"ENSDARG00000041736"	0.148144477900513	0.545714285714286	0.6	"mid"
"ENSDARG00000041750"	0.0602223250217208	0.39	0.4	"mid"
"ENSDARG00000041787"	0.0811096497667144	0.420909090909091	0.5	"mid"
"ENSDARG00000041797"	0.0810753104159648	0.690363636363636	0.7	"mid"
"ENSDARG00000041799"	0.0287119774029624	0.4855	0.5	"mid"
"ENSDARG00000041830"	0.0319569956923436	0.296904761904762	0.3	"mid"
"ENSDARG00000041853"	0.0341972635269188	0.56	0.6	"mid"
"ENSDARG00000041870"	0.0692493138334771	0.273636363636364	0.3	"mid"
"ENSDARG00000041875"	0.0251904296130282	0.370656565656566	0.4	"mid"
"ENSDARG00000041878"	0.0146668087507373	0.155833333333333	0.2	"low"
"ENSDARG00000041887"	0.0234825002199819	0.55	0.6	"mid"
"ENSDARG00000041896"	0.0574728246000185	0.550909090909091	0.6	"mid"
"ENSDARG00000041904"	0.124292673214132	0.339222222222222	0.4	"mid"
"ENSDARG00000041908"	0.0167509072322531	0.4125	0.5	"mid"
"ENSDARG00000041911"	0.17272621687712	0.698888888888889	0.7	"mid"
"ENSDARG00000041921"	0.026485490606764	0.207923076923077	0.3	"mid"
"ENSDARG00000041925"	0.0476378127933568	0.352467532467532	0.4	"mid"
"ENSDARG00000041944"	0.0650667814960923	0.454166666666667	0.5	"mid"
"ENSDARG00000041947"	0.185269867390564	0.625	0.7	"mid"
"ENSDARG00000041951"	0.0917571287371945	0.652638888888889	0.7	"mid"
"ENSDARG00000041959"	0.0594773006799286	0.731545454545454	0.8	"mid"
"ENSDARG00000041960"	0.142517032731126	0.79	0.8	"mid"
"ENSDARG00000041974"	0.0138989348780434	0.307171717171717	0.4	"mid"
"ENSDARG00000041980"	0.126416931733539	0.559318181818182	0.6	"mid"
"ENSDARG00000041991"	0.0678668319654143	0.556153846153846	0.6	"mid"
"ENSDARG00000042000"	0.0719091888636037	0.579880952380952	0.6	"mid"
"ENSDARG00000042005"	0.0212281579633724	0.284318181818182	0.3	"mid"
"ENSDARG00000042010"	0.0550624165432271	0.873	0.9	"high"
"ENSDARG00000042018"	0.0433156873997403	0.6095	0.7	"mid"
"ENSDARG00000042021"	0.0521660996183166	0.407083333333333	0.5	"mid"
"ENSDARG00000042030"	0.0289890082755693	0.257777777777778	0.3	"mid"
"ENSDARG00000042031"	0.0942953606336047	0.377916666666667	0.4	"mid"
"ENSDARG00000042045"	0.0320937036491192	0.24	0.3	"mid"
"ENSDARG00000042057"	0.0702901157885656	0.340833333333333	0.4	"mid"
"ENSDARG00000042069"	0.0746256675536649	0.665	0.7	"mid"
"ENSDARG00000042087"	0.0150119227770916	0.270555555555556	0.3	"mid"
"ENSDARG00000042091"	0.0116238313606386	0.568531468531469	0.6	"mid"
"ENSDARG00000042112"	0.141128654784188	0.709090909090909	0.8	"mid"
"ENSDARG00000042120"	0.147043612884926	0.37	0.4	"mid"
"ENSDARG00000042123"	0.0444463567064683	0.410075757575758	0.5	"mid"
"ENSDARG00000042124"	0.136389538663543	0.384444444444444	0.4	"mid"
"ENSDARG00000042128"	0.0429179558867045	0.473181818181818	0.5	"mid"
"ENSDARG00000042133"	0.103639874654899	0.940643939393939	1	"high"
"ENSDARG00000042139"	0.129256484866754	0.186666666666667	0.2	"low"
"ENSDARG00000042147"	0.0102058111303445	0.225757575757576	0.3	"mid"
"ENSDARG00000042151"	0.0291562137078158	0.360681818181818	0.4	"mid"
"ENSDARG00000042187"	0.0190718631740246	0.299545454545455	0.3	"mid"
"ENSDARG00000042221"	0.0751995175625918	0.833181818181818	0.9	"high"
"ENSDARG00000042245"	0.044448200405003	0.576666666666667	0.6	"mid"
"ENSDARG00000042252"	0.0589154121360443	0.15875	0.2	"low"
"ENSDARG00000042259"	0.0193086783117173	0.344785714285714	0.4	"mid"
"ENSDARG00000042261"	0.104313336909061	0.418888888888889	0.5	"mid"
"ENSDARG00000042272"	0.0895586479528681	0.255714285714286	0.3	"mid"
"ENSDARG00000042277"	0.0404983311260362	0.487777777777778	0.5	"mid"
"ENSDARG00000042291"	0.0245828147301689	0.691111111111111	0.7	"mid"
"ENSDARG00000042296"	0.0480099119591397	0.610909090909091	0.7	"mid"
"ENSDARG00000042319"	0.082453480997719	0.657310606060606	0.7	"mid"
"ENSDARG00000042322"	0.0806443559439422	0.34575	0.4	"mid"
"ENSDARG00000042336"	0.0224719627126359	0.651818181818182	0.7	"mid"
"ENSDARG00000042337"	0.0757400888720746	0.461	0.5	"mid"
"ENSDARG00000042338"	0.0672061410875796	0.483863636363636	0.5	"mid"
"ENSDARG00000042341"	0.107198302959304	0.45575	0.5	"mid"
"ENSDARG00000042344"	0.0816006553051401	0.378333333333333	0.4	"mid"
"ENSDARG00000042357"	0.0836612386034895	0.453333333333333	0.5	"mid"
"ENSDARG00000042379"	0.0896561196854158	0.485714285714286	0.5	"mid"
"ENSDARG00000042396"	0.143716548729127	0.916	1	"high"
"ENSDARG00000042401"	0.0155364162954347	0.223136363636364	0.3	"mid"
"ENSDARG00000042409"	0.0382182370988234	0.455	0.5	"mid"
"ENSDARG00000042410"	0.0292989555218168	0.387777777777778	0.4	"mid"
"ENSDARG00000042428"	0.149704778944662	0.713246753246753	0.8	"mid"
"ENSDARG00000042452"	0.113215679823745	0.585714285714286	0.6	"mid"
"ENSDARG00000042456"	0.0174898513256302	0.565594405594406	0.6	"mid"
"ENSDARG00000042458"	0.0657373280984273	0.431212121212121	0.5	"mid"
"ENSDARG00000042467"	0.0238093182112815	0.788030303030303	0.8	"mid"
"ENSDARG00000042477"	0.0375560684908826	0.5025	0.6	"mid"
"ENSDARG00000042496"	0.142080891792872	0.485779220779221	0.5	"mid"
"ENSDARG00000042508"	0.0365410639431479	0.462	0.5	"mid"
"ENSDARG00000042509"	0.0924336960625594	0.353181818181818	0.4	"mid"
"ENSDARG00000042518"	0.0364796808156363	0.5275	0.6	"mid"
"ENSDARG00000042520"	0.157010200997891	0.651818181818182	0.7	"mid"
"ENSDARG00000042522"	0.197931587395281	0.273560606060606	0.3	"mid"
"ENSDARG00000042527"	0.0658681241056557	0.579356060606061	0.6	"mid"
"ENSDARG00000042529"	0.0401229731625248	0.564545454545455	0.6	"mid"
"ENSDARG00000042530"	0.0584956562470897	0.3825	0.4	"mid"
"ENSDARG00000042533"	0.0935305304811822	0.280230769230769	0.3	"mid"
"ENSDARG00000042534"	0.0583517802913668	0.254318181818182	0.3	"mid"
"ENSDARG00000042544"	0.0530374753397144	0.787	0.8	"mid"
"ENSDARG00000042548"	0.10648896140322	0.661111111111111	0.7	"mid"
"ENSDARG00000042553"	0.0842136695248063	0.339181818181818	0.4	"mid"
"ENSDARG00000042557"	0.0887322286178048	0.700772727272727	0.8	"mid"
"ENSDARG00000042561"	0.0671562648404947	0.51	0.6	"mid"
"ENSDARG00000042562"	0.130557988784676	0.734666666666667	0.8	"mid"
"ENSDARG00000042563"	0.190898330119641	0.633454545454545	0.7	"mid"
"ENSDARG00000042571"	0.0719736752858532	0.389015151515152	0.4	"mid"
"ENSDARG00000042590"	0.0770886427361006	0.338	0.4	"mid"
"ENSDARG00000042613"	0.159993311731879	0.930909090909091	1	"high"
"ENSDARG00000042621"	0.101967606418499	0.326111111111111	0.4	"mid"
"ENSDARG00000042623"	0.0354123717675631	0.46719696969697	0.5	"mid"
"ENSDARG00000042630"	0.150695860663473	0.544166666666667	0.6	"mid"
"ENSDARG00000042637"	0.129605418052747	0.380974025974026	0.4	"mid"
"ENSDARG00000042641"	0.0492664051433829	0.769	0.8	"mid"
"ENSDARG00000042642"	0.0389560659359931	0.276780303030303	0.3	"mid"
"ENSDARG00000042644"	0.05348425323721	0.264444444444444	0.3	"mid"
"ENSDARG00000042652"	0.0768984562554489	0.4335	0.5	"mid"
"ENSDARG00000042658"	0.0346068762450938	0.370654761904762	0.4	"mid"
"ENSDARG00000042659"	0.0876044597578992	0.74594696969697	0.8	"mid"
"ENSDARG00000042667"	0.0663724976045016	0.433333333333333	0.5	"mid"
"ENSDARG00000042670"	0.0878281512956909	0.229464285714286	0.3	"mid"
"ENSDARG00000042671"	0.171167098637392	0.428888888888889	0.5	"mid"
"ENSDARG00000042684"	0.0939373195409324	0.875545454545455	0.9	"high"
"ENSDARG00000042690"	0.0317235852699526	0.417384615384615	0.5	"mid"
"ENSDARG00000042707"	0.0517840276550953	0.753253968253968	0.8	"mid"
"ENSDARG00000042722"	0.153652663482094	0.666666666666667	0.7	"mid"
"ENSDARG00000042724"	0.0133621876193028	0.388928571428571	0.4	"mid"
"ENSDARG00000042728"	0.0774600690031177	0.415138888888889	0.5	"mid"
"ENSDARG00000042732"	0.064036649248223	0.818015873015873	0.9	"high"
"ENSDARG00000042742"	0.05273143829822	0.200454545454545	0.3	"mid"
"ENSDARG00000042747"	0.103784251751769	0.37280303030303	0.4	"mid"
"ENSDARG00000042751"	0.0543554533173257	0.4125	0.5	"mid"
"ENSDARG00000042777"	0.118434067004966	0.83525	0.9	"high"
"ENSDARG00000042780"	0.264620314562298	0.899545454545455	0.9	"high"
"ENSDARG00000042793"	0.0595883698846349	0.740909090909091	0.8	"mid"
"ENSDARG00000042796"	0.017455542795724	0.209545454545455	0.3	"mid"
"ENSDARG00000042799"	0.116560402858283	0.514431818181818	0.6	"mid"
"ENSDARG00000042807"	0.109982889584387	0.862777777777778	0.9	"high"
"ENSDARG00000042816"	0.101841972470153	0.813	0.9	"high"
"ENSDARG00000042821"	0.0624263665329927	0.529722222222222	0.6	"mid"
"ENSDARG00000042823"	0.0552228672227301	0.802222222222222	0.9	"high"
"ENSDARG00000042826"	0.0439030834497934	0.596666666666667	0.6	"mid"
"ENSDARG00000042827"	0.073868850789628	0.386666666666667	0.4	"mid"
"ENSDARG00000042833"	0.073445517015551	0.32	0.4	"mid"
"ENSDARG00000042835"	0.0544892982675892	0.340833333333333	0.4	"mid"
"ENSDARG00000042837"	0.12144176332059	0.431	0.5	"mid"
"ENSDARG00000042848"	0.0774467917392308	0.210333333333333	0.3	"mid"
"ENSDARG00000042851"	0.0533954263264674	0.857277777777778	0.9	"high"
"ENSDARG00000042853"	0.0619920898711008	0.383636363636364	0.4	"mid"
"ENSDARG00000042854"	0.113300358757346	0.475	0.5	"mid"
"ENSDARG00000042856"	0.0742617166610526	0.465833333333333	0.5	"mid"
"ENSDARG00000042864"	0.12215179271166	0.609090909090909	0.7	"mid"
"ENSDARG00000042873"	0.0741539080033531	0.501111111111111	0.6	"mid"
"ENSDARG00000042874"	0.044559133796373	0.8125	0.9	"high"
"ENSDARG00000042877"	0.0376152889115868	0.736666666666667	0.8	"mid"
"ENSDARG00000042881"	0.0648023003182169	0.506363636363636	0.6	"mid"
"ENSDARG00000042892"	0.104258649837983	0.278461538461538	0.3	"mid"
"ENSDARG00000042894"	0.0340964547496106	0.609	0.7	"mid"
"ENSDARG00000042899"	0.103685322025068	0.416875	0.5	"mid"
"ENSDARG00000042902"	0.081813400234777	0.270909090909091	0.3	"mid"
"ENSDARG00000042904"	0.0660799137523602	0.81474358974359	0.9	"high"
"ENSDARG00000042925"	0.0798584506015386	0.294545454545455	0.3	"mid"
"ENSDARG00000042929"	0.0455239140976773	0.253636363636364	0.3	"mid"
"ENSDARG00000042933"	0.0641079966067366	0.600454545454545	0.7	"mid"
"ENSDARG00000042934"	0.0379998030565096	0.894090909090909	0.9	"high"
"ENSDARG00000042940"	0.0418097106142203	0.575833333333333	0.6	"mid"
"ENSDARG00000042946"	0.0694438553105682	0.458030303030303	0.5	"mid"
"ENSDARG00000042948"	0.0331767759077632	0.233636363636364	0.3	"mid"
"ENSDARG00000042953"	0.176599734742738	0.644	0.7	"mid"
"ENSDARG00000042962"	0.0444113880569808	0.22484126984127	0.3	"mid"
"ENSDARG00000042969"	0.124568765486339	0.330454545454545	0.4	"mid"
"ENSDARG00000042975"	0.0700760586799194	0.281363636363636	0.3	"mid"
"ENSDARG00000042977"	0.121111476585273	0.768881118881119	0.8	"mid"
"ENSDARG00000042978"	0.13343594331062	0.513901515151515	0.6	"mid"
"ENSDARG00000042980"	0.13343594331062	0.662380952380952	0.7	"mid"
"ENSDARG00000042984"	0.137656096118573	0.702222222222222	0.8	"mid"
"ENSDARG00000042988"	0.0415462448250874	0.474166666666667	0.5	"mid"
"ENSDARG00000042990"	0.13343594331062	0.723	0.8	"mid"
"ENSDARG00000042993"	0.113200554909367	0.704545454545455	0.8	"mid"
"ENSDARG00000042995"	0.0558378796440657	0.326222222222222	0.4	"mid"
"ENSDARG00000043003"	0.0300391068680656	0.537462121212121	0.6	"mid"
"ENSDARG00000043006"	0.10212821002065	0.335454545454545	0.4	"mid"
"ENSDARG00000043009"	0.02504306655179	0.771153846153846	0.8	"mid"
"ENSDARG00000043010"	0.0187833227461668	0.696666666666667	0.7	"mid"
"ENSDARG00000043011"	0.0646758077965107	0.363531468531469	0.4	"mid"
"ENSDARG00000043019"	0.0248728367362805	0.396636363636364	0.4	"mid"
"ENSDARG00000043021"	0.100703444625051	0.596666666666667	0.6	"mid"
"ENSDARG00000043026"	0.0635139064947308	0.349423076923077	0.4	"mid"
"ENSDARG00000043031"	0.0544693412596685	0.685833333333333	0.7	"mid"
"ENSDARG00000043046"	0.0723042371299996	0.235	0.3	"mid"
"ENSDARG00000043055"	0.0204251732181739	0.411730769230769	0.5	"mid"
"ENSDARG00000043066"	0.0465057379645734	0.354962121212121	0.4	"mid"
"ENSDARG00000043077"	0.091906943254435	0.375833333333333	0.4	"mid"
"ENSDARG00000043081"	0.0675649133282275	0.467	0.5	"mid"
"ENSDARG00000043094"	0.0266857892936277	0.451666666666667	0.5	"mid"
"ENSDARG00000043105"	0.0358150336787208	0.335416666666667	0.4	"mid"
"ENSDARG00000043128"	0.0644290716538522	0.6045	0.7	"mid"
"ENSDARG00000043130"	0.0658491101586637	0.328194444444444	0.4	"mid"
"ENSDARG00000043131"	0.307623193229449	0.515272727272727	0.6	"mid"
"ENSDARG00000043134"	0.0414900897707746	0.315909090909091	0.4	"mid"
"ENSDARG00000043137"	0.152142095516342	0.632222222222222	0.7	"mid"
"ENSDARG00000043168"	0.122316558114825	0.714861111111111	0.8	"mid"
"ENSDARG00000043173"	0.122316558114825	0.703863636363636	0.8	"mid"
"ENSDARG00000043175"	0.122316558114825	0.607310606060606	0.7	"mid"
"ENSDARG00000043177"	0.026501679768413	0.427166666666667	0.5	"mid"
"ENSDARG00000043180"	0.0534170055214833	0.66	0.7	"mid"
"ENSDARG00000043185"	0.0396049183990997	0.551666666666667	0.6	"mid"
"ENSDARG00000043209"	0.0918322706424304	0.512777777777778	0.6	"mid"
"ENSDARG00000043211"	0.0542695723433695	0.677	0.7	"mid"
"ENSDARG00000043213"	0.0688731834783809	0.287666666666667	0.3	"mid"
"ENSDARG00000043243"	0.0494851978358065	0.498977272727273	0.5	"mid"
"ENSDARG00000043247"	0.0664868707220909	0.516363636363636	0.6	"mid"
"ENSDARG00000043257"	0.0427813665911503	0.579464285714286	0.6	"mid"
"ENSDARG00000043281"	0.131709651838735	0.752777777777778	0.8	"mid"
"ENSDARG00000043283"	0.128294937265239	0.487070707070707	0.5	"mid"
"ENSDARG00000043287"	0.0143116687404556	0.369204545454545	0.4	"mid"
"ENSDARG00000043288"	0.0575066795290163	0.536545454545455	0.6	"mid"
"ENSDARG00000043304"	0.0575156261023287	0.723181818181818	0.8	"mid"
"ENSDARG00000043307"	0.136083679007277	0.569166666666667	0.6	"mid"
"ENSDARG00000043323"	0.0407768766546874	0.343878205128205	0.4	"mid"
"ENSDARG00000043334"	0.0157565629646535	0.45875	0.5	"mid"
"ENSDARG00000043339"	0.136977126450962	0.36979797979798	0.4	"mid"
"ENSDARG00000043342"	0.113328467756826	0.56	0.6	"mid"
"ENSDARG00000043357"	0.0666760576530234	0.455643939393939	0.5	"mid"
"ENSDARG00000043359"	0.0217047538168469	0.197020202020202	0.2	"low"
"ENSDARG00000043360"	0.0960008812183805	0.474545454545455	0.5	"mid"
"ENSDARG00000043388"	0.125911142645712	0.259888888888889	0.3	"mid"
"ENSDARG00000043395"	0.0781107318519956	0.714220779220779	0.8	"mid"
"ENSDARG00000043402"	0.142926409735938	0.809242424242424	0.9	"high"
"ENSDARG00000043404"	0.085285239888859	0.377888888888889	0.4	"mid"
"ENSDARG00000043416"	0.227247744442681	0.351666666666667	0.4	"mid"
"ENSDARG00000043417"	0.0401698633943915	0.400416666666667	0.5	"mid"
"ENSDARG00000043431"	0.0909360866511482	0.560138888888889	0.6	"mid"
"ENSDARG00000043442"	0.121420971657388	0.789090909090909	0.8	"mid"
"ENSDARG00000043446"	0.0548290204493594	0.826666666666667	0.9	"high"
"ENSDARG00000043447"	0.145099909396672	0.511277777777778	0.6	"mid"
"ENSDARG00000043448"	0.0491540050328456	0.305454545454545	0.4	"mid"
"ENSDARG00000043465"	0.0120305913857368	0.247840909090909	0.3	"mid"
"ENSDARG00000043467"	0.143624929553886	0.92875	1	"high"
"ENSDARG00000043474"	0.029137424974574	0.4375	0.5	"mid"
"ENSDARG00000043497"	0.0726157329842282	0.520181818181818	0.6	"mid"
"ENSDARG00000043502"	0.0516647771759298	0.241477272727273	0.3	"mid"
"ENSDARG00000043518"	0.13218212764599	0.850757575757576	0.9	"high"
"ENSDARG00000043531"	0.0321471869606178	0.8275	0.9	"high"
"ENSDARG00000043536"	0.106363341701197	0.481742424242424	0.5	"mid"
"ENSDARG00000043542"	0.0714368132780681	0.737007575757576	0.8	"mid"
"ENSDARG00000043548"	0.0859946477398901	0.594047619047619	0.6	"mid"
"ENSDARG00000043554"	0.132677128776217	0.68	0.7	"mid"
"ENSDARG00000043555"	0.0463655362816884	0.157333333333333	0.2	"low"
"ENSDARG00000043559"	0.0875783833060964	0.332676767676768	0.4	"mid"
"ENSDARG00000043561"	0.00686661356455554	0.410769230769231	0.5	"mid"
"ENSDARG00000043562"	0.088388180816927	0.59	0.6	"mid"
"ENSDARG00000043566"	0.225696018935558	0.448737373737374	0.5	"mid"
"ENSDARG00000043571"	0.0282107938183658	0.215909090909091	0.3	"mid"
"ENSDARG00000043581"	0.047335646236647	0.773888888888889	0.8	"mid"
"ENSDARG00000043587"	0.11895890293451	0.560416666666667	0.6	"mid"
"ENSDARG00000043593"	0.0415028184792634	0.383	0.4	"mid"
"ENSDARG00000043608"	0.0778811885571493	0.377142857142857	0.4	"mid"
"ENSDARG00000043624"	0.0786081620912005	0.574861111111111	0.6	"mid"
"ENSDARG00000043631"	0.0198513770736178	0.325772727272727	0.4	"mid"
"ENSDARG00000043635"	0.141954484820468	0.507	0.6	"mid"
"ENSDARG00000043640"	0.201101102993807	0.355	0.4	"mid"
"ENSDARG00000043644"	0.0856646879026701	0.3625	0.4	"mid"
"ENSDARG00000043646"	0.042041225546517	0.794666666666667	0.8	"mid"
"ENSDARG00000043658"	0.118396980665612	0.575227272727273	0.6	"mid"
"ENSDARG00000043663"	0.0654500404511338	0.49	0.5	"mid"
"ENSDARG00000043665"	0.0529600930245815	0.267227272727273	0.3	"mid"
"ENSDARG00000043666"	0.0760990864250776	0.582727272727273	0.6	"mid"
"ENSDARG00000043684"	0.0647702411324177	0.777444444444444	0.8	"mid"
"ENSDARG00000043687"	0.0844881922936664	0.28525	0.3	"mid"
"ENSDARG00000043701"	0.053429277823377	0.867020202020202	0.9	"high"
"ENSDARG00000043705"	0.0223174425908766	0.2775	0.3	"mid"
"ENSDARG00000043710"	0.0181951912929411	0.702222222222222	0.8	"mid"
"ENSDARG00000043713"	0.027916624593343	0.370333333333333	0.4	"mid"
"ENSDARG00000043716"	0.0581039108763344	0.838181818181818	0.9	"high"
"ENSDARG00000043719"	0.134534025511211	0.662	0.7	"mid"
"ENSDARG00000043720"	0.0523142902944663	0.526666666666667	0.6	"mid"
"ENSDARG00000043722"	0.120910950415678	0.53155303030303	0.6	"mid"
"ENSDARG00000043727"	0.0488582688250437	0.235811965811966	0.3	"mid"
"ENSDARG00000043728"	0.0694850815618843	0.463055555555556	0.5	"mid"
"ENSDARG00000043729"	0.117736606685258	0.636038461538462	0.7	"mid"
"ENSDARG00000043732"	0.0103514306088857	0.283333333333333	0.3	"mid"
"ENSDARG00000043734"	0.0812163592365479	0.484807692307692	0.5	"mid"
"ENSDARG00000043740"	0.132494572035139	0.578181818181818	0.6	"mid"
"ENSDARG00000043757"	0.0845662218678343	0.575428571428571	0.6	"mid"
"ENSDARG00000043781"	0.0885704201742212	0.731818181818182	0.8	"mid"
"ENSDARG00000043797"	0.0314196751963833	0.391439393939394	0.4	"mid"
"ENSDARG00000043802"	0.274367122590988	0.8025	0.9	"high"
"ENSDARG00000043806"	0.120188267454951	0.565871212121212	0.6	"mid"
"ENSDARG00000043821"	0.0204624499937312	0.756287878787879	0.8	"mid"
"ENSDARG00000043842"	0.0839199806333386	0.346666666666667	0.4	"mid"
"ENSDARG00000043854"	0.0490834946498241	0.242083333333333	0.3	"mid"
"ENSDARG00000043856"	0.0623810716497862	0.504444444444444	0.6	"mid"
"ENSDARG00000043857"	0.0335200897618676	0.391818181818182	0.4	"mid"
"ENSDARG00000043864"	0.06715503708952	0.330909090909091	0.4	"mid"
"ENSDARG00000043865"	0.0211852384622287	0.663454545454546	0.7	"mid"
"ENSDARG00000043877"	0.100110394964209	0.405	0.5	"mid"
"ENSDARG00000043884"	0.0910386497971958	0.421287878787879	0.5	"mid"
"ENSDARG00000043898"	0.0685116120083337	0.463681818181818	0.5	"mid"
"ENSDARG00000043899"	0.0515420991858737	0.46175	0.5	"mid"
"ENSDARG00000043905"	0.133010349234332	0.433555555555556	0.5	"mid"
"ENSDARG00000043928"	0.0421057145976564	0.211623376623377	0.3	"mid"
"ENSDARG00000043932"	0.0328919691372469	0.601818181818182	0.7	"mid"
"ENSDARG00000043938"	0.0533338704815114	0.297867132867133	0.3	"mid"
"ENSDARG00000043960"	0.0647609111975469	0.7295	0.8	"mid"
"ENSDARG00000043970"	0.158505007083212	0.4075	0.5	"mid"
"ENSDARG00000043972"	0.0266585289516917	0.550416666666667	0.6	"mid"
"ENSDARG00000043976"	0.00700632184936132	0.28	0.3	"mid"
"ENSDARG00000043986"	0.120433827654871	0.675	0.7	"mid"
"ENSDARG00000044001"	0.144061716930386	0.525606060606061	0.6	"mid"
"ENSDARG00000044011"	0.101879420030718	0.418636363636364	0.5	"mid"
"ENSDARG00000044016"	0.041711150569802	0.712916666666667	0.8	"mid"
"ENSDARG00000044039"	0.136066835448251	0.667142857142857	0.7	"mid"
"ENSDARG00000044048"	0.134456800603612	0.604666666666667	0.7	"mid"
"ENSDARG00000044056"	0.138534684219336	0.535555555555556	0.6	"mid"
"ENSDARG00000044072"	0.103303230811032	0.63	0.7	"mid"
"ENSDARG00000044073"	0.0808651752094056	0.64459595959596	0.7	"mid"
"ENSDARG00000044074"	0.0591906400644265	0.295454545454545	0.3	"mid"
"ENSDARG00000044083"	0.0383468845217771	0.578106060606061	0.6	"mid"
"ENSDARG00000044090"	0.0367978928354917	0.266883116883117	0.3	"mid"
"ENSDARG00000044102"	0.0777338552388453	0.771944444444444	0.8	"mid"
"ENSDARG00000044114"	0.115184964477877	0.479090909090909	0.5	"mid"
"ENSDARG00000044125"	0.139901302341502	0.837	0.9	"high"
"ENSDARG00000044132"	0.0997258424978009	0.697954545454545	0.7	"mid"
"ENSDARG00000044134"	0.0780853313596968	0.347045454545455	0.4	"mid"
"ENSDARG00000044135"	0.258667184762813	0.330909090909091	0.4	"mid"
"ENSDARG00000044136"	0.0781756907323398	0.211089743589744	0.3	"mid"
"ENSDARG00000044142"	0.0649289130422583	0.492357142857143	0.5	"mid"
"ENSDARG00000044143"	0.11628206542204	0.390555555555556	0.4	"mid"
"ENSDARG00000044144"	0.0568892502339419	0.488	0.5	"mid"
"ENSDARG00000044153"	0.00305076754670237	0.366	0.4	"mid"
"ENSDARG00000044155"	0.017207373377347	0.699090909090909	0.7	"mid"
"ENSDARG00000044179"	0.0587381083469721	0.477272727272727	0.5	"mid"
"ENSDARG00000044182"	0.0610824648239265	0.189285714285714	0.2	"low"
"ENSDARG00000044183"	0.0377575271475145	0.377	0.4	"mid"
"ENSDARG00000044199"	0.0175990601386947	0.279431818181818	0.3	"mid"
"ENSDARG00000044204"	0.0772646566232135	0.655151515151515	0.7	"mid"
"ENSDARG00000044216"	0.110234442525681	0.368333333333333	0.4	"mid"
"ENSDARG00000044241"	0.114412767195376	0.230909090909091	0.3	"mid"
"ENSDARG00000044251"	0.0408055358272383	0.648636363636364	0.7	"mid"
"ENSDARG00000044253"	0.0514388499211978	0.536666666666667	0.6	"mid"
"ENSDARG00000044254"	0.142671873652203	0.626727272727273	0.7	"mid"
"ENSDARG00000044255"	0.0390674812340625	0.272888888888889	0.3	"mid"
"ENSDARG00000044261"	0.0569426837096059	0.799583333333333	0.8	"mid"
"ENSDARG00000044267"	0.0807885414911994	0.151666666666667	0.2	"low"
"ENSDARG00000044279"	0.0729460485590157	0.406688311688312	0.5	"mid"
"ENSDARG00000044280"	0.0729460485590157	0.26030303030303	0.3	"mid"
"ENSDARG00000044298"	0.0896644422613617	0.6175	0.7	"mid"
"ENSDARG00000044299"	0.0818058220382546	0.33	0.4	"mid"
"ENSDARG00000044301"	0.072933715182481	0.298909090909091	0.3	"mid"
"ENSDARG00000044304"	0.0808396717227815	0.436818181818182	0.5	"mid"
"ENSDARG00000044328"	0.0179482360134941	0.477070707070707	0.5	"mid"
"ENSDARG00000044332"	0.0361632288540348	0.260909090909091	0.3	"mid"
"ENSDARG00000044339"	0.0827289834137738	0.444	0.5	"mid"
"ENSDARG00000044356"	0.0258674642473667	0.629090909090909	0.7	"mid"
"ENSDARG00000044357"	0.049665910854636	0.178901515151515	0.2	"low"
"ENSDARG00000044362"	0.0399117696465996	0.592333333333333	0.6	"mid"
"ENSDARG00000044365"	0.168260940739749	0.654545454545455	0.7	"mid"
"ENSDARG00000044373"	0.0897712103679601	0.382234848484848	0.4	"mid"
"ENSDARG00000044380"	0.119674003477798	0.5	0.5	"mid"
"ENSDARG00000044381"	0.0170624244577231	0.481	0.5	"mid"
"ENSDARG00000044402"	0.0971555364169509	0.718636363636364	0.8	"mid"
"ENSDARG00000044404"	0.0707281151007051	0.386767676767677	0.4	"mid"
"ENSDARG00000044405"	0.114394440162079	0.599128787878788	0.6	"mid"
"ENSDARG00000044433"	0.090072689699979	0.636363636363636	0.7	"mid"
"ENSDARG00000044437"	0.167325132654216	0.521666666666667	0.6	"mid"
"ENSDARG00000044441"	0.121312083569236	0.576071428571429	0.6	"mid"
"ENSDARG00000044484"	0.0228635797061003	0.371590909090909	0.4	"mid"
"ENSDARG00000044485"	0.0940635722932386	0.866153846153846	0.9	"high"
"ENSDARG00000044491"	0.0963335829398426	0.418041958041958	0.5	"mid"
"ENSDARG00000044501"	0.0520710654096691	0.578125	0.6	"mid"
"ENSDARG00000044511"	0.0744676801891611	0.607	0.7	"mid"
"ENSDARG00000044513"	0.0528033886933943	0.480909090909091	0.5	"mid"
"ENSDARG00000044526"	0.0523511153178027	0.360252525252525	0.4	"mid"
"ENSDARG00000044532"	0.0723467868614828	0.630888888888889	0.7	"mid"
"ENSDARG00000044540"	0.029334741418573	0.337222222222222	0.4	"mid"
"ENSDARG00000044544"	0.0913212221746111	0.468371212121212	0.5	"mid"
"ENSDARG00000044551"	0.0279013753228092	0.443846153846154	0.5	"mid"
"ENSDARG00000044565"	0.0230542171848903	0.19	0.2	"low"
"ENSDARG00000044566"	0.153986199480324	0.966363636363636	1	"high"
"ENSDARG00000044567"	0.0722941189715167	0.337083333333333	0.4	"mid"
"ENSDARG00000044569"	0.0310327895907911	0.610833333333333	0.7	"mid"
"ENSDARG00000044573"	0.00779227108047115	0.0988888888888889	0.1	"low"
"ENSDARG00000044574"	0.0386670593084873	0.59541958041958	0.6	"mid"
"ENSDARG00000044575"	0.0437526381837316	0.367083333333333	0.4	"mid"
"ENSDARG00000044584"	0.0224757141723571	0.472222222222222	0.5	"mid"
"ENSDARG00000044588"	0.0933222082887964	0.449363636363636	0.5	"mid"
"ENSDARG00000044596"	0.0938411833280877	0.334166666666667	0.4	"mid"
"ENSDARG00000044597"	0.0500025343609449	0.5575	0.6	"mid"
"ENSDARG00000044605"	0.0834882529903326	0.451704545454545	0.5	"mid"
"ENSDARG00000044613"	0.153895395180019	0.579090909090909	0.6	"mid"
"ENSDARG00000044619"	0.0998782522613534	0.426666666666667	0.5	"mid"
"ENSDARG00000044625"	0.099792033723039	0.563285714285714	0.6	"mid"
"ENSDARG00000044626"	0.0804528226167683	0.645	0.7	"mid"
"ENSDARG00000044627"	0.0907162591324538	0.205	0.3	"mid"
"ENSDARG00000044628"	0.0733784210143328	0.427460317460317	0.5	"mid"
"ENSDARG00000044642"	0.0795967499513429	0.761527777777778	0.8	"mid"
"ENSDARG00000044655"	0.124614877936443	0.725277777777778	0.8	"mid"
"ENSDARG00000044684"	0.0472107937264228	0.38375	0.4	"mid"
"ENSDARG00000044685"	0.127374120288559	0.266944444444444	0.3	"mid"
"ENSDARG00000044691"	0.0848407176077274	0.697	0.7	"mid"
"ENSDARG00000044692"	0.0621639576096386	0.5515	0.6	"mid"
"ENSDARG00000044718"	0.026661637670689	0.412222222222222	0.5	"mid"
"ENSDARG00000044751"	0.0919785510679813	0.429090909090909	0.5	"mid"
"ENSDARG00000044752"	0.113416420394609	0.552727272727273	0.6	"mid"
"ENSDARG00000044753"	0.0295667850422797	0.293181818181818	0.3	"mid"
"ENSDARG00000044760"	0.0143258619279011	0.212878787878788	0.3	"mid"
"ENSDARG00000044766"	0.0958313775261895	0.296010101010101	0.3	"mid"
"ENSDARG00000044769"	0.0278922888738305	0.378461538461538	0.4	"mid"
"ENSDARG00000044774"	0.0819936632547089	0.632222222222222	0.7	"mid"
"ENSDARG00000044803"	0.0403406452298354	0.659401709401709	0.7	"mid"
"ENSDARG00000044807"	0.0809557838435823	0.544384615384615	0.6	"mid"
"ENSDARG00000044809"	0.078117705565795	0.66125	0.7	"mid"
"ENSDARG00000044811"	0.008243785969609	0.17040404040404	0.2	"low"
"ENSDARG00000044812"	0.0497021883640531	0.372857142857143	0.4	"mid"
"ENSDARG00000044813"	0.0597507652261899	0.232626262626263	0.3	"mid"
"ENSDARG00000044820"	0.0123870384604163	0.261538461538462	0.3	"mid"
"ENSDARG00000044827"	0.01998727123421	0.742307692307692	0.8	"mid"
"ENSDARG00000044847"	0.148113385945691	0.255	0.3	"mid"
"ENSDARG00000044852"	0.0972638841521357	0.885050505050505	0.9	"high"
"ENSDARG00000044861"	0.0454539269511325	0.283333333333333	0.3	"mid"
"ENSDARG00000044862"	0.0454539269511325	0.240833333333333	0.3	"mid"
"ENSDARG00000044874"	0.060607959964092	0.735252525252525	0.8	"mid"
"ENSDARG00000044895"	0.0935439075888304	0.275227272727273	0.3	"mid"
"ENSDARG00000044899"	0.0845352506931021	0.480681818181818	0.5	"mid"
"ENSDARG00000044902"	0.0373467606256177	0.197272727272727	0.2	"low"
"ENSDARG00000044914"	0.0323186116625624	0.706363636363636	0.8	"mid"
"ENSDARG00000044923"	0.0146610595410119	0.386666666666667	0.4	"mid"
"ENSDARG00000044925"	0.0620915648789582	0.452777777777778	0.5	"mid"
"ENSDARG00000044935"	0.0622129394343072	0.565555555555556	0.6	"mid"
"ENSDARG00000044942"	0.113913385411756	0.276538461538462	0.3	"mid"
"ENSDARG00000044943"	0.0400261525232332	0.366666666666667	0.4	"mid"
"ENSDARG00000044949"	0.12283839067194	0.318888888888889	0.4	"mid"
"ENSDARG00000044972"	0.0595912265100074	0.403181818181818	0.5	"mid"
"ENSDARG00000044980"	0.0208656732308628	0.59	0.6	"mid"
"ENSDARG00000044982"	0.0403308238215125	0.660888888888889	0.7	"mid"
"ENSDARG00000045003"	0.199985108897314	0.580277777777778	0.6	"mid"
"ENSDARG00000045011"	0.173299946680789	0.579965034965035	0.6	"mid"
"ENSDARG00000045017"	0.108135326483752	0.384431818181818	0.4	"mid"
"ENSDARG00000045019"	0.060656040413213	0.609388888888889	0.7	"mid"
"ENSDARG00000045025"	0.0677351067018137	0.347979797979798	0.4	"mid"
"ENSDARG00000045027"	0.0446269828072866	0.620833333333333	0.7	"mid"
"ENSDARG00000045036"	0.0667576841828673	0.498	0.5	"mid"
"ENSDARG00000045051"	0.0508166566224853	0.772	0.8	"mid"
"ENSDARG00000045064"	0.0731622167301732	0.357575757575758	0.4	"mid"
"ENSDARG00000045066"	0.109442056253431	0.401666666666667	0.5	"mid"
"ENSDARG00000045071"	0.0815445012277795	0.798571428571429	0.8	"mid"
"ENSDARG00000045074"	0.0377915003578928	0.753611111111111	0.8	"mid"
"ENSDARG00000045075"	0.133816277886532	0.469265734265734	0.5	"mid"
"ENSDARG00000045091"	0.170504035025784	0.551681818181818	0.6	"mid"
"ENSDARG00000045092"	0.0868328088677827	0.299136363636364	0.3	"mid"
"ENSDARG00000045095"	0.0813999575566092	0.452833333333333	0.5	"mid"
"ENSDARG00000045123"	0.0390327854352079	0.543333333333333	0.6	"mid"
"ENSDARG00000045127"	0.0570632987097749	0.72	0.8	"mid"
"ENSDARG00000045129"	0.0883024177666079	0.416666666666667	0.5	"mid"
"ENSDARG00000045130"	0.0410300732154696	0.710277777777778	0.8	"mid"
"ENSDARG00000045131"	0.0586733866976092	0.449071428571429	0.5	"mid"
"ENSDARG00000045140"	0.0857803296504906	0.111833333333333	0.2	"low"
"ENSDARG00000045141"	0.144946668972326	0.681363636363636	0.7	"mid"
"ENSDARG00000045144"	0.119983654888082	0.761818181818182	0.8	"mid"
"ENSDARG00000045146"	0.0766305553571635	0.424335664335664	0.5	"mid"
"ENSDARG00000045147"	0.0230095835051861	0.182424242424242	0.2	"low"
"ENSDARG00000045150"	0.00789609670811012	0.381818181818182	0.4	"mid"
"ENSDARG00000045153"	0.045630373057591	0.514545454545455	0.6	"mid"
"ENSDARG00000045155"	0.000488080011224725	0.769545454545455	0.8	"mid"
"ENSDARG00000045159"	0.132255965408835	0.366287878787879	0.4	"mid"
"ENSDARG00000045172"	0.134233559375269	0.332171717171717	0.4	"mid"
"ENSDARG00000045180"	0.00182409388188035	0.795	0.8	"mid"
"ENSDARG00000045190"	0.0978269766718653	0.829090909090909	0.9	"high"
"ENSDARG00000045199"	0.0522353418929339	0.481636363636364	0.5	"mid"
"ENSDARG00000045200"	0.12282372337822	0.301363636363636	0.4	"mid"
"ENSDARG00000045228"	0.017122766476786	0.245333333333333	0.3	"mid"
"ENSDARG00000045248"	1e-04	0.852727272727273	0.9	"high"
"ENSDARG00000045249"	0.138847056583543	0.481818181818182	0.5	"mid"
"ENSDARG00000045257"	0.0781256209512717	0.424545454545455	0.5	"mid"
"ENSDARG00000045262"	0.0763974146563571	0.535833333333333	0.6	"mid"
"ENSDARG00000045277"	0.0851177316827901	0.730227272727273	0.8	"mid"
"ENSDARG00000045294"	0.0701858187181631	0.373	0.4	"mid"
"ENSDARG00000045296"	0.00844531555290081	0.879191919191919	0.9	"high"
"ENSDARG00000045297"	0.0372475594708892	0.736333333333333	0.8	"mid"
"ENSDARG00000045302"	0.0792318023434208	0.710681818181818	0.8	"mid"
"ENSDARG00000045305"	0.059228141314799	0.636212121212121	0.7	"mid"
"ENSDARG00000045306"	0.139807147026213	0.821666666666667	0.9	"high"
"ENSDARG00000045308"	0.0538382170343399	0.519090909090909	0.6	"mid"
"ENSDARG00000045331"	0.0633148588948201	0.317318181818182	0.4	"mid"
"ENSDARG00000045342"	0.132334116290871	0.265846153846154	0.3	"mid"
"ENSDARG00000045343"	0.00716045214512094	0.778181818181818	0.8	"mid"
"ENSDARG00000045351"	0.0892678373814054	0.550238095238095	0.6	"mid"
"ENSDARG00000045352"	0.191465969245136	0.644040404040404	0.7	"mid"
"ENSDARG00000045355"	0.0327660278795178	0.285	0.3	"mid"
"ENSDARG00000045359"	0.0327680051847801	0.341212121212121	0.4	"mid"
"ENSDARG00000045360"	0.0147874144097023	0.677272727272727	0.7	"mid"
"ENSDARG00000045364"	0.0212483668311332	0.437045454545455	0.5	"mid"
"ENSDARG00000045372"	0.107643015155784	0.416616161616162	0.5	"mid"
"ENSDARG00000045373"	0.0291400802219055	0.271818181818182	0.3	"mid"
"ENSDARG00000045398"	0.117596155696487	0.183492063492063	0.2	"low"
"ENSDARG00000045401"	0.0785402393420528	0.409722222222222	0.5	"mid"
"ENSDARG00000045402"	0.158684282593001	0.455795454545455	0.5	"mid"
"ENSDARG00000045411"	0.108783075201059	0.269222222222222	0.3	"mid"
"ENSDARG00000045413"	0.157189119500571	0.438722222222222	0.5	"mid"
"ENSDARG00000045414"	0.0445373100323158	0.5865	0.6	"mid"
"ENSDARG00000045416"	0.108585734557083	0.245833333333333	0.3	"mid"
"ENSDARG00000045417"	0.0263792886821567	0.67875	0.7	"mid"
"ENSDARG00000045420"	0.069159011315382	0.343181818181818	0.4	"mid"
"ENSDARG00000045421"	0.0668224340339143	0.249949494949495	0.3	"mid"
"ENSDARG00000045422"	0.178401636942352	0.441515151515152	0.5	"mid"
"ENSDARG00000045428"	0.0729515615758722	0.310909090909091	0.4	"mid"
"ENSDARG00000045437"	0.0433345358937567	0.4225	0.5	"mid"
"ENSDARG00000045442"	0.0922398253708264	0.621825396825397	0.7	"mid"
"ENSDARG00000045444"	0.0145039860142822	0.746363636363636	0.8	"mid"
"ENSDARG00000045453"	0.149436854763067	0.649545454545455	0.7	"mid"
"ENSDARG00000045463"	0.0143577795383417	0.416416666666667	0.5	"mid"
"ENSDARG00000045465"	0.0632246459019482	0.385454545454545	0.4	"mid"
"ENSDARG00000045482"	0.00829870405647387	0.571	0.6	"mid"
"ENSDARG00000045485"	0.0661236382931955	0.4775	0.5	"mid"
"ENSDARG00000045506"	0.0619858370961702	0.342237762237762	0.4	"mid"
"ENSDARG00000045510"	0.0386355301769189	0.288181818181818	0.3	"mid"
"ENSDARG00000045515"	0.0547850071612743	0.159272727272727	0.2	"low"
"ENSDARG00000045516"	0.114478503662032	0.803045454545455	0.9	"high"
"ENSDARG00000045517"	0.0871196874325165	0.864	0.9	"high"
"ENSDARG00000045518"	0.0817668874095978	0.446	0.5	"mid"
"ENSDARG00000045522"	0.168991053539174	0.56984126984127	0.6	"mid"
"ENSDARG00000045524"	0.100490159922928	0.28	0.3	"mid"
"ENSDARG00000045525"	0.0552079040326763	0.730555555555556	0.8	"mid"
"ENSDARG00000045527"	0.0552926319869846	0.251388888888889	0.3	"mid"
"ENSDARG00000045530"	0.152312974811765	0.495384615384615	0.5	"mid"
"ENSDARG00000045540"	0.0749366505426543	0.128333333333333	0.2	"low"
"ENSDARG00000045542"	0.0580720676694514	0.360454545454545	0.4	"mid"
"ENSDARG00000045543"	0.0233607135457479	0.588	0.6	"mid"
"ENSDARG00000045555"	0.0650215361494264	0.41	0.5	"mid"
"ENSDARG00000045560"	0.0696020550925216	0.886111111111111	0.9	"high"
"ENSDARG00000045561"	0.130516173654039	0.89	0.9	"high"
"ENSDARG00000045562"	0.06676219281275	0.432596153846154	0.5	"mid"
"ENSDARG00000045563"	0.0505630448397935	0.1915	0.2	"low"
"ENSDARG00000045565"	0.108855246845682	0.493409090909091	0.5	"mid"
"ENSDARG00000045567"	0.0723892038748629	0.437867132867133	0.5	"mid"
"ENSDARG00000045568"	0.113611456181766	0.5325	0.6	"mid"
"ENSDARG00000045580"	0.121816572181395	0.555	0.6	"mid"
"ENSDARG00000045586"	0.175176145001123	0.615	0.7	"mid"
"ENSDARG00000045598"	0.101882340902555	0.569090909090909	0.6	"mid"
"ENSDARG00000045601"	0.0802487833533283	0.583333333333333	0.6	"mid"
"ENSDARG00000045606"	0.0865673077776972	0.486666666666667	0.5	"mid"
"ENSDARG00000045611"	0.0432091865839536	0.606363636363636	0.7	"mid"
"ENSDARG00000045620"	0.0595800699534804	0.286111111111111	0.3	"mid"
"ENSDARG00000045626"	0.0387739812988582	0.419702380952381	0.5	"mid"
"ENSDARG00000045628"	0.0575451154317878	0.219027777777778	0.3	"mid"
"ENSDARG00000045636"	0.075230275076019	0.49	0.5	"mid"
"ENSDARG00000045638"	0.120310264562653	0.869090909090909	0.9	"high"
"ENSDARG00000045639"	0.00616033162727634	0.292272727272727	0.3	"mid"
"ENSDARG00000045641"	0.0451107442854321	0.287272727272727	0.3	"mid"
"ENSDARG00000045658"	0.0916192565627693	0.588632478632479	0.6	"mid"
"ENSDARG00000045661"	0.125115241534679	0.889545454545455	0.9	"high"
"ENSDARG00000045676"	0.0352244149815574	0.423	0.5	"mid"
"ENSDARG00000045677"	0.0681068086260341	0.443311688311688	0.5	"mid"
"ENSDARG00000045680"	0.0271921472307993	0.429666666666667	0.5	"mid"
"ENSDARG00000045681"	0.0489166275720508	0.365909090909091	0.4	"mid"
"ENSDARG00000045685"	0.109995605909804	0.412171717171717	0.5	"mid"
"ENSDARG00000045691"	0.0411967124477134	0.360444444444444	0.4	"mid"
"ENSDARG00000045692"	0.13022654787593	0.204025974025974	0.3	"mid"
"ENSDARG00000045695"	0.0467377769154504	0.79	0.8	"mid"
"ENSDARG00000045696"	0.0891389743097274	0.352954545454545	0.4	"mid"
"ENSDARG00000045704"	0.08832599302931	0.340909090909091	0.4	"mid"
"ENSDARG00000045705"	0.0841769537342	0.618888888888889	0.7	"mid"
"ENSDARG00000045706"	0.0475218619410308	0.465606060606061	0.5	"mid"
"ENSDARG00000045733"	0.124913986950797	0.33125	0.4	"mid"
"ENSDARG00000045749"	0.0671699226259096	0.3585	0.4	"mid"
"ENSDARG00000045753"	0.0611225070234946	0.295	0.3	"mid"
"ENSDARG00000045754"	0.113698169231026	0.341666666666667	0.4	"mid"
"ENSDARG00000045755"	0.127768551613079	0.376363636363636	0.4	"mid"
"ENSDARG00000045768"	0.0365397925463416	0.243472222222222	0.3	"mid"
"ENSDARG00000045773"	0.080518237201705	0.563472222222222	0.6	"mid"
"ENSDARG00000045776"	0.0407303905039308	0.2425	0.3	"mid"
"ENSDARG00000045785"	0.129747644309169	0.451666666666667	0.5	"mid"
"ENSDARG00000045788"	0.0509057213965497	0.543636363636364	0.6	"mid"
"ENSDARG00000045790"	0.0357479861607077	0.795	0.8	"mid"
"ENSDARG00000045797"	0.073718499557585	0.796965811965812	0.8	"mid"
"ENSDARG00000045801"	0.0100392160084774	0.567692307692308	0.6	"mid"
"ENSDARG00000045802"	0.10676250984356	0.728428571428571	0.8	"mid"
"ENSDARG00000045803"	0.0970009840221382	0.615707070707071	0.7	"mid"
"ENSDARG00000045808"	0.0487121285891976	0.4385	0.5	"mid"
"ENSDARG00000045814"	0.0429246922442089	0.319083333333333	0.4	"mid"
"ENSDARG00000045822"	0.0513405733961429	0.66	0.7	"mid"
"ENSDARG00000045824"	0.162789977371719	0.329722222222222	0.4	"mid"
"ENSDARG00000045827"	0.0758500477488467	0.799230769230769	0.8	"mid"
"ENSDARG00000045832"	0.055015507506215	0.388888888888889	0.4	"mid"
"ENSDARG00000045834"	0.1357318241959	0.537402597402597	0.6	"mid"
"ENSDARG00000045835"	0.1357318241959	0.732051282051282	0.8	"mid"
"ENSDARG00000045836"	0.0192934573280414	0.403560606060606	0.5	"mid"
"ENSDARG00000045843"	0.0600246866882611	0.445897435897436	0.5	"mid"
"ENSDARG00000045846"	0.0330549894106738	0.277272727272727	0.3	"mid"
"ENSDARG00000045847"	0.113121891742138	0.615833333333333	0.7	"mid"
"ENSDARG00000045850"	0.130289917455127	0.188181818181818	0.2	"low"
"ENSDARG00000045857"	0.0745265411240595	0.40575	0.5	"mid"
"ENSDARG00000045858"	0.148554682290254	0.550050505050505	0.6	"mid"
"ENSDARG00000045870"	0.0951686672977378	0.427878787878788	0.5	"mid"
"ENSDARG00000045874"	0.0158334098028672	0.545454545454545	0.6	"mid"
"ENSDARG00000045877"	0.0209181473188295	0.363232323232323	0.4	"mid"
"ENSDARG00000045886"	0.0647872299496322	0.641313131313131	0.7	"mid"
"ENSDARG00000045887"	0.105548340729369	0.72875	0.8	"mid"
"ENSDARG00000045888"	0.0643998196676671	0.335	0.4	"mid"
"ENSDARG00000045893"	0.0201778604871723	0.737272727272727	0.8	"mid"
"ENSDARG00000045900"	0.0785188636494379	0.494545454545455	0.5	"mid"
"ENSDARG00000045909"	0.105156026450221	0.56125	0.6	"mid"
"ENSDARG00000045910"	0.050374022520234	0.323015873015873	0.4	"mid"
"ENSDARG00000045914"	0.133344801216825	0.233363636363636	0.3	"mid"
"ENSDARG00000045926"	0.047500042280379	0.597159090909091	0.6	"mid"
"ENSDARG00000045927"	0.0448785040151709	0.341818181818182	0.4	"mid"
"ENSDARG00000045929"	0.115194459361708	0.398080808080808	0.4	"mid"
"ENSDARG00000045930"	0.0345417327549766	0.426607142857143	0.5	"mid"
"ENSDARG00000045935"	0.0931048574469681	0.328621794871795	0.4	"mid"
"ENSDARG00000045936"	0.0257050066755432	0.527777777777778	0.6	"mid"
"ENSDARG00000045944"	0.0326194787650294	0.770874125874126	0.8	"mid"
"ENSDARG00000045945"	0.0586831096453925	0.437936507936508	0.5	"mid"
"ENSDARG00000045946"	0.0875310743300938	0.631111111111111	0.7	"mid"
"ENSDARG00000045951"	0.0228204017758709	0.374538461538462	0.4	"mid"
"ENSDARG00000045958"	0.0957134106379071	0.732307692307692	0.8	"mid"
"ENSDARG00000045976"	0.0349117596808213	0.717777777777778	0.8	"mid"
"ENSDARG00000045989"	0.0256859266289515	0.633205128205128	0.7	"mid"
"ENSDARG00000045999"	0.107213579263725	0.776409090909091	0.8	"mid"
"ENSDARG00000046002"	0.056412303718049	0.857689393939394	0.9	"high"
"ENSDARG00000046006"	0.0476404673205437	0.539090909090909	0.6	"mid"
"ENSDARG00000046012"	0.156568971959313	0.546	0.6	"mid"
"ENSDARG00000046013"	0.0412845203004972	0.604444444444444	0.7	"mid"
"ENSDARG00000046022"	0.0202190898259764	0.284	0.3	"mid"
"ENSDARG00000046024"	0.0693851396431028	0.8225	0.9	"high"
"ENSDARG00000046030"	0.119029938803741	0.492083333333333	0.5	"mid"
"ENSDARG00000046074"	0.0241706953070382	0.3175	0.4	"mid"
"ENSDARG00000046081"	0.0340129112040529	0.287575757575758	0.3	"mid"
"ENSDARG00000046090"	0.0406541409357409	0.656363636363636	0.7	"mid"
"ENSDARG00000046098"	0.112968943444358	0.685568181818182	0.7	"mid"
"ENSDARG00000046106"	0.0146347872117339	0.391367521367521	0.4	"mid"
"ENSDARG00000046127"	0.106868581333106	0.392818181818182	0.4	"mid"
"ENSDARG00000046132"	0.103014762934646	0.404326923076923	0.5	"mid"
"ENSDARG00000046133"	0.0820935364349285	0.565454545454545	0.6	"mid"
"ENSDARG00000046141"	0.160360412640382	0.266181818181818	0.3	"mid"
"ENSDARG00000046148"	0.0633484778532152	0.507090909090909	0.6	"mid"
"ENSDARG00000051746"	0.126151238964626	0.421883116883117	0.5	"mid"
"ENSDARG00000051748"	0.0525584645585977	0.896	0.9	"high"
"ENSDARG00000051749"	0.148480838336659	0.476666666666667	0.5	"mid"
"ENSDARG00000051754"	0.1335133327098	0.451818181818182	0.5	"mid"
"ENSDARG00000051756"	0.093696070273847	0.632454545454545	0.7	"mid"
"ENSDARG00000051761"	0.0849767365666593	0.4	0.4	"mid"
"ENSDARG00000051785"	0.0543387117324299	0.541111111111111	0.6	"mid"
"ENSDARG00000051798"	0.0654529994351785	0.338506493506494	0.4	"mid"
"ENSDARG00000051809"	0.0783644343072257	0.785916666666667	0.8	"mid"
"ENSDARG00000051814"	0.129836346202486	0.362333333333333	0.4	"mid"
"ENSDARG00000051816"	0.082232546609331	0.416590909090909	0.5	"mid"
"ENSDARG00000051823"	0.0946409126352235	0.496888888888889	0.5	"mid"
"ENSDARG00000051824"	0.0461868298620035	0.577083333333333	0.6	"mid"
"ENSDARG00000051836"	0.0669926626180856	0.711666666666667	0.8	"mid"
"ENSDARG00000051851"	0.120975628568539	0.582738095238095	0.6	"mid"
"ENSDARG00000051852"	0.0219185176581515	0.415808080808081	0.5	"mid"
"ENSDARG00000051853"	0.0572542975780148	0.783884615384615	0.8	"mid"
"ENSDARG00000051854"	0.100533226308399	0.493535353535353	0.5	"mid"
"ENSDARG00000051857"	0.0739160954829416	0.498	0.5	"mid"
"ENSDARG00000051861"	0.11344680357878	0.468954545454545	0.5	"mid"
"ENSDARG00000051874"	0.122418742541848	0.625181818181818	0.7	"mid"
"ENSDARG00000051875"	0.111949975675557	0.343	0.4	"mid"
"ENSDARG00000051876"	0.0630363531961628	0.368685897435897	0.4	"mid"
"ENSDARG00000051886"	0.0615999104661758	0.176136363636364	0.2	"low"
"ENSDARG00000051888"	0.0366093256238399	0.311	0.4	"mid"
"ENSDARG00000051889"	0.0799782576176837	0.354444444444444	0.4	"mid"
"ENSDARG00000051899"	0.123347504961906	0.379090909090909	0.4	"mid"
"ENSDARG00000051902"	0.0888834508933059	0.565909090909091	0.6	"mid"
"ENSDARG00000051914"	0.106033260071815	0.555666666666667	0.6	"mid"
"ENSDARG00000051916"	0.0275067995973593	0.61	0.7	"mid"
"ENSDARG00000051921"	0.0569304183665688	0.220492424242424	0.3	"mid"
"ENSDARG00000051923"	0.0840898527206016	0.484090909090909	0.5	"mid"
"ENSDARG00000051925"	0.122340024891566	0.734444444444444	0.8	"mid"
"ENSDARG00000051931"	0.0493713560020375	0.291730769230769	0.3	"mid"
"ENSDARG00000051934"	0.0424867925760424	0.43	0.5	"mid"
"ENSDARG00000051936"	0.0691257981400258	0.341868686868687	0.4	"mid"
"ENSDARG00000051939"	0.024975415973975	0.596089743589744	0.6	"mid"
"ENSDARG00000051940"	0.16286902028038	0.69	0.7	"mid"
"ENSDARG00000051953"	0.0359591564896282	0.268333333333333	0.3	"mid"
"ENSDARG00000051955"	0.0511971053930678	0.482	0.5	"mid"
"ENSDARG00000051956"	0.0640970206244202	0.468825757575758	0.5	"mid"
"ENSDARG00000051957"	0.100700899919677	0.663181818181818	0.7	"mid"
"ENSDARG00000051970"	0.0355357735079316	0.173636363636364	0.2	"low"
"ENSDARG00000051986"	0.0219110011280561	0.232403846153846	0.3	"mid"
"ENSDARG00000051993"	0.172821182894157	0.57825	0.6	"mid"
"ENSDARG00000052000"	0.129765468633855	0.545707070707071	0.6	"mid"
"ENSDARG00000052010"	0.0421658832481679	0.250888888888889	0.3	"mid"
"ENSDARG00000052012"	0.0455796445251171	0.503888888888889	0.6	"mid"
"ENSDARG00000052016"	0.0397613953770902	0.451833333333333	0.5	"mid"
"ENSDARG00000052020"	0.0905917941839297	0.461555555555556	0.5	"mid"
"ENSDARG00000052025"	0.0328708403858409	0.262012987012987	0.3	"mid"
"ENSDARG00000052030"	0.0889199365593618	0.563833333333333	0.6	"mid"
"ENSDARG00000052039"	0.141446689480562	0.817692307692308	0.9	"high"
"ENSDARG00000052057"	0.108401234694548	0.521818181818182	0.6	"mid"
"ENSDARG00000052059"	0.0437649489844441	0.452961538461538	0.5	"mid"
"ENSDARG00000052061"	0.0476944685905723	0.416	0.5	"mid"
"ENSDARG00000052063"	0.0500294934820679	0.504545454545455	0.6	"mid"
"ENSDARG00000052073"	0.0105997121247871	0.366863636363636	0.4	"mid"
"ENSDARG00000052074"	0.0949878583615305	0.462777777777778	0.5	"mid"
"ENSDARG00000052091"	0.0172087118739001	0.368333333333333	0.4	"mid"
"ENSDARG00000052099"	0.105192334517087	0.756287878787879	0.8	"mid"
"ENSDARG00000052103"	0.0922760406628864	0.57	0.6	"mid"
"ENSDARG00000052104"	0.0455136568562847	0.32	0.4	"mid"
"ENSDARG00000052109"	0.118826409915186	0.8725	0.9	"high"
"ENSDARG00000052113"	0.0870547767673895	0.593295454545455	0.6	"mid"
"ENSDARG00000052118"	0.0872935817746482	0.586666666666667	0.6	"mid"
"ENSDARG00000052124"	0.109374017600815	0.521666666666667	0.6	"mid"
"ENSDARG00000052129"	0.0749252147352638	0.6	0.6	"mid"
"ENSDARG00000052138"	0.0394276400041233	0.202032967032967	0.3	"mid"
"ENSDARG00000052139"	0.0500848964481663	0.559583333333333	0.6	"mid"
"ENSDARG00000052148"	0.0820194774191521	0.513	0.6	"mid"
"ENSDARG00000052150"	0.054066907635668	0.397090909090909	0.4	"mid"
"ENSDARG00000052155"	0.0174705317228541	0.273	0.3	"mid"
"ENSDARG00000052164"	0.0946115627846508	0.573636363636364	0.6	"mid"
"ENSDARG00000052170"	0.0631143755317948	0.474444444444444	0.5	"mid"
"ENSDARG00000052178"	0.0113837935433107	0.413	0.5	"mid"
"ENSDARG00000052190"	0.0585014720020745	0.526307692307692	0.6	"mid"
"ENSDARG00000052207"	0.134534025511211	0.832727272727273	0.9	"high"
"ENSDARG00000052215"	0.123686280747512	0.674545454545455	0.7	"mid"
"ENSDARG00000052244"	0.103465329200238	0.323111111111111	0.4	"mid"
"ENSDARG00000052247"	0.0847815495574119	0.366287878787879	0.4	"mid"
"ENSDARG00000052271"	0.145288312941787	0.482222222222222	0.5	"mid"
"ENSDARG00000052277"	0.0397117367890518	0.514444444444444	0.6	"mid"
"ENSDARG00000052290"	0.0482825501327783	0.258232323232323	0.3	"mid"
"ENSDARG00000052330"	0.0337122279481886	0.444666666666667	0.5	"mid"
"ENSDARG00000052331"	0.0217894075006318	0.437272727272727	0.5	"mid"
"ENSDARG00000052334"	0.158370290997399	0.474545454545455	0.5	"mid"
"ENSDARG00000052336"	0.156720305685904	0.578311688311688	0.6	"mid"
"ENSDARG00000052343"	0.128668243037505	0.544965034965035	0.6	"mid"
"ENSDARG00000052344"	0.0855529089992581	0.877820512820513	0.9	"high"
"ENSDARG00000052348"	0.0105533314176801	0.573636363636364	0.6	"mid"
"ENSDARG00000052351"	0.105032959441884	0.624615384615385	0.7	"mid"
"ENSDARG00000052371"	0.119847146494289	0.446969696969697	0.5	"mid"
"ENSDARG00000052374"	0.0327391635149693	0.507272727272727	0.6	"mid"
"ENSDARG00000052377"	0.0193842700181291	0.185454545454545	0.2	"low"
"ENSDARG00000052379"	0.0870123142665447	0.257261904761905	0.3	"mid"
"ENSDARG00000052387"	0.067612347309999	0.572386363636364	0.6	"mid"
"ENSDARG00000052388"	0.0326319253314679	0.345909090909091	0.4	"mid"
"ENSDARG00000052402"	0.132033690018844	0.306363636363636	0.4	"mid"
"ENSDARG00000052408"	0.0621571117166184	0.371057692307692	0.4	"mid"
"ENSDARG00000052427"	0.097387244209411	0.645555555555556	0.7	"mid"
"ENSDARG00000052455"	0.0872533940719872	0.59	0.6	"mid"
"ENSDARG00000052462"	0.0344503087578491	0.29517094017094	0.3	"mid"
"ENSDARG00000052470"	0.0766477174191962	0.728	0.8	"mid"
"ENSDARG00000052471"	0.193851357033672	0.262179487179487	0.3	"mid"
"ENSDARG00000052480"	0.129968004533608	0.357373737373737	0.4	"mid"
"ENSDARG00000052496"	0.0585598452154708	0.466666666666667	0.5	"mid"
"ENSDARG00000052497"	0.097619285109952	0.626893939393939	0.7	"mid"
"ENSDARG00000052518"	0.0756940163702174	0.176111111111111	0.2	"low"
"ENSDARG00000052520"	0.0752336473346057	0.539545454545455	0.6	"mid"
"ENSDARG00000052522"	0.0746020497274336	0.527692307692308	0.6	"mid"
"ENSDARG00000052536"	0.0390405754798695	0.341969696969697	0.4	"mid"
"ENSDARG00000052537"	0.102876450235061	0.458055555555556	0.5	"mid"
"ENSDARG00000052553"	0.0462603108560765	0.263506493506493	0.3	"mid"
"ENSDARG00000052567"	0.0224193295514827	0.347922077922078	0.4	"mid"
"ENSDARG00000052575"	0.176026446610971	0.480757575757576	0.5	"mid"
"ENSDARG00000052578"	0.129705838658881	0.787222222222222	0.8	"mid"
"ENSDARG00000052594"	0.0239001921079819	0.423977272727273	0.5	"mid"
"ENSDARG00000052606"	0.0453213201332898	0.238181818181818	0.3	"mid"
"ENSDARG00000052617"	0.0627680933301907	0.487142857142857	0.5	"mid"
"ENSDARG00000052623"	0.0593899189599527	0.402181818181818	0.5	"mid"
"ENSDARG00000052624"	0.0418957837269365	0.473333333333333	0.5	"mid"
"ENSDARG00000052625"	0.0257548356872716	0.637727272727273	0.7	"mid"
"ENSDARG00000052638"	0.110247099394055	0.584886363636364	0.6	"mid"
"ENSDARG00000052641"	0.0228468583329418	0.53375	0.6	"mid"
"ENSDARG00000052642"	0.111082371895978	0.604	0.7	"mid"
"ENSDARG00000052644"	0.0307445616585503	0.468143939393939	0.5	"mid"
"ENSDARG00000052649"	0.00324861714488951	0.162772727272727	0.2	"low"
"ENSDARG00000052652"	0.0786302404415788	0.466666666666667	0.5	"mid"
"ENSDARG00000052673"	0.0190871566016176	0.507159090909091	0.6	"mid"
"ENSDARG00000052674"	0.00289910643191322	0.141818181818182	0.2	"low"
"ENSDARG00000052680"	0.307623193229449	0.473825757575758	0.5	"mid"
"ENSDARG00000052688"	0.0970246831410751	0.372590909090909	0.4	"mid"
"ENSDARG00000052690"	0.0310224260995221	0.793916666666667	0.8	"mid"
"ENSDARG00000052695"	0.00683367027104055	0.708712121212121	0.8	"mid"
"ENSDARG00000052697"	0.0690349437055585	0.5175	0.6	"mid"
"ENSDARG00000052700"	0.131931592991629	0.278712121212121	0.3	"mid"
"ENSDARG00000052701"	0.105384203361274	0.194444444444444	0.2	"low"
"ENSDARG00000052702"	0.0436999679268867	0.426401515151515	0.5	"mid"
"ENSDARG00000052703"	0.034997003692915	0.379895104895105	0.4	"mid"
"ENSDARG00000052705"	0.158121737574169	0.531818181818182	0.6	"mid"
"ENSDARG00000052708"	0.0404345154175941	0.903636363636364	1	"high"
"ENSDARG00000052712"	0.0409913968024678	0.457979797979798	0.5	"mid"
"ENSDARG00000052713"	0.0435421419379993	0.51	0.6	"mid"
"ENSDARG00000052721"	0.0534089185297357	0.655	0.7	"mid"
"ENSDARG00000052728"	0.0738293426722612	0.415545454545455	0.5	"mid"
"ENSDARG00000052734"	0.0535332288265103	0.865833333333333	0.9	"high"
"ENSDARG00000052747"	0.0706808467374454	0.485959595959596	0.5	"mid"
"ENSDARG00000052765"	0.0150446431545782	0.393383838383838	0.4	"mid"
"ENSDARG00000052769"	0.0251032739169992	0.349045454545455	0.4	"mid"
"ENSDARG00000052789"	0.152593826748061	0.346	0.4	"mid"
"ENSDARG00000052816"	0.0553486321505126	0.354545454545455	0.4	"mid"
"ENSDARG00000052826"	0.0514810098735528	0.665555555555556	0.7	"mid"
"ENSDARG00000052833"	0.0796376201733517	0.201666666666667	0.3	"mid"
"ENSDARG00000052842"	0.0570074704486188	0.623333333333333	0.7	"mid"
"ENSDARG00000052851"	0.0279850357074626	0.117361111111111	0.2	"low"
"ENSDARG00000052859"	0.0203833523174942	0.701	0.8	"mid"
"ENSDARG00000052866"	0.0447489122567726	0.212666666666667	0.3	"mid"
"ENSDARG00000052895"	0.0705609184995674	0.591607142857143	0.6	"mid"
"ENSDARG00000052897"	0.0726161530429799	0.555	0.6	"mid"
"ENSDARG00000052917"	0.157703168172646	0.7415	0.8	"mid"
"ENSDARG00000052923"	0.0463918406758746	0.719545454545454	0.8	"mid"
"ENSDARG00000052928"	0.00147829233572712	0.467954545454546	0.5	"mid"
"ENSDARG00000052942"	0.0922527196331224	0.454583333333333	0.5	"mid"
"ENSDARG00000052950"	0.0913205173973577	0.4125	0.5	"mid"
"ENSDARG00000052957"	0.0828882708776559	0.617272727272727	0.7	"mid"
"ENSDARG00000052966"	0.0767462903807405	0.285804195804196	0.3	"mid"
"ENSDARG00000052975"	0.0269438197767179	0.405153846153846	0.5	"mid"
"ENSDARG00000052978"	0.0459821701345637	0.504141414141414	0.6	"mid"
"ENSDARG00000052994"	0.0635488485577176	0.11469696969697	0.2	"low"
"ENSDARG00000052997"	0.160309153051753	0.626363636363636	0.7	"mid"
"ENSDARG00000053010"	0.0718101149216877	0.607045454545455	0.7	"mid"
"ENSDARG00000053019"	0.0559765680983894	0.411401515151515	0.5	"mid"
"ENSDARG00000053021"	0.140645203279291	0.583878205128205	0.6	"mid"
"ENSDARG00000053026"	0.0496346952218703	0.687692307692308	0.7	"mid"
"ENSDARG00000053070"	0.0441992349446172	0.339444444444444	0.4	"mid"
"ENSDARG00000053074"	0.0335700256788567	0.390384615384615	0.4	"mid"
"ENSDARG00000053087"	0.0334729735023361	0.317638888888889	0.4	"mid"
"ENSDARG00000053101"	0.0383365316933455	0.371794871794872	0.4	"mid"
"ENSDARG00000053110"	0.18848014703425	0.547626262626263	0.6	"mid"
"ENSDARG00000053113"	0.187376207869945	0.436161616161616	0.5	"mid"
"ENSDARG00000053124"	0.166832843874613	0.448928571428571	0.5	"mid"
"ENSDARG00000053127"	0.158287472101545	0.43975	0.5	"mid"
"ENSDARG00000053129"	0.0490752008855157	0.615714285714286	0.7	"mid"
"ENSDARG00000053131"	0.166699265651116	0.491666666666667	0.5	"mid"
"ENSDARG00000053133"	0.0689413062225576	0.7925	0.8	"mid"
"ENSDARG00000053138"	0.0889489095227025	0.352863636363636	0.4	"mid"
"ENSDARG00000053152"	0.0393987301181347	0.768333333333333	0.8	"mid"
"ENSDARG00000053155"	0.0554833619198422	0.287386363636364	0.3	"mid"
"ENSDARG00000053159"	0.269858419206938	0.711111111111111	0.8	"mid"
"ENSDARG00000053166"	0.0381490327823241	0.310833333333333	0.4	"mid"
"ENSDARG00000053194"	0.0244692913536678	0.315769230769231	0.4	"mid"
"ENSDARG00000053200"	0.0799628295313795	0.278571428571429	0.3	"mid"
"ENSDARG00000053204"	0.125501454305069	0.696153846153846	0.7	"mid"
"ENSDARG00000053215"	0.0793931238848246	0.614943181818182	0.7	"mid"
"ENSDARG00000053222"	0.133070415247892	0.671818181818182	0.7	"mid"
"ENSDARG00000053241"	0.103317394114563	0.7205	0.8	"mid"
"ENSDARG00000053262"	0.110326242536453	0.311969696969697	0.4	"mid"
"ENSDARG00000053279"	0.155148156276175	0.411	0.5	"mid"
"ENSDARG00000053323"	0.0551897964596358	0.428055555555556	0.5	"mid"
"ENSDARG00000053326"	0.0164530095578829	0.633434343434343	0.7	"mid"
"ENSDARG00000053362"	0.0733142926650381	0.706363636363636	0.8	"mid"
"ENSDARG00000053370"	0.0761277973467003	0.659292929292929	0.7	"mid"
"ENSDARG00000053381"	0.101140170455959	0.556666666666667	0.6	"mid"
"ENSDARG00000053395"	0.0936175514690192	0.355	0.4	"mid"
"ENSDARG00000053405"	0.0702247276541397	0.4375	0.5	"mid"
"ENSDARG00000053447"	0.0932959936397206	0.329166666666667	0.4	"mid"
"ENSDARG00000053448"	0.181397548787631	0.916363636363636	1	"high"
"ENSDARG00000053452"	0.12779577902933	0.45375	0.5	"mid"
"ENSDARG00000053456"	0.071198981507282	0.252727272727273	0.3	"mid"
"ENSDARG00000053459"	0.0522170541667175	0.277538461538462	0.3	"mid"
"ENSDARG00000053463"	0.0710383137474076	0.325454545454545	0.4	"mid"
"ENSDARG00000053466"	0.160949132047572	0.288272727272727	0.3	"mid"
"ENSDARG00000053474"	0.130059180164261	0.577462121212121	0.6	"mid"
"ENSDARG00000053483"	0.0822257851765488	0.598181818181818	0.6	"mid"
"ENSDARG00000053484"	0.0908438593993801	0.626060606060606	0.7	"mid"
"ENSDARG00000053485"	0.0471509355238718	0.258888888888889	0.3	"mid"
"ENSDARG00000053487"	0.0528356624991652	0.461	0.5	"mid"
"ENSDARG00000053493"	0.0501909312795984	0.734615384615385	0.8	"mid"
"ENSDARG00000053496"	0.0681519399736695	0.453	0.5	"mid"
"ENSDARG00000053500"	0.0737638634967647	0.2725	0.3	"mid"
"ENSDARG00000053502"	0.0628971100450613	0.559356060606061	0.6	"mid"
"ENSDARG00000053505"	0.115977737510374	0.352727272727273	0.4	"mid"
"ENSDARG00000053509"	0.096470341669131	0.331111111111111	0.4	"mid"
"ENSDARG00000053512"	0.0401269796259931	0.422818181818182	0.5	"mid"
"ENSDARG00000053518"	0.0655368149597236	0.373222222222222	0.4	"mid"
"ENSDARG00000053528"	0.0482361045075908	0.685833333333333	0.7	"mid"
"ENSDARG00000053542"	0.0362933268666166	0.600113636363636	0.7	"mid"
"ENSDARG00000053544"	0.0754116880692592	0.381875	0.4	"mid"
"ENSDARG00000053563"	0.274367122590988	0.515909090909091	0.6	"mid"
"ENSDARG00000053569"	0.0257119186736535	0.6975	0.7	"mid"
"ENSDARG00000053571"	0.073929483900659	0.317361111111111	0.4	"mid"
"ENSDARG00000053574"	0.0962171747361925	0.208939393939394	0.3	"mid"
"ENSDARG00000053583"	0.0643356196090919	0.363	0.4	"mid"
"ENSDARG00000053586"	0.0273490314567374	0.404285714285714	0.5	"mid"
"ENSDARG00000053609"	0.072365925683496	0.558333333333333	0.6	"mid"
"ENSDARG00000053617"	0.00745736633500751	0.699090909090909	0.7	"mid"
"ENSDARG00000053652"	0.0992270419783259	0.373333333333333	0.4	"mid"
"ENSDARG00000053656"	0.0650624343817485	0.415340909090909	0.5	"mid"
"ENSDARG00000053668"	0.0320603113130927	0.292727272727273	0.3	"mid"
"ENSDARG00000053685"	0.0058280329568761	0.503	0.6	"mid"
"ENSDARG00000053691"	0.00859681293474523	0.43	0.5	"mid"
"ENSDARG00000053713"	0.0746034453818136	0.492348484848485	0.5	"mid"
"ENSDARG00000053744"	0.118057608894497	0.62	0.7	"mid"
"ENSDARG00000053753"	0.107605679334546	0.254954545454545	0.3	"mid"
"ENSDARG00000053800"	0.148113638557734	0.574590909090909	0.6	"mid"
"ENSDARG00000053805"	0.0884659740201492	0.385222222222222	0.4	"mid"
"ENSDARG00000053810"	0.0451455698653481	0.331	0.4	"mid"
"ENSDARG00000053835"	0.0618793991743547	0.63469696969697	0.7	"mid"
"ENSDARG00000053853"	0.0868208553761436	0.942689393939394	1	"high"
"ENSDARG00000053862"	0.0650645119125422	0.322272727272727	0.4	"mid"
"ENSDARG00000053864"	0.103704750286316	0.503090909090909	0.6	"mid"
"ENSDARG00000053868"	0.0882464596085472	0.515833333333333	0.6	"mid"
"ENSDARG00000053876"	0.0333850104905677	0.565454545454545	0.6	"mid"
"ENSDARG00000053878"	0.0884377106345042	0.277828282828283	0.3	"mid"
"ENSDARG00000053884"	0.0535541113855638	0.39489898989899	0.4	"mid"
"ENSDARG00000053912"	0.0185379335004147	0.562571428571429	0.6	"mid"
"ENSDARG00000053934"	0.10072693680731	0.310594405594406	0.4	"mid"
"ENSDARG00000053956"	0.029714842458982	0.602727272727273	0.7	"mid"
"ENSDARG00000053963"	0.171302895129613	0.547142857142857	0.6	"mid"
"ENSDARG00000053973"	0.13877300140264	0.952545454545455	1	"high"
"ENSDARG00000053979"	0.0153456533867551	0.438818181818182	0.5	"mid"
"ENSDARG00000053990"	0.0282272235064786	0.206	0.3	"mid"
"ENSDARG00000053992"	0.203984831166999	0.445833333333333	0.5	"mid"
"ENSDARG00000054007"	0.0856769221407135	0.439444444444444	0.5	"mid"
"ENSDARG00000054010"	0.0713444227623437	0.3325	0.4	"mid"
"ENSDARG00000054026"	0.0816972947732503	0.635454545454545	0.7	"mid"
"ENSDARG00000054032"	0.0551669343615899	0.41520202020202	0.5	"mid"
"ENSDARG00000054060"	0.134835909065202	0.450555555555556	0.5	"mid"
"ENSDARG00000054063"	0.00677140341053016	0.21	0.3	"mid"
"ENSDARG00000054076"	0.120411714110884	0.478333333333333	0.5	"mid"
"ENSDARG00000054087"	0.0552512152211238	0.563714285714286	0.6	"mid"
"ENSDARG00000054096"	0.0914365831367057	0.46	0.5	"mid"
"ENSDARG00000054103"	0.0967391070620344	0.62	0.7	"mid"
"ENSDARG00000054122"	0.0784301239813588	0.412777777777778	0.5	"mid"
"ENSDARG00000054128"	0.229850154497035	0.409603174603175	0.5	"mid"
"ENSDARG00000054154"	0.0565327050167162	0.506309523809524	0.6	"mid"
"ENSDARG00000054164"	0.0853564946073881	0.415833333333333	0.5	"mid"
"ENSDARG00000054172"	0.05418733421277	0.423333333333333	0.5	"mid"
"ENSDARG00000054191"	0.0641065133129636	0.637777777777778	0.7	"mid"
"ENSDARG00000054201"	0.0183099178311416	0.276818181818182	0.3	"mid"
"ENSDARG00000054208"	0.0415298626506313	0.236401515151515	0.3	"mid"
"ENSDARG00000054220"	0.0688360201250324	0.387166666666667	0.4	"mid"
"ENSDARG00000054222"	0.136773499374854	0.355555555555556	0.4	"mid"
"ENSDARG00000054250"	0.0518493604943872	0.5985	0.6	"mid"
"ENSDARG00000054251"	0.132956396815234	0.244590909090909	0.3	"mid"
"ENSDARG00000054255"	0.133199396778195	0.723181818181818	0.8	"mid"
"ENSDARG00000054259"	0.0385693143158733	0.519714285714286	0.6	"mid"
"ENSDARG00000054264"	0.0383841262626218	0.69225	0.7	"mid"
"ENSDARG00000054288"	0.144282176463276	0.582727272727273	0.6	"mid"
"ENSDARG00000054292"	0.112499872093742	0.382202797202797	0.4	"mid"
"ENSDARG00000054300"	0.0843371388457708	0.411893939393939	0.5	"mid"
"ENSDARG00000054301"	0.0794904947923985	0.403214285714286	0.5	"mid"
"ENSDARG00000054302"	0.0252641110522923	0.295378787878788	0.3	"mid"
"ENSDARG00000054307"	0.104205982171828	0.5185	0.6	"mid"
"ENSDARG00000054312"	0.0944575619245918	0.56	0.6	"mid"
"ENSDARG00000054313"	0.194225627563339	0.424326923076923	0.5	"mid"
"ENSDARG00000054320"	0.010011656078438	0.519666666666667	0.6	"mid"
"ENSDARG00000054334"	0.0635853200490703	0.678333333333333	0.7	"mid"
"ENSDARG00000054337"	0.0737805756110767	0.392307692307692	0.4	"mid"
"ENSDARG00000054340"	0.09761571901699	0.416136363636364	0.5	"mid"
"ENSDARG00000054355"	0.00918703756749604	0.300839160839161	0.4	"mid"
"ENSDARG00000054362"	0.0272923409004272	0.302727272727273	0.4	"mid"
"ENSDARG00000054363"	0.192799291181114	0.551616161616162	0.6	"mid"
"ENSDARG00000054389"	0.0908862259762072	0.6435	0.7	"mid"
"ENSDARG00000054400"	0.103411388650989	0.488333333333333	0.5	"mid"
"ENSDARG00000054418"	0.160109024228975	0.594444444444444	0.6	"mid"
"ENSDARG00000054423"	0.0525571177440716	0.436	0.5	"mid"
"ENSDARG00000054433"	0.0592730643055877	0.201098484848485	0.3	"mid"
"ENSDARG00000054438"	0.0175892794301946	0.6325	0.7	"mid"
"ENSDARG00000054446"	0.0733765052365001	0.439944444444444	0.5	"mid"
"ENSDARG00000054447"	0.0729135249733669	0.678181818181818	0.7	"mid"
"ENSDARG00000054454"	0.0405233231919533	0.490833333333333	0.5	"mid"
"ENSDARG00000054458"	0.0480345098491836	0.452083333333333	0.5	"mid"
"ENSDARG00000054501"	0.066926641904437	0.4285	0.5	"mid"
"ENSDARG00000054530"	0.0697804876239367	0.390277777777778	0.4	"mid"
"ENSDARG00000054533"	0.0271323550961556	0.210454545454545	0.3	"mid"
"ENSDARG00000054539"	0.0819707888280203	0.505833333333333	0.6	"mid"
"ENSDARG00000054540"	0.0385973513246984	0.576	0.6	"mid"
"ENSDARG00000054570"	0.0558864629734881	0.422727272727273	0.5	"mid"
"ENSDARG00000054574"	0.0172697949897099	0.212762237762238	0.3	"mid"
"ENSDARG00000054588"	0.0938686738256972	0.871111111111111	0.9	"high"
"ENSDARG00000054597"	0.0298624676404158	0.433055555555556	0.5	"mid"
"ENSDARG00000054606"	0.182768199151501	0.467083333333333	0.5	"mid"
"ENSDARG00000054609"	0.101883946144555	0.677222222222222	0.7	"mid"
"ENSDARG00000054610"	0.0379295719937733	0.611944444444444	0.7	"mid"
"ENSDARG00000054616"	0.199132206502717	0.366863636363636	0.4	"mid"
"ENSDARG00000054619"	0.0721888071496719	0.476666666666667	0.5	"mid"
"ENSDARG00000054632"	0.0328109995528346	0.432	0.5	"mid"
"ENSDARG00000054645"	0.0707692410221339	0.381818181818182	0.4	"mid"
"ENSDARG00000054666"	0.0744157300104891	0.589166666666667	0.6	"mid"
"ENSDARG00000054683"	0.0429055654257767	0.833636363636364	0.9	"high"
"ENSDARG00000054696"	0.0397056099340954	0.276783216783217	0.3	"mid"
"ENSDARG00000054707"	0.0161065270787729	0.136666666666667	0.2	"low"
"ENSDARG00000054746"	0.0614049040505987	0.240555555555556	0.3	"mid"
"ENSDARG00000054749"	0.0129499759675395	0.485454545454545	0.5	"mid"
"ENSDARG00000054753"	0.0749720346660321	0.776923076923077	0.8	"mid"
"ENSDARG00000054755"	0.089502449592442	0.565833333333333	0.6	"mid"
"ENSDARG00000054777"	0.0977034743872941	0.1575	0.2	"low"
"ENSDARG00000054778"	0.151308325473743	0.686666666666667	0.7	"mid"
"ENSDARG00000054786"	0.10706165435703	0.564583333333333	0.6	"mid"
"ENSDARG00000054789"	0.107986774098186	0.271363636363636	0.3	"mid"
"ENSDARG00000054793"	0.0608835683254536	0.13	0.2	"low"
"ENSDARG00000054794"	0.0325269465463734	0.381309523809524	0.4	"mid"
"ENSDARG00000054799"	0.0830596958486977	0.328571428571429	0.4	"mid"
"ENSDARG00000054804"	0.0653479943219342	0.155649350649351	0.2	"low"
"ENSDARG00000054807"	0.0162229130548472	0.275545454545455	0.3	"mid"
"ENSDARG00000054821"	0.0755127704331457	0.370909090909091	0.4	"mid"
"ENSDARG00000054827"	0.160109024228975	0.743055555555556	0.8	"mid"
"ENSDARG00000054829"	0.0141444660027419	0.329545454545455	0.4	"mid"
"ENSDARG00000054833"	0.0294583282994116	0.437181818181818	0.5	"mid"
"ENSDARG00000054842"	0.101902368315938	0.500272727272727	0.6	"mid"
"ENSDARG00000054848"	0.0706854776246759	0.57	0.6	"mid"
"ENSDARG00000054849"	0.0522694480651147	0.535909090909091	0.6	"mid"
"ENSDARG00000054856"	0.112778743085116	0.191931818181818	0.2	"low"
"ENSDARG00000054858"	0.0644556456450238	0.464944444444444	0.5	"mid"
"ENSDARG00000054864"	0.0490383405410591	0.319	0.4	"mid"
"ENSDARG00000054867"	0.126067792942142	0.336111111111111	0.4	"mid"
"ENSDARG00000054903"	0.0287267147800613	0.404166666666667	0.5	"mid"
"ENSDARG00000054907"	0.126393160028678	0.3015	0.4	"mid"
"ENSDARG00000054914"	0.0656508141495423	0.525384615384615	0.6	"mid"
"ENSDARG00000054929"	0.0726320646530602	0.6275	0.7	"mid"
"ENSDARG00000054930"	0.042881049146623	0.425454545454545	0.5	"mid"
"ENSDARG00000054934"	0.0917912855583431	0.53	0.6	"mid"
"ENSDARG00000054942"	0.217083229029587	0.668560606060606	0.7	"mid"
"ENSDARG00000054950"	0.141040401709926	0.481428571428571	0.5	"mid"
"ENSDARG00000054963"	0.0890306346699267	0.304545454545455	0.4	"mid"
"ENSDARG00000054973"	0.0844255058130675	0.667083333333333	0.7	"mid"
"ENSDARG00000054978"	0.0487034353153748	0.648181818181818	0.7	"mid"
"ENSDARG00000054980"	0.0692567341417303	0.384545454545455	0.4	"mid"
"ENSDARG00000055022"	0.0156289115334701	0.190909090909091	0.2	"low"
"ENSDARG00000055027"	0.0605003929939637	0.363181818181818	0.4	"mid"
"ENSDARG00000055036"	0.129885259467464	0.852272727272727	0.9	"high"
"ENSDARG00000055043"	0.142655739909251	0.635833333333333	0.7	"mid"
"ENSDARG00000055045"	0.100806654980824	0.606363636363636	0.7	"mid"
"ENSDARG00000055046"	0.160805829133882	0.46	0.5	"mid"
"ENSDARG00000055052"	0.100887995968642	0.5	0.5	"mid"
"ENSDARG00000055053"	0.129885259467464	0.648961538461538	0.7	"mid"
"ENSDARG00000055070"	0.0243894918485612	0.483333333333333	0.5	"mid"
"ENSDARG00000055075"	0.0720296085491872	0.392596153846154	0.4	"mid"
"ENSDARG00000055076"	0.0892712642543156	0.481414141414141	0.5	"mid"
"ENSDARG00000055078"	0.0586189082267219	0.825454545454545	0.9	"high"
"ENSDARG00000055080"	0.13871626636142	0.504888888888889	0.6	"mid"
"ENSDARG00000055092"	0.0501601742987647	0.601681818181818	0.7	"mid"
"ENSDARG00000055100"	0.0937535686432407	0.706928571428571	0.8	"mid"
"ENSDARG00000055106"	0.0726224376012217	0.248333333333333	0.3	"mid"
"ENSDARG00000055108"	0.118654209510196	0.553030303030303	0.6	"mid"
"ENSDARG00000055113"	0.163476395275541	0.4675	0.5	"mid"
"ENSDARG00000055115"	0.108824336859487	0.38125	0.4	"mid"
"ENSDARG00000055118"	0.0463725219775851	0.8	0.8	"mid"
"ENSDARG00000055120"	0.0711315461479653	0.311818181818182	0.4	"mid"
"ENSDARG00000055124"	0.0416057184527668	0.367878787878788	0.4	"mid"
"ENSDARG00000055128"	0.142446545830903	0.756666666666667	0.8	"mid"
"ENSDARG00000055129"	0.0348143365567866	0.796818181818182	0.8	"mid"
"ENSDARG00000055133"	0.139619385444763	0.595454545454545	0.6	"mid"
"ENSDARG00000055138"	0.133568857974134	0.625111111111111	0.7	"mid"
"ENSDARG00000055151"	0.0678150501750716	0.53125	0.6	"mid"
"ENSDARG00000055158"	0.0440577223846115	0.419242424242424	0.5	"mid"
"ENSDARG00000055159"	0.153321961376148	0.506666666666667	0.6	"mid"
"ENSDARG00000055162"	0.0823969961096311	0.309962121212121	0.4	"mid"
"ENSDARG00000055163"	0.162233652350305	0.549181818181818	0.6	"mid"
"ENSDARG00000055185"	0.0973816297945141	0.354090909090909	0.4	"mid"
"ENSDARG00000055186"	0.109949510105537	0.855	0.9	"high"
"ENSDARG00000055192"	0.0932321592422969	0.36844696969697	0.4	"mid"
"ENSDARG00000055216"	0.00570747208624824	0.567	0.6	"mid"
"ENSDARG00000055223"	0.0637753232989163	0.468136363636364	0.5	"mid"
"ENSDARG00000055225"	0.0646264718785757	0.489681818181818	0.5	"mid"
"ENSDARG00000055226"	0.0382369192314445	0.572	0.6	"mid"
"ENSDARG00000055229"	0.00548799140141525	0.246153846153846	0.3	"mid"
"ENSDARG00000055250"	0.142623636165379	0.723333333333333	0.8	"mid"
"ENSDARG00000055270"	0.104805277165221	0.3005	0.4	"mid"
"ENSDARG00000055278"	0.163727608871456	0.847222222222222	0.9	"high"
"ENSDARG00000055283"	0.0391511846029532	0.539356060606061	0.6	"mid"
"ENSDARG00000055290"	0.148728644040146	0.665	0.7	"mid"
"ENSDARG00000055292"	0.0523700747350579	0.575	0.6	"mid"
"ENSDARG00000055305"	0.0795064665466813	0.495833333333333	0.5	"mid"
"ENSDARG00000055307"	0.0991375460880394	0.247272727272727	0.3	"mid"
"ENSDARG00000055314"	0.092294832423617	0.684166666666667	0.7	"mid"
"ENSDARG00000055339"	0.0730992453515431	0.523666666666667	0.6	"mid"
"ENSDARG00000055342"	0.114527498120235	0.619404761904762	0.7	"mid"
"ENSDARG00000055344"	0.0731444212092652	0.432337662337662	0.5	"mid"
"ENSDARG00000055349"	0.0360912879344222	0.312222222222222	0.4	"mid"
"ENSDARG00000055357"	0.036961015684091	0.375	0.4	"mid"
"ENSDARG00000055359"	0.195496793841207	0.218055555555556	0.3	"mid"
"ENSDARG00000055360"	0.0755961257416751	0.355454545454545	0.4	"mid"
"ENSDARG00000055377"	0.0377032366813865	0.408681818181818	0.5	"mid"
"ENSDARG00000055381"	0.0413425139801901	0.634722222222222	0.7	"mid"
"ENSDARG00000055383"	0.0532311801295239	0.517666666666667	0.6	"mid"
"ENSDARG00000055395"	0.0389999253710442	0.961428571428571	1	"high"
"ENSDARG00000055398"	0.0232708265381188	0.704027777777778	0.8	"mid"
"ENSDARG00000055415"	0.195103697100718	0.803636363636364	0.9	"high"
"ENSDARG00000055416"	0.12266748170447	0.503	0.6	"mid"
"ENSDARG00000055426"	0.119259656133244	0.755454545454545	0.8	"mid"
"ENSDARG00000055445"	0.0931665170677479	0.538525641025641	0.6	"mid"
"ENSDARG00000055455"	0.0287153865261047	0.349	0.4	"mid"
"ENSDARG00000055470"	0.0269170950269933	0.358181818181818	0.4	"mid"
"ENSDARG00000055472"	0.0550333367357337	0.599507575757576	0.6	"mid"
"ENSDARG00000055474"	0.0296485643375427	0.25400641025641	0.3	"mid"
"ENSDARG00000055477"	0.0323320040532987	0.503194444444444	0.6	"mid"
"ENSDARG00000055481"	0.0685576549395714	0.31	0.4	"mid"
"ENSDARG00000055498"	0.100743988347825	0.455666666666667	0.5	"mid"
"ENSDARG00000055510"	0.0139970017748081	0.769777777777778	0.8	"mid"
"ENSDARG00000055514"	0.0943990149952966	0.292937062937063	0.3	"mid"
"ENSDARG00000055518"	0.0318489808360069	0.854444444444444	0.9	"high"
"ENSDARG00000055524"	0.018360152547267	0.285454545454545	0.3	"mid"
"ENSDARG00000055530"	0.0987458337246038	0.581666666666667	0.6	"mid"
"ENSDARG00000055536"	0.0253319974840618	0.265714285714286	0.3	"mid"
"ENSDARG00000055538"	0.0486061054831427	0.495844155844156	0.5	"mid"
"ENSDARG00000055539"	0.190846317960077	0.90825	1	"high"
"ENSDARG00000055540"	0.0331390761794577	0.404090909090909	0.5	"mid"
"ENSDARG00000055561"	0.0985029874587587	0.551969696969697	0.6	"mid"
"ENSDARG00000055563"	0.0295866795150497	0.457363636363636	0.5	"mid"
"ENSDARG00000055566"	0.0898216749777805	0.347	0.4	"mid"
"ENSDARG00000055569"	0.098490141165381	0.354545454545455	0.4	"mid"
"ENSDARG00000055575"	0.0734170588014519	0.657	0.7	"mid"
"ENSDARG00000055588"	0.0245063270158213	0.436363636363636	0.5	"mid"
"ENSDARG00000055591"	0.104366245397855	0.4655	0.5	"mid"
"ENSDARG00000055592"	0.0753791548516612	0.657738095238095	0.7	"mid"
"ENSDARG00000055595"	0.16139823759099	0.318787878787879	0.4	"mid"
"ENSDARG00000055607"	0.108876832339732	0.308461538461538	0.4	"mid"
"ENSDARG00000055610"	0.0643610842743547	0.398030303030303	0.4	"mid"
"ENSDARG00000055618"	0.00288822530511421	0.92	1	"high"
"ENSDARG00000055620"	0.0519881174361365	0.326	0.4	"mid"
"ENSDARG00000055629"	0.0246352484246232	0.625166666666667	0.7	"mid"
"ENSDARG00000055635"	0.0386910818423523	0.273636363636364	0.3	"mid"
"ENSDARG00000055639"	0.0129951723554839	0.449	0.5	"mid"
"ENSDARG00000055647"	0.0349218208303017	0.7155	0.8	"mid"
"ENSDARG00000055648"	0.0857891996043575	0.407905982905983	0.5	"mid"
"ENSDARG00000055652"	0.025972526663181	0.290909090909091	0.3	"mid"
"ENSDARG00000055653"	0.0587695443240004	0.508671328671329	0.6	"mid"
"ENSDARG00000055659"	0.0539690629793676	0.7075	0.8	"mid"
"ENSDARG00000055676"	0.12968075681722	0.436666666666667	0.5	"mid"
"ENSDARG00000055679"	0.0838962895855852	0.356818181818182	0.4	"mid"
"ENSDARG00000055705"	0.137657748668797	0.673	0.7	"mid"
"ENSDARG00000055708"	0.053336485909743	0.702777777777778	0.8	"mid"
"ENSDARG00000055712"	0.107947410216662	0.615	0.7	"mid"
"ENSDARG00000055713"	0.0673608225054088	0.446666666666667	0.5	"mid"
"ENSDARG00000055715"	0.105997489151362	0.76530303030303	0.8	"mid"
"ENSDARG00000055719"	0.0558249280702027	0.390454545454545	0.4	"mid"
"ENSDARG00000055722"	0.123952220326811	0.744924242424242	0.8	"mid"
"ENSDARG00000055723"	0.044285152111927	0.88	0.9	"high"
"ENSDARG00000055737"	0.043625188166434	0.317727272727273	0.4	"mid"
"ENSDARG00000055743"	0.0559938736088401	0.305454545454545	0.4	"mid"
"ENSDARG00000055750"	0.109950478420936	0.550909090909091	0.6	"mid"
"ENSDARG00000055751"	0.0568113556423398	0.927222222222222	1	"high"
"ENSDARG00000055752"	0.0878221250983179	0.423838383838384	0.5	"mid"
"ENSDARG00000055753"	0.0733561602710717	0.500714285714286	0.6	"mid"
"ENSDARG00000055757"	0.036992592882481	0.460227272727273	0.5	"mid"
"ENSDARG00000055759"	0.0453865017983943	0.211969696969697	0.3	"mid"
"ENSDARG00000055760"	0.043348799637595	0.606477272727273	0.7	"mid"
"ENSDARG00000055763"	0.0459360904483438	0.342386363636364	0.4	"mid"
"ENSDARG00000055784"	0.0775015050484555	0.299431818181818	0.3	"mid"
"ENSDARG00000055786"	0.0480341722816297	0.5875	0.6	"mid"
"ENSDARG00000055792"	0.0700066475833473	0.597222222222222	0.6	"mid"
"ENSDARG00000055797"	0.0728565790315677	0.526666666666667	0.6	"mid"
"ENSDARG00000055809"	0.223583907731006	0.931818181818182	1	"high"
"ENSDARG00000055837"	0.0931416213817016	0.155252525252525	0.2	"low"
"ENSDARG00000055838"	0.0489512173440584	0.62	0.7	"mid"
"ENSDARG00000055854"	0.0516493682492439	0.914444444444444	1	"high"
"ENSDARG00000055868"	0.191159113351963	0.586780303030303	0.6	"mid"
"ENSDARG00000055874"	0.036902469752811	0.428611111111111	0.5	"mid"
"ENSDARG00000055876"	0.0363300191528736	0.88	0.9	"high"
"ENSDARG00000055885"	0.104642891920124	0.692272727272727	0.7	"mid"
"ENSDARG00000055897"	0.0676647793574651	0.54020202020202	0.6	"mid"
"ENSDARG00000055899"	0.0351612000594109	0.530833333333333	0.6	"mid"
"ENSDARG00000055900"	0.0144101753539862	0.394166666666667	0.4	"mid"
"ENSDARG00000055901"	0.130230670041281	0.721388888888889	0.8	"mid"
"ENSDARG00000055903"	0.0208936508811684	0.283095238095238	0.3	"mid"
"ENSDARG00000055912"	0.0463541037012665	0.678838383838384	0.7	"mid"
"ENSDARG00000055917"	0.103909381460023	0.436483516483516	0.5	"mid"
"ENSDARG00000055926"	0.0615361920589926	0.203333333333333	0.3	"mid"
"ENSDARG00000055938"	0.0489846264705427	0.384111111111111	0.4	"mid"
"ENSDARG00000055945"	0.0576169014299908	0.518333333333333	0.6	"mid"
"ENSDARG00000055969"	0.0379580382790455	0.362083333333333	0.4	"mid"
"ENSDARG00000055970"	0.132508122417456	0.52551948051948	0.6	"mid"
"ENSDARG00000055973"	0.0986752088765092	0.751	0.8	"mid"
"ENSDARG00000055974"	0.184443025891192	0.35010101010101	0.4	"mid"
"ENSDARG00000055976"	0.0977413866023329	0.280454545454545	0.3	"mid"
"ENSDARG00000055989"	0.0589560619837636	0.2975	0.3	"mid"
"ENSDARG00000055991"	0.0696926841547964	0.33538961038961	0.4	"mid"
"ENSDARG00000056001"	0.0278301588229485	0.363333333333333	0.4	"mid"
"ENSDARG00000056005"	0.055580023135277	0.461616161616162	0.5	"mid"
"ENSDARG00000056007"	0.084438102506076	0.343636363636364	0.4	"mid"
"ENSDARG00000056026"	0.1481597039008	0.646576923076923	0.7	"mid"
"ENSDARG00000056027"	0.0256416653683035	0.8755	0.9	"high"
"ENSDARG00000056029"	0.0685690954808545	0.544090909090909	0.6	"mid"
"ENSDARG00000056030"	0.0781846380802475	0.684166666666667	0.7	"mid"
"ENSDARG00000056036"	0.0378302386042636	0.390151515151515	0.4	"mid"
"ENSDARG00000056050"	0.0265287932129647	0.44	0.5	"mid"
"ENSDARG00000056059"	0.0933765373387727	0.434393939393939	0.5	"mid"
"ENSDARG00000056078"	0.111220886199879	0.452	0.5	"mid"
"ENSDARG00000056079"	0.0724718354045534	0.447777777777778	0.5	"mid"
"ENSDARG00000056085"	0.00871769023244848	0.0848809523809524	0.1	"low"
"ENSDARG00000056087"	0.0980504685187727	0.679220779220779	0.7	"mid"
"ENSDARG00000056089"	0.0279689692282927	0.158	0.2	"low"
"ENSDARG00000056090"	0.0590551205147806	0.131111111111111	0.2	"low"
"ENSDARG00000056099"	0.0323720402673408	0.764409090909091	0.8	"mid"
"ENSDARG00000056102"	0.021473005132369	0.396666666666667	0.4	"mid"
"ENSDARG00000056108"	0.073402563659764	0.688555555555556	0.7	"mid"
"ENSDARG00000056112"	0.0340980238374425	0.362222222222222	0.4	"mid"
"ENSDARG00000056121"	0.0855944835947764	0.35	0.4	"mid"
"ENSDARG00000056122"	0.0150855152526613	0.503333333333333	0.6	"mid"
"ENSDARG00000056125"	0.122932770151122	0.648181818181818	0.7	"mid"
"ENSDARG00000056127"	0.00596113125387158	0.310833333333333	0.4	"mid"
"ENSDARG00000056128"	0.248100702347724	0.24825	0.3	"mid"
"ENSDARG00000056134"	0.0550671836777465	0.725042735042735	0.8	"mid"
"ENSDARG00000056138"	0.00735354232192251	0.235454545454545	0.3	"mid"
"ENSDARG00000056141"	0.0547741554080273	0.778888888888889	0.8	"mid"
"ENSDARG00000056150"	0.058569597848377	0.152727272727273	0.2	"low"
"ENSDARG00000056151"	0.0786784157553435	0.537142857142857	0.6	"mid"
"ENSDARG00000056152"	0.0954320144298024	0.444681818181818	0.5	"mid"
"ENSDARG00000056156"	0.144328975251397	0.381272727272727	0.4	"mid"
"ENSDARG00000056162"	0.0848741212705744	0.324090909090909	0.4	"mid"
"ENSDARG00000056175"	0.0238286773232928	0.551363636363636	0.6	"mid"
"ENSDARG00000056178"	0.0607902567546838	0.709583333333333	0.8	"mid"
"ENSDARG00000056184"	0.0190251734301006	0.607202380952381	0.7	"mid"
"ENSDARG00000056193"	0.108826272798873	0.203636363636364	0.3	"mid"
"ENSDARG00000056196"	0.107395136484978	0.718333333333333	0.8	"mid"
"ENSDARG00000056200"	0.0785231326454553	0.308454545454545	0.4	"mid"
"ENSDARG00000056203"	0.101032293389264	0.358181818181818	0.4	"mid"
"ENSDARG00000056204"	0.101075101843712	0.504545454545455	0.6	"mid"
"ENSDARG00000056206"	0.0153152696890765	0.31	0.4	"mid"
"ENSDARG00000056209"	0.11451033025145	0.848888888888889	0.9	"high"
"ENSDARG00000056213"	0.164628546111654	0.48	0.5	"mid"
"ENSDARG00000056218"	0.0256904779853501	0.680909090909091	0.7	"mid"
"ENSDARG00000056226"	0.111861889384591	0.502222222222222	0.6	"mid"
"ENSDARG00000056228"	0.055430479111176	0.658106060606061	0.7	"mid"
"ENSDARG00000056233"	0.167507584466008	0.368888888888889	0.4	"mid"
"ENSDARG00000056235"	0.0381794039612714	0.229128787878788	0.3	"mid"
"ENSDARG00000056239"	0.154128132138874	0.555	0.6	"mid"
"ENSDARG00000056247"	0.287567972934727	0.630909090909091	0.7	"mid"
"ENSDARG00000056248"	0.0796045074694708	0.360681818181818	0.4	"mid"
"ENSDARG00000056258"	0.0311400491592472	0.259166666666667	0.3	"mid"
"ENSDARG00000056259"	0.0785782077171429	0.421161616161616	0.5	"mid"
"ENSDARG00000056267"	0.0889089554376616	0.329090909090909	0.4	"mid"
"ENSDARG00000056270"	0.0730176967104443	0.440265151515151	0.5	"mid"
"ENSDARG00000056281"	0.117349948581418	0.362275641025641	0.4	"mid"
"ENSDARG00000056307"	0.137014306695496	0.225555555555556	0.3	"mid"
"ENSDARG00000056322"	0.0562028452206734	0.679469696969697	0.7	"mid"
"ENSDARG00000056324"	0.210224205906147	0.768333333333333	0.8	"mid"
"ENSDARG00000056331"	0.017209802184531	0.628181818181818	0.7	"mid"
"ENSDARG00000056334"	0.117798493958396	0.333939393939394	0.4	"mid"
"ENSDARG00000056338"	0.0827486032126819	0.296818181818182	0.3	"mid"
"ENSDARG00000056346"	0.0566908041673576	0.314681818181818	0.4	"mid"
"ENSDARG00000056367"	0.0995587705688535	0.597820512820513	0.6	"mid"
"ENSDARG00000056369"	0.120190687152976	0.270757575757576	0.3	"mid"
"ENSDARG00000056396"	0.0868910439807509	0.45	0.5	"mid"
"ENSDARG00000056407"	0.0795715496960746	0.681818181818182	0.7	"mid"
"ENSDARG00000056410"	0.108455407932225	0.695042735042735	0.7	"mid"
"ENSDARG00000056414"	0.098619105256914	0.559285714285714	0.6	"mid"
"ENSDARG00000056427"	0.0630763347090566	0.646454545454546	0.7	"mid"
"ENSDARG00000056438"	0.0468524137571344	0.723888888888889	0.8	"mid"
"ENSDARG00000056453"	0.0779038636740379	0.48	0.5	"mid"
"ENSDARG00000056462"	0.159993311731879	0.903076923076923	1	"high"
"ENSDARG00000056473"	0.0615374444047885	0.684444444444444	0.7	"mid"
"ENSDARG00000056475"	0.0632963073226059	0.322833333333333	0.4	"mid"
"ENSDARG00000056477"	0.108695620351886	0.483333333333333	0.5	"mid"
"ENSDARG00000056480"	0.0569145278576463	0.412777777777778	0.5	"mid"
"ENSDARG00000056481"	0.0747112151570843	0.629393939393939	0.7	"mid"
"ENSDARG00000056483"	0.0142827640865228	0.415944444444444	0.5	"mid"
"ENSDARG00000056490"	0.0141680725237099	0.311909090909091	0.4	"mid"
"ENSDARG00000056491"	0.0390408081759029	0.510416666666667	0.6	"mid"
"ENSDARG00000056499"	0.123506052895673	0.631346153846154	0.7	"mid"
"ENSDARG00000056504"	0.067488953380317	0.494335664335664	0.5	"mid"
"ENSDARG00000056509"	0.0197680292250147	0.560833333333333	0.6	"mid"
"ENSDARG00000056510"	0.176331066279135	0.488681818181818	0.5	"mid"
"ENSDARG00000056511"	0.129831798471009	0.548055555555556	0.6	"mid"
"ENSDARG00000056515"	0.0236968738707802	0.466666666666667	0.5	"mid"
"ENSDARG00000056517"	0.0125158890125156	0.455	0.5	"mid"
"ENSDARG00000056519"	0.060310983113914	0.493076923076923	0.5	"mid"
"ENSDARG00000056525"	0.0524788059653041	0.655694444444444	0.7	"mid"
"ENSDARG00000056531"	0.0918082954737074	0.270227272727273	0.3	"mid"
"ENSDARG00000056532"	0.0699796613479849	0.637045454545455	0.7	"mid"
"ENSDARG00000056541"	0.0995240721878077	0.816363636363636	0.9	"high"
"ENSDARG00000056549"	0.0219750649607015	0.291272727272727	0.3	"mid"
"ENSDARG00000056550"	0.0923870219684576	0.247166666666667	0.3	"mid"
"ENSDARG00000056554"	0.0435282088811714	0.852222222222222	0.9	"high"
"ENSDARG00000056557"	0.0126487672117824	0.400808080808081	0.5	"mid"
"ENSDARG00000056559"	0.0288218799639701	0.462987012987013	0.5	"mid"
"ENSDARG00000056583"	0.0602849838273091	0.778939393939394	0.8	"mid"
"ENSDARG00000056587"	0.080310560747567	0.8435	0.9	"high"
"ENSDARG00000056590"	0.173650049526721	0.691	0.7	"mid"
"ENSDARG00000056600"	0.056273347250116	0.708444444444444	0.8	"mid"
"ENSDARG00000056601"	0.0541652085998618	0.477777777777778	0.5	"mid"
"ENSDARG00000056605"	0.0874223860334211	0.428583333333333	0.5	"mid"
"ENSDARG00000056615"	0.0442399991449614	0.543333333333333	0.6	"mid"
"ENSDARG00000056619"	0.0454554735927396	0.414040404040404	0.5	"mid"
"ENSDARG00000056627"	0.0583596222657421	0.63	0.7	"mid"
"ENSDARG00000056628"	0.0664751123044383	0.386666666666667	0.4	"mid"
"ENSDARG00000056630"	0.109767227128545	0.301818181818182	0.4	"mid"
"ENSDARG00000056638"	0.0895967983896145	0.643769230769231	0.7	"mid"
"ENSDARG00000056639"	0.144582076438635	0.562727272727273	0.6	"mid"
"ENSDARG00000056640"	0.0533320147162984	0.316722222222222	0.4	"mid"
"ENSDARG00000056642"	0.0715669049858189	0.50547619047619	0.6	"mid"
"ENSDARG00000056647"	0.0345285743203429	0.403333333333333	0.5	"mid"
"ENSDARG00000056649"	0.0779302357372395	0.285	0.3	"mid"
"ENSDARG00000056653"	0.0829613712698899	0.530909090909091	0.6	"mid"
"ENSDARG00000056656"	0.0501240539480221	0.331136363636364	0.4	"mid"
"ENSDARG00000056665"	0.0471526800464253	0.366944444444444	0.4	"mid"
"ENSDARG00000056672"	0.0540643426115427	0.532136752136752	0.6	"mid"
"ENSDARG00000056678"	0.06313430573677	0.356666666666667	0.4	"mid"
"ENSDARG00000056679"	0.0919620980257737	0.370416666666667	0.4	"mid"
"ENSDARG00000056680"	0.0515136288460103	0.809	0.9	"high"
"ENSDARG00000056683"	0.00192156654892742	0.348472222222222	0.4	"mid"
"ENSDARG00000056690"	0.0689128002479158	0.503636363636364	0.6	"mid"
"ENSDARG00000056704"	0.122898306870888	0.597846153846154	0.6	"mid"
"ENSDARG00000056713"	0.0114499825835353	0.37	0.4	"mid"
"ENSDARG00000056717"	0.108150682983171	0.46	0.5	"mid"
"ENSDARG00000056719"	0.0859064958636774	0.823636363636364	0.9	"high"
"ENSDARG00000056720"	0.0932715290670846	0.347714285714286	0.4	"mid"
"ENSDARG00000056722"	0.133203806683049	0.224090909090909	0.3	"mid"
"ENSDARG00000056725"	0.0629571573189635	0.625916666666667	0.7	"mid"
"ENSDARG00000056726"	0.14668272119546	0.623333333333333	0.7	"mid"
"ENSDARG00000056740"	0.0506340878014462	0.372857142857143	0.4	"mid"
"ENSDARG00000056741"	0.0753258528213467	0.308	0.4	"mid"
"ENSDARG00000056743"	0.0753849463889814	0.84	0.9	"high"
"ENSDARG00000056744"	0.0799236938462983	0.621590909090909	0.7	"mid"
"ENSDARG00000056745"	0.0603021522232332	0.316363636363636	0.4	"mid"
"ENSDARG00000056753"	0.0413900270878386	0.507777777777778	0.6	"mid"
"ENSDARG00000056764"	0.177727677351305	0.497777777777778	0.5	"mid"
"ENSDARG00000056765"	0.0797151889773167	0.595555555555556	0.6	"mid"
"ENSDARG00000056773"	0.210224205906147	0.68	0.7	"mid"
"ENSDARG00000056781"	0.158696755107334	0.640769230769231	0.7	"mid"
"ENSDARG00000056783"	0.0215792702195722	0.493222222222222	0.5	"mid"
"ENSDARG00000056791"	0.0401554906697587	0.168333333333333	0.2	"low"
"ENSDARG00000056795"	0.137123067627974	0.893650793650794	0.9	"high"
"ENSDARG00000056801"	0.0269979506555533	0.259469696969697	0.3	"mid"
"ENSDARG00000056803"	0.00746677417969338	0.358246753246753	0.4	"mid"
"ENSDARG00000056804"	0.149176694305621	0.934166666666667	1	"high"
"ENSDARG00000056831"	0.0104008600678782	0.482142857142857	0.5	"mid"
"ENSDARG00000056832"	0.105975464664751	0.455396825396825	0.5	"mid"
"ENSDARG00000056840"	0.0264905830078968	0.355416666666667	0.4	"mid"
"ENSDARG00000056855"	0.120405341945194	0.5005	0.6	"mid"
"ENSDARG00000056856"	0.0896497791972965	0.204848484848485	0.3	"mid"
"ENSDARG00000056871"	0.0589465763927502	0.310909090909091	0.4	"mid"
"ENSDARG00000056874"	0.215208305985547	0.532651515151515	0.6	"mid"
"ENSDARG00000056877"	0.0359818764997302	0.422063492063492	0.5	"mid"
"ENSDARG00000056885"	0.0550070004040716	0.818333333333333	0.9	"high"
"ENSDARG00000056886"	0.0850439993985813	0.318787878787879	0.4	"mid"
"ENSDARG00000056892"	0.0510922649908136	0.60025641025641	0.7	"mid"
"ENSDARG00000056903"	0.077597007178543	0.433	0.5	"mid"
"ENSDARG00000056913"	0.108498571787314	0.629090909090909	0.7	"mid"
"ENSDARG00000056914"	0.0416658982368025	0.37	0.4	"mid"
"ENSDARG00000056920"	0.0824844977737189	0.590037878787879	0.6	"mid"
"ENSDARG00000056923"	0.0679220311743641	0.465972222222222	0.5	"mid"
"ENSDARG00000056924"	0.0793147430941955	0.504155844155844	0.6	"mid"
"ENSDARG00000056932"	0.051708272223314	0.433333333333333	0.5	"mid"
"ENSDARG00000056938"	0.0980044262889311	0.441581196581197	0.5	"mid"
"ENSDARG00000056954"	0.100393142539646	0.491083333333333	0.5	"mid"
"ENSDARG00000056961"	0.11726428235816	0.498888888888889	0.5	"mid"
"ENSDARG00000056964"	0.0248228414323842	0.327575757575758	0.4	"mid"
"ENSDARG00000056978"	0.0423198092023462	0.592272727272727	0.6	"mid"
"ENSDARG00000056979"	0.0318428631604779	0.371111111111111	0.4	"mid"
"ENSDARG00000056984"	0.0966895481057714	0.385454545454545	0.4	"mid"
"ENSDARG00000056985"	0.0660528483837224	0.429090909090909	0.5	"mid"
"ENSDARG00000056995"	0.0415399575410533	0.668136363636364	0.7	"mid"
"ENSDARG00000057007"	0.0218771680261653	0.23	0.3	"mid"
"ENSDARG00000057011"	0.0406124740698524	0.354469696969697	0.4	"mid"
"ENSDARG00000057013"	0.0736017339071229	0.559230769230769	0.6	"mid"
"ENSDARG00000057016"	0.0764980061256671	0.612727272727273	0.7	"mid"
"ENSDARG00000057021"	0.0429516889222381	0.237272727272727	0.3	"mid"
"ENSDARG00000057032"	0.0706454520391894	0.696515151515152	0.7	"mid"
"ENSDARG00000057035"	0.0644155897336573	0.644	0.7	"mid"
"ENSDARG00000057042"	0.0750128366592902	0.316883116883117	0.4	"mid"
"ENSDARG00000057053"	0.0677137809088331	0.532678571428571	0.6	"mid"
"ENSDARG00000057058"	0.134139213366522	0.639166666666667	0.7	"mid"
"ENSDARG00000057064"	0.101860263181588	0.406222222222222	0.5	"mid"
"ENSDARG00000057074"	0.126283876803184	0.389090909090909	0.4	"mid"
"ENSDARG00000057075"	0.0438870201427259	0.454444444444444	0.5	"mid"
"ENSDARG00000057089"	0.0358193518027073	0.360858585858586	0.4	"mid"
"ENSDARG00000057093"	0.0738349312140928	0.385492424242424	0.4	"mid"
"ENSDARG00000057100"	0.184361521626591	0.249	0.3	"mid"
"ENSDARG00000057105"	0.0434300346143492	0.684384615384615	0.7	"mid"
"ENSDARG00000057108"	0.184205242064299	0.88	0.9	"high"
"ENSDARG00000057110"	0.0340537637439342	0.5825	0.6	"mid"
"ENSDARG00000057113"	0.173679211510351	0.677121212121212	0.7	"mid"
"ENSDARG00000057114"	0.0928907686977448	0.401111111111111	0.5	"mid"
"ENSDARG00000057121"	0.151232502886622	0.859848484848485	0.9	"high"
"ENSDARG00000057125"	0.0554067805643629	0.521111111111111	0.6	"mid"
"ENSDARG00000057128"	0.100183431955911	0.505214285714286	0.6	"mid"
"ENSDARG00000057138"	0.11183285632367	0.51	0.6	"mid"
"ENSDARG00000057166"	0.0870105964882659	0.496636363636364	0.5	"mid"
"ENSDARG00000057167"	0.0580219602406276	0.483181818181818	0.5	"mid"
"ENSDARG00000057173"	0.291555092975536	0.824722222222222	0.9	"high"
"ENSDARG00000057184"	0.047284644833216	0.46025	0.5	"mid"
"ENSDARG00000057218"	0.0805921291458877	0.436623376623377	0.5	"mid"
"ENSDARG00000057241"	0.118879007356683	0.879204545454545	0.9	"high"
"ENSDARG00000057245"	0.168876673618888	0.401767676767677	0.5	"mid"
"ENSDARG00000057248"	0.161648431750411	0.251904761904762	0.3	"mid"
"ENSDARG00000057249"	0.0346694300664317	0.389722222222222	0.4	"mid"
"ENSDARG00000057255"	0.0625328896908455	0.309861111111111	0.4	"mid"
"ENSDARG00000057272"	0.0353642843323348	0.132916666666667	0.2	"low"
"ENSDARG00000057286"	0.0787705851614663	0.44625	0.5	"mid"
"ENSDARG00000057287"	0.0621527494623003	0.407272727272727	0.5	"mid"
"ENSDARG00000057296"	0.0130517560369681	0.5905	0.6	"mid"
"ENSDARG00000057299"	0.0744698037906775	0.292727272727273	0.3	"mid"
"ENSDARG00000057303"	0.0467594232679832	0.389027777777778	0.4	"mid"
"ENSDARG00000057317"	0.0731092120482426	0.513365384615385	0.6	"mid"
"ENSDARG00000057321"	0.104231738115325	0.313636363636364	0.4	"mid"
"ENSDARG00000057322"	0.06108289837717	0.298216783216783	0.3	"mid"
"ENSDARG00000057323"	0.0934734116555592	0.61	0.7	"mid"
"ENSDARG00000057328"	0.0935876847081152	0.684444444444444	0.7	"mid"
"ENSDARG00000057334"	0.118768421403862	0.6925	0.7	"mid"
"ENSDARG00000057365"	0.0843784554522294	0.395224358974359	0.4	"mid"
"ENSDARG00000057378"	0.130621760764343	0.237388888888889	0.3	"mid"
"ENSDARG00000057414"	0.0211939832941379	0.469333333333333	0.5	"mid"
"ENSDARG00000057426"	0.12192971494458	0.480818181818182	0.5	"mid"
"ENSDARG00000057433"	0.0555420846516433	0.381818181818182	0.4	"mid"
"ENSDARG00000057437"	0.181362472168171	0.523557692307692	0.6	"mid"
"ENSDARG00000057440"	0.121114825075612	0.792310606060606	0.8	"mid"
"ENSDARG00000057456"	0.0371530334630825	0.56	0.6	"mid"
"ENSDARG00000057484"	0.0216821143232788	0.257444444444444	0.3	"mid"
"ENSDARG00000057491"	0.0901705933174739	0.479583333333333	0.5	"mid"
"ENSDARG00000057497"	0.0323355059829381	0.70047619047619	0.8	"mid"
"ENSDARG00000057513"	0.0930133752384381	0.408090909090909	0.5	"mid"
"ENSDARG00000057529"	0.0589555038512813	0.549545454545455	0.6	"mid"
"ENSDARG00000057562"	0.0515176264835583	0.480909090909091	0.5	"mid"
"ENSDARG00000057568"	0.052699711526625	0.375	0.4	"mid"
"ENSDARG00000057571"	0.0249680348545552	0.826	0.9	"high"
"ENSDARG00000057575"	0.0644381268972916	0.659	0.7	"mid"
"ENSDARG00000057577"	0.0613402656014675	0.452142857142857	0.5	"mid"
"ENSDARG00000057583"	0.0711687134729696	0.755	0.8	"mid"
"ENSDARG00000057598"	0.0668002134233142	0.509	0.6	"mid"
"ENSDARG00000057606"	0.0119667068264519	0.859949494949495	0.9	"high"
"ENSDARG00000057610"	0.130141127074229	0.726666666666667	0.8	"mid"
"ENSDARG00000057624"	0.00545464415471732	0.346666666666667	0.4	"mid"
"ENSDARG00000057626"	0.042763409082645	0.607	0.7	"mid"
"ENSDARG00000057630"	0.104451689105879	0.316060606060606	0.4	"mid"
"ENSDARG00000057633"	0.0595075594015249	0.811136363636364	0.9	"high"
"ENSDARG00000057635"	0.134308988506057	0.32030303030303	0.4	"mid"
"ENSDARG00000057644"	0.153234014477414	0.478333333333333	0.5	"mid"
"ENSDARG00000057652"	0.0585672683650947	0.667350427350427	0.7	"mid"
"ENSDARG00000057660"	0.0739729140954806	0.318383838383838	0.4	"mid"
"ENSDARG00000057661"	0.0473149949135497	0.407638888888889	0.5	"mid"
"ENSDARG00000057671"	0.0886842872945899	0.563944444444444	0.6	"mid"
"ENSDARG00000057676"	0.0431770195548874	0.142227272727273	0.2	"low"
"ENSDARG00000057678"	0.0554804449169432	0.515	0.6	"mid"
"ENSDARG00000057679"	0.0463189423853763	0.53375	0.6	"mid"
"ENSDARG00000057683"	0.0318953452357259	0.717272727272727	0.8	"mid"
"ENSDARG00000057688"	0.0817173042370804	0.463636363636364	0.5	"mid"
"ENSDARG00000057691"	0.0188489403447939	0.37	0.4	"mid"
"ENSDARG00000057699"	0.050458012909316	0.306931818181818	0.4	"mid"
"ENSDARG00000057706"	0.111672033069415	0.529431818181818	0.6	"mid"
"ENSDARG00000057708"	0.0724361366749311	0.376439393939394	0.4	"mid"
"ENSDARG00000057714"	0.0803971290253852	0.632727272727273	0.7	"mid"
"ENSDARG00000057719"	0.0551206601558998	0.315178571428571	0.4	"mid"
"ENSDARG00000057736"	0.077466677908336	0.246666666666667	0.3	"mid"
"ENSDARG00000057738"	0.0757762713656041	0.638461538461538	0.7	"mid"
"ENSDARG00000057767"	0.0359790074912534	0.23625	0.3	"mid"
"ENSDARG00000057789"	0.1476107133178	0.7495	0.8	"mid"
"ENSDARG00000057805"	0.0884516519595164	0.473888888888889	0.5	"mid"
"ENSDARG00000057833"	0.0564509431049335	0.520909090909091	0.6	"mid"
"ENSDARG00000057854"	0.0263774721981643	0.341363636363636	0.4	"mid"
"ENSDARG00000057855"	0.134338197183996	0.328888888888889	0.4	"mid"
"ENSDARG00000057863"	0.122260080183379	0.390909090909091	0.4	"mid"
"ENSDARG00000057879"	0.102868110470154	0.422467532467532	0.5	"mid"
"ENSDARG00000057881"	0.0806850136520403	0.265681818181818	0.3	"mid"
"ENSDARG00000057882"	0.0305024544874976	0.334621212121212	0.4	"mid"
"ENSDARG00000057884"	0.150494013234593	0.383545454545455	0.4	"mid"
"ENSDARG00000057890"	0.166808428078514	0.467575757575758	0.5	"mid"
"ENSDARG00000057910"	0.0805158302667686	0.442954545454545	0.5	"mid"
"ENSDARG00000057911"	0.00622051848391388	0.856	0.9	"high"
"ENSDARG00000057913"	0.0374171680504994	0.322	0.4	"mid"
"ENSDARG00000057918"	0.083202754090578	0.527409090909091	0.6	"mid"
"ENSDARG00000057928"	0.07042930918681	0.445757575757576	0.5	"mid"
"ENSDARG00000057929"	0.137907784739632	0.584590909090909	0.6	"mid"
"ENSDARG00000057939"	0.0470445293947939	0.415833333333333	0.5	"mid"
"ENSDARG00000057949"	0.119672385037166	0.538181818181818	0.6	"mid"
"ENSDARG00000057974"	0.152764013519464	0.665416666666667	0.7	"mid"
"ENSDARG00000057983"	0.0614411382984081	0.575181818181818	0.6	"mid"
"ENSDARG00000057984"	0.124556159853425	0.680833333333333	0.7	"mid"
"ENSDARG00000057986"	0.0618719728316381	0.19125	0.2	"low"
"ENSDARG00000057987"	0.0521303720719451	0.377552447552448	0.4	"mid"
"ENSDARG00000057992"	0.0508618181535278	0.398	0.4	"mid"
"ENSDARG00000057997"	0.0678800893626265	0.135227272727273	0.2	"low"
"ENSDARG00000058003"	0.0426866599282979	0.49325	0.5	"mid"
"ENSDARG00000058005"	0.0604706258440427	0.66040404040404	0.7	"mid"
"ENSDARG00000058022"	0.0375106553933263	0.670194805194805	0.7	"mid"
"ENSDARG00000058032"	0.112218315809912	0.415227272727273	0.5	"mid"
"ENSDARG00000058038"	0.0510382371198066	0.152727272727273	0.2	"low"
"ENSDARG00000058041"	0.0679149225647349	0.473636363636364	0.5	"mid"
"ENSDARG00000058044"	0.007677493091116	0.672583333333333	0.7	"mid"
"ENSDARG00000058047"	0.070097473656384	0.502409090909091	0.6	"mid"
"ENSDARG00000058050"	0.126328545189825	0.390555555555556	0.4	"mid"
"ENSDARG00000058053"	0.198679272804953	0.8635	0.9	"high"
"ENSDARG00000058062"	0.0379047915308968	0.264727272727273	0.3	"mid"
"ENSDARG00000058068"	0.181651921329625	0.423939393939394	0.5	"mid"
"ENSDARG00000058076"	0.0248927980519473	0.648257575757576	0.7	"mid"
"ENSDARG00000058079"	0.116326693589251	0.598939393939394	0.6	"mid"
"ENSDARG00000058088"	0.0420488119303728	0.3925	0.4	"mid"
"ENSDARG00000058094"	0.142300470341963	0.783106060606061	0.8	"mid"
"ENSDARG00000058102"	0.051008863413416	0.525909090909091	0.6	"mid"
"ENSDARG00000058108"	0.0745202802782698	0.380568181818182	0.4	"mid"
"ENSDARG00000058114"	0.0928103750012119	0.520194805194805	0.6	"mid"
"ENSDARG00000058115"	0.0313758428562876	0.492777777777778	0.5	"mid"
"ENSDARG00000058117"	0.0269127723508045	0.192272727272727	0.2	"low"
"ENSDARG00000058133"	0.0209584452254972	0.508181818181818	0.6	"mid"
"ENSDARG00000058148"	0.0367233006990218	0.275	0.3	"mid"
"ENSDARG00000058158"	0.0815787139579014	0.628833333333333	0.7	"mid"
"ENSDARG00000058159"	0.0567769235374015	0.28008547008547	0.3	"mid"
"ENSDARG00000058160"	0.227304615964027	0.590714285714286	0.6	"mid"
"ENSDARG00000058179"	0.0655031445065928	0.672916666666667	0.7	"mid"
"ENSDARG00000058180"	0.230271291068297	0.49	0.5	"mid"
"ENSDARG00000058203"	0.00930093651994325	0.188636363636364	0.2	"low"
"ENSDARG00000058206"	0.0928318869467816	0.892727272727273	0.9	"high"
"ENSDARG00000058208"	0.0639804961004589	0.404924242424242	0.5	"mid"
"ENSDARG00000058212"	0.105143466050177	0.375833333333333	0.4	"mid"
"ENSDARG00000058219"	0.0994691403841283	0.478181818181818	0.5	"mid"
"ENSDARG00000058220"	0.0230446781678956	0.147121212121212	0.2	"low"
"ENSDARG00000058221"	0.0255030228112855	0.447777777777778	0.5	"mid"
"ENSDARG00000058226"	0.0914507097127432	0.568	0.6	"mid"
"ENSDARG00000058230"	0.0307772014648547	0.393888888888889	0.4	"mid"
"ENSDARG00000058231"	0.0227873749616776	0.37	0.4	"mid"
"ENSDARG00000058232"	0.0542891270634107	0.552857142857143	0.6	"mid"
"ENSDARG00000058257"	0.06227816825438	0.846666666666667	0.9	"high"
"ENSDARG00000058259"	0.0609570089121889	0.3325	0.4	"mid"
"ENSDARG00000058260"	0.148218609849984	0.36	0.4	"mid"
"ENSDARG00000058267"	0.144044631236862	0.335166666666667	0.4	"mid"
"ENSDARG00000058270"	0.0588305284430657	0.658181818181818	0.7	"mid"
"ENSDARG00000058285"	0.0745517528700083	0.7875	0.8	"mid"
"ENSDARG00000058287"	0.0970631180676645	0.144727272727273	0.2	"low"
"ENSDARG00000058292"	0.0100100523050227	0.454545454545455	0.5	"mid"
"ENSDARG00000058297"	0.0321046581013044	0.413115384615385	0.5	"mid"
"ENSDARG00000058302"	0.0553207965450214	0.794166666666667	0.8	"mid"
"ENSDARG00000058306"	0.0366187417648746	0.282272727272727	0.3	"mid"
"ENSDARG00000058319"	0.0731836372021327	0.32	0.4	"mid"
"ENSDARG00000058322"	0.0213687828401462	0.630555555555556	0.7	"mid"
"ENSDARG00000058325"	0.13655670771729	0.29275	0.3	"mid"
"ENSDARG00000058327"	0.149536537638287	0.685833333333333	0.7	"mid"
"ENSDARG00000058328"	0.0123471622819931	0.387878787878788	0.4	"mid"
"ENSDARG00000058348"	0.112885772271541	0.804	0.9	"high"
"ENSDARG00000058349"	0.029878901735945	0.612575757575758	0.7	"mid"
"ENSDARG00000058352"	0.0862009137226227	0.162153846153846	0.2	"low"
"ENSDARG00000058354"	0.0581530426243305	0.487142857142857	0.5	"mid"
"ENSDARG00000058365"	0.0681606110274864	0.64	0.7	"mid"
"ENSDARG00000058366"	0.103760078179184	0.495119047619048	0.5	"mid"
"ENSDARG00000058367"	0.113497732474729	0.3075	0.4	"mid"
"ENSDARG00000058381"	0.0617057632077466	0.371818181818182	0.4	"mid"
"ENSDARG00000058389"	0.209373102621119	0.897	0.9	"high"
"ENSDARG00000058394"	0.0685595254342165	0.397727272727273	0.4	"mid"
"ENSDARG00000058413"	0.11059400914787	0.595606060606061	0.6	"mid"
"ENSDARG00000058419"	0.0494215472269449	0.612727272727273	0.7	"mid"
"ENSDARG00000058425"	0.00949413797307097	0.493833333333333	0.5	"mid"
"ENSDARG00000058444"	0.0117803286849275	0.373636363636364	0.4	"mid"
"ENSDARG00000058445"	0.169197447151594	0.546410256410256	0.6	"mid"
"ENSDARG00000058452"	0.0133780618282295	0.3025	0.4	"mid"
"ENSDARG00000058459"	0.0960148137862569	0.532727272727273	0.6	"mid"
"ENSDARG00000058463"	0.0818120951119581	0.277181818181818	0.3	"mid"
"ENSDARG00000058467"	0.0225438296875413	0.324393939393939	0.4	"mid"
"ENSDARG00000058471"	0.0296552907612559	0.700535714285714	0.8	"mid"
"ENSDARG00000058480"	0.0674225386068288	0.552	0.6	"mid"
"ENSDARG00000058494"	0.0919018032570866	0.527727272727273	0.6	"mid"
"ENSDARG00000058502"	0.212712608563928	0.551590909090909	0.6	"mid"
"ENSDARG00000058522"	0.108683541180153	0.494166666666667	0.5	"mid"
"ENSDARG00000058533"	0.0284521510194773	0.517777777777778	0.6	"mid"
"ENSDARG00000058538"	0.198480272412044	0.463846153846154	0.5	"mid"
"ENSDARG00000058543"	0.0908005629853973	0.446010101010101	0.5	"mid"
"ENSDARG00000058548"	0.0663765746628456	0.617142857142857	0.7	"mid"
"ENSDARG00000058560"	0.0367219198405325	0.515416666666667	0.6	"mid"
"ENSDARG00000058574"	0.0670066348774487	0.463571428571429	0.5	"mid"
"ENSDARG00000058593"	0.0697312719612751	0.437272727272727	0.5	"mid"
"ENSDARG00000058597"	0.0670557043529006	0.324155844155844	0.4	"mid"
"ENSDARG00000058601"	0.0492552671816595	0.339583333333333	0.4	"mid"
"ENSDARG00000058606"	0.0498168578684424	0.739090909090909	0.8	"mid"
"ENSDARG00000058608"	0.0780715158330435	0.719545454545454	0.8	"mid"
"ENSDARG00000058638"	0.069987251167113	0.608194444444444	0.7	"mid"
"ENSDARG00000058644"	0.0741302247682488	0.290454545454545	0.3	"mid"
"ENSDARG00000058646"	0.0755519151779685	0.445	0.5	"mid"
"ENSDARG00000058647"	0.0430283101360711	0.317333333333333	0.4	"mid"
"ENSDARG00000058650"	0.10831313580924	0.272333333333333	0.3	"mid"
"ENSDARG00000058666"	0.0678152859714313	0.552922077922078	0.6	"mid"
"ENSDARG00000058690"	0.108724557465869	0.41	0.5	"mid"
"ENSDARG00000058699"	0.0460274663593655	0.482424242424242	0.5	"mid"
"ENSDARG00000058719"	0.107438227763508	0.300181818181818	0.4	"mid"
"ENSDARG00000058728"	0.0742785975246295	0.313951048951049	0.4	"mid"
"ENSDARG00000058729"	0.0525071478500476	0.497272727272727	0.5	"mid"
"ENSDARG00000058730"	0.0292519717104111	0.411515151515152	0.5	"mid"
"ENSDARG00000058732"	0.0828077720254805	0.745833333333333	0.8	"mid"
"ENSDARG00000058733"	0.0609811195911264	0.654444444444444	0.7	"mid"
"ENSDARG00000058734"	0.0506661836249195	0.82	0.9	"high"
"ENSDARG00000058740"	0.0172199274284833	0.484545454545455	0.5	"mid"
"ENSDARG00000058746"	0.103725082576556	0.36530303030303	0.4	"mid"
"ENSDARG00000058775"	0.121737067866076	0.6425	0.7	"mid"
"ENSDARG00000058799"	0.111266548196589	0.749821428571429	0.8	"mid"
"ENSDARG00000058800"	0.0461663355342835	0.567666666666667	0.6	"mid"
"ENSDARG00000058801"	0.0934416488925876	0.453923076923077	0.5	"mid"
"ENSDARG00000058803"	0.0676441011987333	0.247857142857143	0.3	"mid"
"ENSDARG00000058806"	0.0623792024746246	0.394583333333333	0.4	"mid"
"ENSDARG00000058818"	0.0487104679460633	0.519166666666667	0.6	"mid"
"ENSDARG00000058820"	0.0682186635184682	0.608136363636364	0.7	"mid"
"ENSDARG00000058821"	0.0267156214747189	0.665454545454545	0.7	"mid"
"ENSDARG00000058824"	0.100527629399125	0.451944444444444	0.5	"mid"
"ENSDARG00000058828"	0.108481129553645	0.456363636363636	0.5	"mid"
"ENSDARG00000058830"	0.0368227793378536	0.83	0.9	"high"
"ENSDARG00000058835"	0.133675500609173	0.522727272727273	0.6	"mid"
"ENSDARG00000058839"	0.182572358640087	0.41	0.5	"mid"
"ENSDARG00000058857"	0.191837554101354	0.413472222222222	0.5	"mid"
"ENSDARG00000058861"	0.0314227231733689	0.413333333333333	0.5	"mid"
"ENSDARG00000058865"	0.0582293061555101	0.586931818181818	0.6	"mid"
"ENSDARG00000058868"	0.0596145689948277	0.296111111111111	0.3	"mid"
"ENSDARG00000058873"	0.111423346125749	0.713333333333333	0.8	"mid"
"ENSDARG00000058893"	0.143428947573855	0.308181818181818	0.4	"mid"
"ENSDARG00000058939"	0.124950203547233	0.373232323232323	0.4	"mid"
"ENSDARG00000058940"	0.1349792298952	0.644	0.7	"mid"
"ENSDARG00000058946"	0.0665282949066161	0.810681818181818	0.9	"high"
"ENSDARG00000058962"	0.0318119005801688	0.422666666666667	0.5	"mid"
"ENSDARG00000058966"	0.116762640725406	0.439	0.5	"mid"
"ENSDARG00000058968"	0.215502118967156	0.586363636363636	0.6	"mid"
"ENSDARG00000058969"	0.0435956936679613	0.118282828282828	0.2	"low"
"ENSDARG00000058978"	0.112925128232781	0.515	0.6	"mid"
"ENSDARG00000058984"	0.0486085249773224	0.361272727272727	0.4	"mid"
"ENSDARG00000058992"	0.07916719600413	0.535136363636364	0.6	"mid"
"ENSDARG00000058993"	0.0436180860186347	0.187272727272727	0.2	"low"
"ENSDARG00000058995"	0.0761233781453676	0.348333333333333	0.4	"mid"
"ENSDARG00000058996"	0.121480271249858	0.717467532467532	0.8	"mid"
"ENSDARG00000059001"	0.134487140627132	0.636161616161616	0.7	"mid"
"ENSDARG00000059003"	0.0342870401515038	0.58	0.6	"mid"
"ENSDARG00000059006"	0.0265557375797831	0.2975	0.3	"mid"
"ENSDARG00000059028"	0.149292472472695	0.417090909090909	0.5	"mid"
"ENSDARG00000059035"	0.0502835625332701	0.753636363636364	0.8	"mid"
"ENSDARG00000059046"	0.119186438280658	0.372045454545455	0.4	"mid"
"ENSDARG00000059054"	0.0494520525373803	0.894545454545455	0.9	"high"
"ENSDARG00000059057"	0.0424558510357938	0.511	0.6	"mid"
"ENSDARG00000059070"	0.0405392930502944	0.43125	0.5	"mid"
"ENSDARG00000059075"	0.0282552577582378	0.669	0.7	"mid"
"ENSDARG00000059079"	0.0409431625038621	0.178888888888889	0.2	"low"
"ENSDARG00000059109"	0.0382141887061772	0.673076923076923	0.7	"mid"
"ENSDARG00000059123"	0.109192220335119	0.5	0.5	"mid"
"ENSDARG00000059125"	0.0204678510937148	0.249204545454545	0.3	"mid"
"ENSDARG00000059177"	0.0537046077337164	0.570174825174825	0.6	"mid"
"ENSDARG00000059209"	0.0352908574601219	0.275555555555556	0.3	"mid"
"ENSDARG00000059212"	0.0532026303226711	0.285818181818182	0.3	"mid"
"ENSDARG00000059227"	0.136105344530231	0.811611111111111	0.9	"high"
"ENSDARG00000059231"	0.133954383934414	0.440833333333333	0.5	"mid"
"ENSDARG00000059235"	0.26080484960497	0.451666666666667	0.5	"mid"
"ENSDARG00000059244"	0.0404739196512107	0.324166666666667	0.4	"mid"
"ENSDARG00000059246"	0.0316468080686573	0.387979797979798	0.4	"mid"
"ENSDARG00000059247"	0.1695884275038	0.632222222222222	0.7	"mid"
"ENSDARG00000059259"	0.0192363521182548	0.874583333333333	0.9	"high"
"ENSDARG00000059279"	0.0251309197435106	0.668888888888889	0.7	"mid"
"ENSDARG00000059298"	0.0644455853983519	0.525222222222222	0.6	"mid"
"ENSDARG00000059303"	0.0278707178855508	0.249045454545455	0.3	"mid"
"ENSDARG00000059308"	0.0410596721612498	0.519807692307692	0.6	"mid"
"ENSDARG00000059311"	0.0368161624874467	0.545454545454545	0.6	"mid"
"ENSDARG00000059322"	0.114573747714502	0.345	0.4	"mid"
"ENSDARG00000059327"	0.0419466936456673	0.492916666666667	0.5	"mid"
"ENSDARG00000059333"	0.0940825195330174	0.436166666666667	0.5	"mid"
"ENSDARG00000059351"	0.0471994542093324	0.466666666666667	0.5	"mid"
"ENSDARG00000059354"	0.171237232913379	0.569090909090909	0.6	"mid"
"ENSDARG00000059360"	0.0203716350749567	0.301818181818182	0.4	"mid"
"ENSDARG00000059362"	0.0415543635839572	0.533333333333333	0.6	"mid"
"ENSDARG00000059365"	0.0923175887984358	0.524191919191919	0.6	"mid"
"ENSDARG00000059367"	0.0647744095734625	0.54	0.6	"mid"
"ENSDARG00000059373"	0.0333533309808271	0.886628787878788	0.9	"high"
"ENSDARG00000059388"	0.0942797247343693	0.590909090909091	0.6	"mid"
"ENSDARG00000059391"	0.0739252981949579	0.471666666666667	0.5	"mid"
"ENSDARG00000059398"	0.0651326831594819	0.674333333333333	0.7	"mid"
"ENSDARG00000059400"	0.0379587605148223	0.229786324786325	0.3	"mid"
"ENSDARG00000059404"	0.0383309409091738	0.437727272727273	0.5	"mid"
"ENSDARG00000059437"	0.115881311637893	0.410833333333333	0.5	"mid"
"ENSDARG00000059438"	0.0436779024380674	0.408636363636364	0.5	"mid"
"ENSDARG00000059460"	0.0530206055007313	0.446923076923077	0.5	"mid"
"ENSDARG00000059483"	0.0207394726412595	0.471428571428571	0.5	"mid"
"ENSDARG00000059485"	0.2579906758722	0.721363636363636	0.8	"mid"
"ENSDARG00000059503"	0.0916699371268341	0.340480769230769	0.4	"mid"
"ENSDARG00000059510"	0.0776095428653804	0.57	0.6	"mid"
"ENSDARG00000059529"	0.0525697238729232	0.473	0.5	"mid"
"ENSDARG00000059553"	0.0340867230430644	0.4425	0.5	"mid"
"ENSDARG00000059556"	0.102139964300139	0.506666666666667	0.6	"mid"
"ENSDARG00000059575"	0.0557657043713074	0.486767676767677	0.5	"mid"
"ENSDARG00000059583"	0.0688690956447774	0.607	0.7	"mid"
"ENSDARG00000059596"	0.0489656176288542	0.167	0.2	"low"
"ENSDARG00000059600"	0.0409155931924087	0.4465	0.5	"mid"
"ENSDARG00000059604"	0.0595168720267869	0.473535353535354	0.5	"mid"
"ENSDARG00000059606"	0.101653529186906	0.262689393939394	0.3	"mid"
"ENSDARG00000059610"	0.0345072256212055	0.288	0.3	"mid"
"ENSDARG00000059613"	0.0267460543031356	0.315	0.4	"mid"
"ENSDARG00000059629"	0.0406832022531461	0.385606060606061	0.4	"mid"
"ENSDARG00000059630"	0.0352432598178017	0.664722222222222	0.7	"mid"
"ENSDARG00000059634"	0.072408219679277	0.889666666666667	0.9	"high"
"ENSDARG00000059642"	0.0594286134231703	0.256272727272727	0.3	"mid"
"ENSDARG00000059646"	0.0447360313423447	0.865727272727273	0.9	"high"
"ENSDARG00000059657"	0.105778509802502	0.383181818181818	0.4	"mid"
"ENSDARG00000059672"	0.0760301514596414	0.513484848484848	0.6	"mid"
"ENSDARG00000059680"	0.0492120215653295	0.475454545454545	0.5	"mid"
"ENSDARG00000059690"	0.0418202506413084	0.524444444444444	0.6	"mid"
"ENSDARG00000059711"	0.0918596113847772	0.456919191919192	0.5	"mid"
"ENSDARG00000059714"	0.0910883834470774	0.460769230769231	0.5	"mid"
"ENSDARG00000059722"	0.0355673047750791	0.188194444444444	0.2	"low"
"ENSDARG00000059725"	0.0118358790536637	0.248916666666667	0.3	"mid"
"ENSDARG00000059729"	0.0749013992549167	0.505	0.6	"mid"
"ENSDARG00000059746"	0.0739918144339332	0.598035714285714	0.6	"mid"
"ENSDARG00000059760"	0.0311502794506901	0.29025641025641	0.3	"mid"
"ENSDARG00000059770"	0.0604458707887286	0.29780303030303	0.3	"mid"
"ENSDARG00000059775"	0.0196098152777781	0.211409090909091	0.3	"mid"
"ENSDARG00000059804"	0.0971088664005506	0.347272727272727	0.4	"mid"
"ENSDARG00000059805"	0.0796553807164053	0.8	0.8	"mid"
"ENSDARG00000059809"	0.0150674054956864	0.402318181818182	0.5	"mid"
"ENSDARG00000059811"	0.124837670360282	0.396666666666667	0.4	"mid"
"ENSDARG00000059815"	0.114498245814149	0.42	0.5	"mid"
"ENSDARG00000059816"	0.096296442056358	0.477619047619048	0.5	"mid"
"ENSDARG00000059826"	0.0566623635120389	0.554	0.6	"mid"
"ENSDARG00000059835"	0.0963703807032993	0.325666666666667	0.4	"mid"
"ENSDARG00000059843"	0.060414109022548	0.392136363636364	0.4	"mid"
"ENSDARG00000059853"	0.0803842214944587	0.411166666666667	0.5	"mid"
"ENSDARG00000059856"	0.0959179619258139	0.6385	0.7	"mid"
"ENSDARG00000059857"	0.14570209001362	0.565075757575758	0.6	"mid"
"ENSDARG00000059870"	0.0373272124238146	0.508333333333333	0.6	"mid"
"ENSDARG00000059871"	0.0765912499706269	0.377878787878788	0.4	"mid"
"ENSDARG00000059883"	0.129320353965085	0.546190476190476	0.6	"mid"
"ENSDARG00000059902"	0.0650140653937959	0.313692307692308	0.4	"mid"
"ENSDARG00000059911"	0.0667407012834937	0.286923076923077	0.3	"mid"
"ENSDARG00000059916"	0.132232247919277	0.455	0.5	"mid"
"ENSDARG00000059917"	0.0689525023693548	0.307474747474747	0.4	"mid"
"ENSDARG00000059919"	0.136461229929585	0.381388888888889	0.4	"mid"
"ENSDARG00000059925"	0.0221661930109846	0.25	0.3	"mid"
"ENSDARG00000059933"	0.0592684110060596	0.609166666666667	0.7	"mid"
"ENSDARG00000059939"	0.0582195877352696	0.638333333333333	0.7	"mid"
"ENSDARG00000059945"	0.022600923415668	0.229090909090909	0.3	"mid"
"ENSDARG00000059950"	0.0825497004960926	0.400769230769231	0.5	"mid"
"ENSDARG00000059951"	0.122628180196955	0.831022727272727	0.9	"high"
"ENSDARG00000059956"	0.113482357261101	0.527987012987013	0.6	"mid"
"ENSDARG00000059961"	0.0339574436842967	0.455	0.5	"mid"
"ENSDARG00000059983"	0.122724468561878	0.473333333333333	0.5	"mid"
"ENSDARG00000060002"	0.088548265705633	0.279204545454545	0.3	"mid"
"ENSDARG00000060004"	0.0198531945148203	0.706363636363636	0.8	"mid"
"ENSDARG00000060005"	0.102286438889363	0.301111111111111	0.4	"mid"
"ENSDARG00000060006"	0.0344231409604131	0.624204545454546	0.7	"mid"
"ENSDARG00000060010"	0.0728023415489702	0.432142857142857	0.5	"mid"
"ENSDARG00000060021"	0.0772135585942602	0.227272727272727	0.3	"mid"
"ENSDARG00000060023"	0.145715005852976	0.455954545454545	0.5	"mid"
"ENSDARG00000060027"	0.0956982765415898	0.387007575757576	0.4	"mid"
"ENSDARG00000060029"	0.111311366358599	0.725833333333333	0.8	"mid"
"ENSDARG00000060030"	0.065257744448983	0.356166666666667	0.4	"mid"
"ENSDARG00000060036"	0.102975946767792	0.634090909090909	0.7	"mid"
"ENSDARG00000060041"	0.0560923036626843	0.488333333333333	0.5	"mid"
"ENSDARG00000060058"	0.0415895672095938	0.336893939393939	0.4	"mid"
"ENSDARG00000060068"	0.116338652713094	0.461722222222222	0.5	"mid"
"ENSDARG00000060069"	0.037810398593606	0.384583333333333	0.4	"mid"
"ENSDARG00000060070"	0.0638699501554743	0.217136363636364	0.3	"mid"
"ENSDARG00000060071"	0.070813520639829	0.443333333333333	0.5	"mid"
"ENSDARG00000060072"	0.0471906874865752	0.498174603174603	0.5	"mid"
"ENSDARG00000060089"	0.0481062414886822	0.511363636363636	0.6	"mid"
"ENSDARG00000060093"	0.0478946470050155	0.393272727272727	0.4	"mid"
"ENSDARG00000060094"	0.124370081203817	0.632361111111111	0.7	"mid"
"ENSDARG00000060101"	0.0694658553175197	0.224166666666667	0.3	"mid"
"ENSDARG00000060109"	0.0831378558132934	0.534480519480519	0.6	"mid"
"ENSDARG00000060115"	0.0465198615316816	0.627272727272727	0.7	"mid"
"ENSDARG00000060120"	0.102229290800608	0.488636363636364	0.5	"mid"
"ENSDARG00000060123"	0.0570730952939497	0.353333333333333	0.4	"mid"
"ENSDARG00000060149"	0.0730865170907087	0.561666666666667	0.6	"mid"
"ENSDARG00000060150"	0.0206587598288139	0.27459595959596	0.3	"mid"
"ENSDARG00000060153"	0.104781618557758	0.454	0.5	"mid"
"ENSDARG00000060169"	0.149829431514266	0.493333333333333	0.5	"mid"
"ENSDARG00000060199"	0.131611284483192	0.318181818181818	0.4	"mid"
"ENSDARG00000060200"	0.125413270071147	0.416666666666667	0.5	"mid"
"ENSDARG00000060207"	0.0119960287511023	0.256969696969697	0.3	"mid"
"ENSDARG00000060238"	0.140530707036816	0.54	0.6	"mid"
"ENSDARG00000060246"	0.100675780852459	0.749090909090909	0.8	"mid"
"ENSDARG00000060248"	0.0835128458976671	0.623863636363636	0.7	"mid"
"ENSDARG00000060252"	0.0662867909819667	0.3175	0.4	"mid"
"ENSDARG00000060256"	0.109954258614438	0.399818181818182	0.4	"mid"
"ENSDARG00000060280"	0.032971110349017	0.709090909090909	0.8	"mid"
"ENSDARG00000060282"	0.0225584703292961	0.187083333333333	0.2	"low"
"ENSDARG00000060288"	0.0812531801715954	0.572727272727273	0.6	"mid"
"ENSDARG00000060297"	0.047703656297073	0.376	0.4	"mid"
"ENSDARG00000060306"	0.030179321248424	0.179583333333333	0.2	"low"
"ENSDARG00000060308"	0.163846017518874	0.283055555555556	0.3	"mid"
"ENSDARG00000060309"	0.0305745487733545	0.527	0.6	"mid"
"ENSDARG00000060312"	0.0828796816127829	0.421111111111111	0.5	"mid"
"ENSDARG00000060322"	0.180509892792605	0.865	0.9	"high"
"ENSDARG00000060326"	0.11101193157992	0.293333333333333	0.3	"mid"
"ENSDARG00000060338"	0.124798309636954	0.681111111111111	0.7	"mid"
"ENSDARG00000060350"	0.181171906452081	0.66047619047619	0.7	"mid"
"ENSDARG00000060362"	0.0373627879526771	0.260858585858586	0.3	"mid"
"ENSDARG00000060366"	0.0517731271216522	0.357346153846154	0.4	"mid"
"ENSDARG00000060368"	0.0707311605893016	0.308583333333333	0.4	"mid"
"ENSDARG00000060380"	0.0851089199323938	0.2375	0.3	"mid"
"ENSDARG00000060383"	0.0701000502342066	0.179583333333333	0.2	"low"
"ENSDARG00000060390"	0.0298581110789004	0.475793650793651	0.5	"mid"
"ENSDARG00000060392"	0.0291021300798784	0.83	0.9	"high"
"ENSDARG00000060394"	0.182323958541988	0.406923076923077	0.5	"mid"
"ENSDARG00000060397"	0.0634592630389016	0.373333333333333	0.4	"mid"
"ENSDARG00000060410"	0.0469513573467167	0.779166666666667	0.8	"mid"
"ENSDARG00000060411"	0.115100295522698	0.503	0.6	"mid"
"ENSDARG00000060415"	0.147323154507227	0.35	0.4	"mid"
"ENSDARG00000060430"	0.0529483275142195	0.655244755244755	0.7	"mid"
"ENSDARG00000060434"	0.0820366025040424	0.328	0.4	"mid"
"ENSDARG00000060438"	0.0182599868062703	0.513181818181818	0.6	"mid"
"ENSDARG00000060442"	0.0186778928225114	0.3125	0.4	"mid"
"ENSDARG00000060457"	0.0708345358876789	0.6375	0.7	"mid"
"ENSDARG00000060469"	0.0205323531530525	0.277777777777778	0.3	"mid"
"ENSDARG00000060477"	0.062749710456286	0.303636363636364	0.4	"mid"
"ENSDARG00000060481"	0.0265697499062146	0.386363636363636	0.4	"mid"
"ENSDARG00000060489"	0.137014073318577	0.560726495726496	0.6	"mid"
"ENSDARG00000060494"	0.0464775039481761	0.342272727272727	0.4	"mid"
"ENSDARG00000060496"	0.049116975202724	0.739090909090909	0.8	"mid"
"ENSDARG00000060498"	0.133514262586084	0.741363636363636	0.8	"mid"
"ENSDARG00000060500"	0.0836074364191064	0.393818181818182	0.4	"mid"
"ENSDARG00000060501"	0.101918077013115	0.195454545454545	0.2	"low"
"ENSDARG00000060506"	0.0485398147885596	0.485833333333333	0.5	"mid"
"ENSDARG00000060510"	0.015944810972222	0.269423076923077	0.3	"mid"
"ENSDARG00000060515"	0.0207627634134515	0.4265	0.5	"mid"
"ENSDARG00000060521"	0.064032906310972	0.473181818181818	0.5	"mid"
"ENSDARG00000060522"	0.091380955948365	0.341527777777778	0.4	"mid"
"ENSDARG00000060534"	0.0606337619367553	0.46	0.5	"mid"
"ENSDARG00000060537"	0.0625956620170716	0.657564102564103	0.7	"mid"
"ENSDARG00000060542"	0.072210931419969	0.473	0.5	"mid"
"ENSDARG00000060554"	0.0354962397895457	0.351217948717949	0.4	"mid"
"ENSDARG00000060559"	0.0624028686113688	0.364545454545455	0.4	"mid"
"ENSDARG00000060564"	0.0737036241607	0.290769230769231	0.3	"mid"
"ENSDARG00000060569"	0.027209187779595	0.900454545454545	1	"high"
"ENSDARG00000060594"	0.100228804843861	0.30275	0.4	"mid"
"ENSDARG00000060596"	0.0166133417475944	0.28	0.3	"mid"
"ENSDARG00000060610"	0.0202174289796262	0.503	0.6	"mid"
"ENSDARG00000060620"	0.0605490797759924	0.426363636363636	0.5	"mid"
"ENSDARG00000060626"	0.0777262490253197	0.482	0.5	"mid"
"ENSDARG00000060639"	0.0307239835754146	0.258333333333333	0.3	"mid"
"ENSDARG00000060645"	0.070257802247923	0.872727272727273	0.9	"high"
"ENSDARG00000060646"	0.0753743573889128	0.20025	0.3	"mid"
"ENSDARG00000060656"	0.104326652802895	0.613181818181818	0.7	"mid"
"ENSDARG00000060679"	0.0113360653799252	0.165833333333333	0.2	"low"
"ENSDARG00000060682"	0.110975988827323	0.701666666666667	0.8	"mid"
"ENSDARG00000060687"	0.0377766804617681	0.514444444444444	0.6	"mid"
"ENSDARG00000060695"	0.109043266485488	0.991666666666667	1	"high"
"ENSDARG00000060697"	0.114368373785368	0.257642857142857	0.3	"mid"
"ENSDARG00000060711"	0.057799812518325	0.44	0.5	"mid"
"ENSDARG00000060716"	0.0413272710625104	0.469230769230769	0.5	"mid"
"ENSDARG00000060723"	0.0554155580188666	0.404166666666667	0.5	"mid"
"ENSDARG00000060725"	0.0744948582379405	0.277179487179487	0.3	"mid"
"ENSDARG00000060729"	0.0409103069585406	0.635	0.7	"mid"
"ENSDARG00000060748"	0.100221359806941	0.769475524475524	0.8	"mid"
"ENSDARG00000060751"	0.0289334495640726	0.454166666666667	0.5	"mid"
"ENSDARG00000060753"	0.0859207905931158	0.586136363636364	0.6	"mid"
"ENSDARG00000060767"	0.0673966483027677	0.384848484848485	0.4	"mid"
"ENSDARG00000060768"	0.0432849448192879	0.45520202020202	0.5	"mid"
"ENSDARG00000060771"	0.151694414892395	0.417777777777778	0.5	"mid"
"ENSDARG00000060785"	0.1263723171303	0.276363636363636	0.3	"mid"
"ENSDARG00000060796"	0.0312064866243575	0.244583333333333	0.3	"mid"
"ENSDARG00000060797"	0.0470186715527352	0.801111111111111	0.9	"high"
"ENSDARG00000060805"	0.111308162046964	0.454621212121212	0.5	"mid"
"ENSDARG00000060813"	0.0826720502842763	0.397638888888889	0.4	"mid"
"ENSDARG00000060835"	0.0783741894097143	0.278181818181818	0.3	"mid"
"ENSDARG00000060841"	0.0802853570522896	0.356333333333333	0.4	"mid"
"ENSDARG00000060847"	0.0670808977587357	0.412857142857143	0.5	"mid"
"ENSDARG00000060853"	0.019148474853492	0.374272727272727	0.4	"mid"
"ENSDARG00000060854"	0.0362548894322167	0.54625	0.6	"mid"
"ENSDARG00000060861"	0.0851570229816305	0.35	0.4	"mid"
"ENSDARG00000060862"	0.135774849672181	0.528219696969697	0.6	"mid"
"ENSDARG00000060871"	0.0747489526073351	0.531111111111111	0.6	"mid"
"ENSDARG00000060889"	0.14668272119546	0.325	0.4	"mid"
"ENSDARG00000060900"	0.0355601117949294	0.431818181818182	0.5	"mid"
"ENSDARG00000060917"	0.111784164369345	0.590909090909091	0.6	"mid"
"ENSDARG00000060921"	0.0810757148242672	0.369772727272727	0.4	"mid"
"ENSDARG00000060922"	0.0522579058859966	0.229785714285714	0.3	"mid"
"ENSDARG00000060951"	0.064207914921366	0.265555555555556	0.3	"mid"
"ENSDARG00000060953"	0.308673677980396	0.462727272727273	0.5	"mid"
"ENSDARG00000060954"	0.0403705531217214	0.5615	0.6	"mid"
"ENSDARG00000060977"	0.0847784321286439	0.57530303030303	0.6	"mid"
"ENSDARG00000060978"	0.0321380615683804	0.449	0.5	"mid"
"ENSDARG00000060983"	0.177260497674337	0.349545454545455	0.4	"mid"
"ENSDARG00000060987"	0.0418128248171505	0.592222222222222	0.6	"mid"
"ENSDARG00000060991"	0.04766963578425	0.232115384615385	0.3	"mid"
"ENSDARG00000060992"	0.0710210822264769	0.283636363636364	0.3	"mid"
"ENSDARG00000060994"	0.0207266097589753	0.6275	0.7	"mid"
"ENSDARG00000061004"	0.040131652945233	0.414204545454545	0.5	"mid"
"ENSDARG00000061013"	0.0354953543120145	0.428333333333333	0.5	"mid"
"ENSDARG00000061020"	0.0675535998034554	0.442402597402597	0.5	"mid"
"ENSDARG00000061021"	0.0630441953271742	0.411111111111111	0.5	"mid"
"ENSDARG00000061023"	0.0389436228635761	0.266111111111111	0.3	"mid"
"ENSDARG00000061024"	0.0723046336359198	0.656363636363636	0.7	"mid"
"ENSDARG00000061039"	0.0376970724243292	0.649027777777778	0.7	"mid"
"ENSDARG00000061040"	0.0364269636642527	0.384	0.4	"mid"
"ENSDARG00000061048"	0.020532989165945	0.28775641025641	0.3	"mid"
"ENSDARG00000061052"	0.0402271905258379	0.28	0.3	"mid"
"ENSDARG00000061057"	0.015518494238599	0.607272727272727	0.7	"mid"
"ENSDARG00000061062"	0.23975456648841	0.303181818181818	0.4	"mid"
"ENSDARG00000061091"	0.0755137994862784	0.367	0.4	"mid"
"ENSDARG00000061095"	0.123630924767647	0.408909090909091	0.5	"mid"
"ENSDARG00000061096"	0.0398021292392094	0.625454545454545	0.7	"mid"
"ENSDARG00000061099"	0.083989505147134	0.395	0.4	"mid"
"ENSDARG00000061100"	0.0459796443191894	0.636363636363636	0.7	"mid"
"ENSDARG00000061108"	0.0624629450681514	0.542424242424242	0.6	"mid"
"ENSDARG00000061114"	0.0983092541160877	0.455	0.5	"mid"
"ENSDARG00000061120"	0.0486343676318272	0.675909090909091	0.7	"mid"
"ENSDARG00000061121"	0.022565027817779	0.358055555555556	0.4	"mid"
"ENSDARG00000061124"	0.0408895774743308	0.565505050505051	0.6	"mid"
"ENSDARG00000061131"	0.0441704498649535	0.485	0.5	"mid"
"ENSDARG00000061143"	0.0354488319882218	0.229160839160839	0.3	"mid"
"ENSDARG00000061145"	0.0531413894357728	0.549722222222222	0.6	"mid"
"ENSDARG00000061147"	0.0802377105266177	0.210909090909091	0.3	"mid"
"ENSDARG00000061159"	0.0693013827564927	0.674444444444444	0.7	"mid"
"ENSDARG00000061161"	0.0241888633267106	0.305277777777778	0.4	"mid"
"ENSDARG00000061168"	0.0583400544894373	0.506666666666667	0.6	"mid"
"ENSDARG00000061169"	0.0684671882912891	0.577575757575758	0.6	"mid"
"ENSDARG00000061173"	0.124630267579532	0.523181818181818	0.6	"mid"
"ENSDARG00000061177"	0.125780302449485	0.616363636363636	0.7	"mid"
"ENSDARG00000061180"	0.025970274241293	0.336590909090909	0.4	"mid"
"ENSDARG00000061185"	0.0284010357859397	0.258333333333333	0.3	"mid"
"ENSDARG00000061187"	0.027850758291923	0.270974025974026	0.3	"mid"
"ENSDARG00000061191"	0.0729494911312658	0.5125	0.6	"mid"
"ENSDARG00000061197"	0.0723660677943101	0.307222222222222	0.4	"mid"
"ENSDARG00000061201"	0.136817189590968	0.342727272727273	0.4	"mid"
"ENSDARG00000061204"	0.0610132782050149	0.342954545454545	0.4	"mid"
"ENSDARG00000061205"	0.016276891321313	0.31875	0.4	"mid"
"ENSDARG00000061207"	0.032763300682311	0.209646464646465	0.3	"mid"
"ENSDARG00000061208"	0.00895075828666736	0.311363636363636	0.4	"mid"
"ENSDARG00000061213"	0.0762375025493243	0.421717171717172	0.5	"mid"
"ENSDARG00000061214"	0.0473547138309947	0.319181818181818	0.4	"mid"
"ENSDARG00000061216"	0.13212952973931	0.225833333333333	0.3	"mid"
"ENSDARG00000061222"	0.0963575662563521	0.598	0.6	"mid"
"ENSDARG00000061226"	0.0716414643698407	0.722207792207792	0.8	"mid"
"ENSDARG00000061228"	0.0662657675483219	0.391969696969697	0.4	"mid"
"ENSDARG00000061233"	0.0522285260459392	0.375909090909091	0.4	"mid"
"ENSDARG00000061240"	0.0116812480362672	0.614405594405594	0.7	"mid"
"ENSDARG00000061242"	0.109340564657016	0.875833333333333	0.9	"high"
"ENSDARG00000061249"	0.0937471522929101	0.668	0.7	"mid"
"ENSDARG00000061256"	0.10279284196901	0.550340909090909	0.6	"mid"
"ENSDARG00000061257"	0.0934286532990972	0.511818181818182	0.6	"mid"
"ENSDARG00000061260"	0.104581921443631	0.479230769230769	0.5	"mid"
"ENSDARG00000061272"	0.0794947652663581	0.751666666666667	0.8	"mid"
"ENSDARG00000061274"	0.0553787744186707	0.827765151515151	0.9	"high"
"ENSDARG00000061282"	0.030164858485436	0.919356060606061	1	"high"
"ENSDARG00000061294"	0.0475415479990052	0.312575757575758	0.4	"mid"
"ENSDARG00000061301"	0.0211213301192708	0.717428571428571	0.8	"mid"
"ENSDARG00000061328"	0.108550335688972	0.653611111111111	0.7	"mid"
"ENSDARG00000061338"	0.0154259562571411	0.350333333333333	0.4	"mid"
"ENSDARG00000061345"	0.0194068860939015	0.183333333333333	0.2	"low"
"ENSDARG00000061348"	0.106547038068328	0.561111111111111	0.6	"mid"
"ENSDARG00000061355"	0.11963894983277	0.633888888888889	0.7	"mid"
"ENSDARG00000061365"	0.162052946258976	0.2425	0.3	"mid"
"ENSDARG00000061368"	0.0466071398422984	0.932222222222222	1	"high"
"ENSDARG00000061370"	0.0866532220428022	0.548131313131313	0.6	"mid"
"ENSDARG00000061373"	0.0858151408611301	0.402083333333333	0.5	"mid"
"ENSDARG00000061375"	0.0949472346346439	0.393227272727273	0.4	"mid"
"ENSDARG00000061378"	0.0495741370209345	0.476010101010101	0.5	"mid"
"ENSDARG00000061383"	0.169108735637854	0.873227272727273	0.9	"high"
"ENSDARG00000061385"	0.237004283913524	0.48375	0.5	"mid"
"ENSDARG00000061391"	0.0439800594130759	0.877482517482517	0.9	"high"
"ENSDARG00000061411"	0.0247737501797332	0.615555555555556	0.7	"mid"
"ENSDARG00000061413"	0.0611546140869485	0.411565656565657	0.5	"mid"
"ENSDARG00000061417"	0.130730207504702	0.372857142857143	0.4	"mid"
"ENSDARG00000061424"	0.0593549831683919	0.274734848484848	0.3	"mid"
"ENSDARG00000061436"	0.0722049899746864	0.346363636363636	0.4	"mid"
"ENSDARG00000061439"	0.135777975474477	0.526611111111111	0.6	"mid"
"ENSDARG00000061450"	0.054615435033985	0.584722222222222	0.6	"mid"
"ENSDARG00000061451"	0.13692158978267	0.459	0.5	"mid"
"ENSDARG00000061458"	0.0251249081677521	0.3	0.3	"mid"
"ENSDARG00000061468"	0.101751687716113	0.547552447552448	0.6	"mid"
"ENSDARG00000061472"	0.0522332950657792	0.312727272727273	0.4	"mid"
"ENSDARG00000061478"	0.0334487510724409	0.354659090909091	0.4	"mid"
"ENSDARG00000061481"	0.143205231638133	0.705909090909091	0.8	"mid"
"ENSDARG00000061490"	0.0311531426872902	0.309545454545455	0.4	"mid"
"ENSDARG00000061504"	0.0512627181132013	0.258525641025641	0.3	"mid"
"ENSDARG00000061505"	0.087724838339945	0.232525252525253	0.3	"mid"
"ENSDARG00000061508"	0.0852814493347627	0.59	0.6	"mid"
"ENSDARG00000061520"	0.100965806439724	0.778511904761905	0.8	"mid"
"ENSDARG00000061525"	0.0363881817207068	0.536363636363636	0.6	"mid"
"ENSDARG00000061543"	0.0200914770626345	0.372318181818182	0.4	"mid"
"ENSDARG00000061553"	0.0851832545018507	0.277166666666667	0.3	"mid"
"ENSDARG00000061566"	0.137397710753615	0.645454545454546	0.7	"mid"
"ENSDARG00000061579"	0.0371017243370245	0.219818181818182	0.3	"mid"
"ENSDARG00000061580"	0.0279919688380884	0.442388888888889	0.5	"mid"
"ENSDARG00000061585"	0.0852592597104965	0.617954545454545	0.7	"mid"
"ENSDARG00000061587"	0.0449943424010736	0.696153846153846	0.7	"mid"
"ENSDARG00000061590"	0.0211761216109339	0.453636363636364	0.5	"mid"
"ENSDARG00000061591"	0.0657768842098978	0.732590909090909	0.8	"mid"
"ENSDARG00000061600"	0.102815508698942	0.449545454545455	0.5	"mid"
"ENSDARG00000061610"	0.104764013187383	0.452222222222222	0.5	"mid"
"ENSDARG00000061621"	0.187762639786054	0.679300699300699	0.7	"mid"
"ENSDARG00000061629"	0.0734661733138308	0.337386363636364	0.4	"mid"
"ENSDARG00000061631"	0.00917501987284348	0.172	0.2	"low"
"ENSDARG00000061640"	0.0826370555543441	0.454292929292929	0.5	"mid"
"ENSDARG00000061651"	0.0854248511842644	0.336666666666667	0.4	"mid"
"ENSDARG00000061656"	0.111498297267781	0.404416666666667	0.5	"mid"
"ENSDARG00000061672"	0.11600895716837	0.641428571428571	0.7	"mid"
"ENSDARG00000061688"	0.0406757864747161	0.337348484848485	0.4	"mid"
"ENSDARG00000061691"	0.084154785972719	0.540189393939394	0.6	"mid"
"ENSDARG00000061699"	0.0546682074484061	0.285	0.3	"mid"
"ENSDARG00000061713"	0.103359412326718	0.447272727272727	0.5	"mid"
"ENSDARG00000061714"	0.230271291068297	0.733090909090909	0.8	"mid"
"ENSDARG00000061717"	0.162866542207636	0.445	0.5	"mid"
"ENSDARG00000061718"	0.0488468713814761	0.62	0.7	"mid"
"ENSDARG00000061719"	0.0308742236220514	0.358863636363636	0.4	"mid"
"ENSDARG00000061728"	0.107014758537538	0.798154761904762	0.8	"mid"
"ENSDARG00000061732"	0.0560155867763316	0.351367521367521	0.4	"mid"
"ENSDARG00000061735"	0.0427455966369524	0.366666666666667	0.4	"mid"
"ENSDARG00000061737"	0.0693626056979001	0.400454545454545	0.5	"mid"
"ENSDARG00000061738"	0.0385908571940597	0.556060606060606	0.6	"mid"
"ENSDARG00000061741"	0.0242985933986997	0.413333333333333	0.5	"mid"
"ENSDARG00000061742"	0.0288426079949982	0.266565656565657	0.3	"mid"
"ENSDARG00000061747"	0.116652340442281	0.832727272727273	0.9	"high"
"ENSDARG00000061752"	0.0588442804967954	0.460909090909091	0.5	"mid"
"ENSDARG00000061759"	0.0574565972403075	0.741666666666667	0.8	"mid"
"ENSDARG00000061761"	0.0474692502231625	0.752727272727273	0.8	"mid"
"ENSDARG00000061762"	0.201805426955909	0.658136363636364	0.7	"mid"
"ENSDARG00000061763"	0.10062538107851	0.506590909090909	0.6	"mid"
"ENSDARG00000061770"	0.0749569325905753	0.597	0.6	"mid"
"ENSDARG00000061774"	0.0375563180801226	0.251515151515152	0.3	"mid"
"ENSDARG00000061789"	0.0628565557772509	0.436363636363636	0.5	"mid"
"ENSDARG00000061794"	0.103084094854384	0.604886363636364	0.7	"mid"
"ENSDARG00000061796"	0.0814109859799505	0.670833333333333	0.7	"mid"
"ENSDARG00000061798"	0.0889457984523399	0.577916666666667	0.6	"mid"
"ENSDARG00000061802"	0.0421066352221645	0.464949494949495	0.5	"mid"
"ENSDARG00000061817"	0.022474076572825	0.131772727272727	0.2	"low"
"ENSDARG00000061836"	0.0249122453202997	0.614545454545455	0.7	"mid"
"ENSDARG00000061844"	0.103933215134361	0.501277777777778	0.6	"mid"
"ENSDARG00000061845"	0.096268666678434	0.453636363636364	0.5	"mid"
"ENSDARG00000061848"	0.117129679884299	0.464615384615385	0.5	"mid"
"ENSDARG00000061852"	0.0789698719686592	0.544833333333333	0.6	"mid"
"ENSDARG00000061854"	0.0330033624321067	0.128722222222222	0.2	"low"
"ENSDARG00000061858"	0.210224205906147	0.486388888888889	0.5	"mid"
"ENSDARG00000061862"	0.0425546343859716	0.256666666666667	0.3	"mid"
"ENSDARG00000061864"	0.0261650551871329	0.478181818181818	0.5	"mid"
"ENSDARG00000061865"	0.0695381366991458	0.400714285714286	0.5	"mid"
"ENSDARG00000061889"	0.0599921838983577	0.164166666666667	0.2	"low"
"ENSDARG00000061890"	0.112679713145084	0.408737373737374	0.5	"mid"
"ENSDARG00000061895"	0.0353312995109568	0.433444444444444	0.5	"mid"
"ENSDARG00000061908"	0.0667440271961824	0.538333333333333	0.6	"mid"
"ENSDARG00000061918"	0.0142574375968958	0.5925	0.6	"mid"
"ENSDARG00000061923"	0.0595241626284846	0.633	0.7	"mid"
"ENSDARG00000061946"	0.0599732352041666	0.32465811965812	0.4	"mid"
"ENSDARG00000061951"	0.109862520928171	0.545555555555556	0.6	"mid"
"ENSDARG00000061952"	0.0484290693980929	0.453611111111111	0.5	"mid"
"ENSDARG00000061981"	0.060410945218438	0.242583333333333	0.3	"mid"
"ENSDARG00000061985"	0.0437159700905076	0.524307692307692	0.6	"mid"
"ENSDARG00000061989"	0.0244660127518083	0.356666666666667	0.4	"mid"
"ENSDARG00000061993"	0.0902355999086136	0.28625	0.3	"mid"
"ENSDARG00000061994"	0.0497090024642505	0.657722222222222	0.7	"mid"
"ENSDARG00000062000"	0.0549994650686801	0.500909090909091	0.6	"mid"
"ENSDARG00000062003"	0.0566506010424402	0.345272727272727	0.4	"mid"
"ENSDARG00000062016"	0.0261452271020714	0.351666666666667	0.4	"mid"
"ENSDARG00000062019"	0.0380818323201744	0.357857142857143	0.4	"mid"
"ENSDARG00000062020"	0.0686328173921609	0.353484848484849	0.4	"mid"
"ENSDARG00000062023"	0.0949526616189229	0.760909090909091	0.8	"mid"
"ENSDARG00000062025"	0.0663001769924645	0.613910256410256	0.7	"mid"
"ENSDARG00000062042"	0.0948484277720006	0.485888888888889	0.5	"mid"
"ENSDARG00000062045"	0.0398476608318044	0.662272727272727	0.7	"mid"
"ENSDARG00000062049"	0.0585847576394984	0.396363636363636	0.4	"mid"
"ENSDARG00000062053"	0.084613345446639	0.166818181818182	0.2	"low"
"ENSDARG00000062054"	0.0605878416311215	0.655	0.7	"mid"
"ENSDARG00000062055"	0.0644933691479492	0.688181818181818	0.7	"mid"
"ENSDARG00000062056"	0.0606331093680552	0.313787878787879	0.4	"mid"
"ENSDARG00000062058"	0.0468466757170548	0.373931623931624	0.4	"mid"
"ENSDARG00000062059"	0.114983478844127	0.435555555555556	0.5	"mid"
"ENSDARG00000062063"	0.0918163934667046	0.571727272727273	0.6	"mid"
"ENSDARG00000062082"	0.0744726411678657	0.417777777777778	0.5	"mid"
"ENSDARG00000062083"	0.0894390017002699	0.328583333333333	0.4	"mid"
"ENSDARG00000062085"	0.0990585686229401	0.59176282051282	0.6	"mid"
"ENSDARG00000062089"	0.120924570236086	0.516666666666667	0.6	"mid"
"ENSDARG00000062109"	0.0547488262506757	0.366666666666667	0.4	"mid"
"ENSDARG00000062123"	0.0303732038005069	0.324734848484848	0.4	"mid"
"ENSDARG00000062132"	0.0853267180671535	0.605555555555556	0.7	"mid"
"ENSDARG00000062137"	0.0160147719632213	0.337083333333333	0.4	"mid"
"ENSDARG00000062139"	0.0623507390425327	0.630681818181818	0.7	"mid"
"ENSDARG00000062142"	0.0997740495840699	0.256227272727273	0.3	"mid"
"ENSDARG00000062152"	0.109084657972648	0.5475	0.6	"mid"
"ENSDARG00000062154"	0.0244124861605992	0.559090909090909	0.6	"mid"
"ENSDARG00000062164"	0.0380327692175777	0.276818181818182	0.3	"mid"
"ENSDARG00000062165"	0.030571440298166	0.313076923076923	0.4	"mid"
"ENSDARG00000062171"	0.0790293859434193	0.3475	0.4	"mid"
"ENSDARG00000062174"	0.0289733633894208	0.524285714285714	0.6	"mid"
"ENSDARG00000062178"	0.0733986991584967	0.503484848484848	0.6	"mid"
"ENSDARG00000062190"	0.0893375528095852	0.616136363636364	0.7	"mid"
"ENSDARG00000062195"	0.0898327620023269	0.734772727272727	0.8	"mid"
"ENSDARG00000062204"	0.118239154907666	0.588333333333333	0.6	"mid"
"ENSDARG00000062206"	0.0427137353714117	0.515795454545455	0.6	"mid"
"ENSDARG00000062209"	0.1156948042164	0.322678571428571	0.4	"mid"
"ENSDARG00000062216"	0.0825966331375213	0.467181818181818	0.5	"mid"
"ENSDARG00000062217"	0.0149913155227365	0.682	0.7	"mid"
"ENSDARG00000062220"	0.0831158202414822	0.597867132867133	0.6	"mid"
"ENSDARG00000062222"	0.0915882848384575	0.607142857142857	0.7	"mid"
"ENSDARG00000062231"	0.0356074967382148	0.651515151515152	0.7	"mid"
"ENSDARG00000062237"	0.040162594573469	0.262857142857143	0.3	"mid"
"ENSDARG00000062244"	0.0816446970307466	0.300530303030303	0.4	"mid"
"ENSDARG00000062248"	0.0542778100486885	0.33125	0.4	"mid"
"ENSDARG00000062251"	0.0352620950940065	0.3575	0.4	"mid"
"ENSDARG00000062258"	0.023930465308504	0.300454545454545	0.4	"mid"
"ENSDARG00000062266"	0.0692765770737496	0.336587301587302	0.4	"mid"
"ENSDARG00000062268"	0.0731495101314394	0.498888888888889	0.5	"mid"
"ENSDARG00000062269"	0.119890598500581	0.676948051948052	0.7	"mid"
"ENSDARG00000062271"	0.0795912079893564	0.385795454545455	0.4	"mid"
"ENSDARG00000062272"	0.0334959727345516	0.3545	0.4	"mid"
"ENSDARG00000062280"	0.0240864903442114	0.193484848484848	0.2	"low"
"ENSDARG00000062307"	0.095686656075281	0.525	0.6	"mid"
"ENSDARG00000062315"	0.0528569137460972	0.688409090909091	0.7	"mid"
"ENSDARG00000062323"	0.0733476208339831	0.357	0.4	"mid"
"ENSDARG00000062335"	0.0965373468663161	0.402222222222222	0.5	"mid"
"ENSDARG00000062338"	0.0999546932589653	0.519545454545455	0.6	"mid"
"ENSDARG00000062350"	0.219515832398408	0.657692307692308	0.7	"mid"
"ENSDARG00000062352"	0.165297038076609	0.421409090909091	0.5	"mid"
"ENSDARG00000062361"	0.0769664972367276	0.383636363636364	0.4	"mid"
"ENSDARG00000062362"	0.0336130967889885	0.199646464646465	0.2	"low"
"ENSDARG00000062363"	0.0764682042213559	0.759090909090909	0.8	"mid"
"ENSDARG00000062372"	0.0557785781614707	0.472979797979798	0.5	"mid"
"ENSDARG00000062381"	0.0331344441872768	0.297727272727273	0.3	"mid"
"ENSDARG00000062382"	0.0302735951698971	0.474090909090909	0.5	"mid"
"ENSDARG00000062385"	0.0328786168933236	0.444777777777778	0.5	"mid"
"ENSDARG00000062390"	0.0511338859285689	0.618838383838384	0.7	"mid"
"ENSDARG00000062397"	0.0327322749567791	0.612636363636364	0.7	"mid"
"ENSDARG00000062402"	0.123114140219282	0.629666666666667	0.7	"mid"
"ENSDARG00000062415"	0.0328798254278882	0.501666666666667	0.6	"mid"
"ENSDARG00000062420"	0.0226692638747341	0.527863636363636	0.6	"mid"
"ENSDARG00000062421"	0.129702692510946	0.339871794871795	0.4	"mid"
"ENSDARG00000062423"	0.0890729100354768	0.508426573426573	0.6	"mid"
"ENSDARG00000062425"	0.114451993271559	0.414545454545455	0.5	"mid"
"ENSDARG00000062430"	0.0518720993180553	0.606944444444445	0.7	"mid"
"ENSDARG00000062450"	0.0813312356188629	0.368356643356643	0.4	"mid"
"ENSDARG00000062457"	0.169805596829142	0.34493006993007	0.4	"mid"
"ENSDARG00000062460"	0.0517993121010471	0.329833333333333	0.4	"mid"
"ENSDARG00000062469"	0.0786674414962424	0.264166666666667	0.3	"mid"
"ENSDARG00000062472"	0.0235050320822393	0.4915	0.5	"mid"
"ENSDARG00000062479"	0.241223849805431	0.549611111111111	0.6	"mid"
"ENSDARG00000062485"	0.0498044250474445	0.253636363636364	0.3	"mid"
"ENSDARG00000062489"	0.0346423885985621	0.3915	0.4	"mid"
"ENSDARG00000062501"	0.0627422584256054	0.788454545454546	0.8	"mid"
"ENSDARG00000062506"	0.0523867237394574	0.398611111111111	0.4	"mid"
"ENSDARG00000062511"	0.0760963909748767	0.472361111111111	0.5	"mid"
"ENSDARG00000062530"	0.1564513490108	0.439090909090909	0.5	"mid"
"ENSDARG00000062549"	0.0727063711673245	0.472388888888889	0.5	"mid"
"ENSDARG00000062552"	0.0795577471094838	0.899350649350649	0.9	"high"
"ENSDARG00000062558"	0.0274606119809418	0.32969696969697	0.4	"mid"
"ENSDARG00000062561"	0.0767063052319708	0.62984126984127	0.7	"mid"
"ENSDARG00000062568"	0.0702871804093445	0.477386363636364	0.5	"mid"
"ENSDARG00000062577"	0.0342208763116525	0.364722222222222	0.4	"mid"
"ENSDARG00000062585"	0.189855431114096	0.52	0.6	"mid"
"ENSDARG00000062590"	0.0749629129742441	0.324090909090909	0.4	"mid"
"ENSDARG00000062592"	0.0349450054992459	0.543787878787879	0.6	"mid"
"ENSDARG00000062594"	0.0602561854404241	0.4115	0.5	"mid"
"ENSDARG00000062601"	0.100992426118737	0.827	0.9	"high"
"ENSDARG00000062612"	0.0703737820719038	0.489166666666667	0.5	"mid"
"ENSDARG00000062634"	0.0264135108654804	0.626363636363636	0.7	"mid"
"ENSDARG00000062636"	0.0301630276559298	0.443636363636364	0.5	"mid"
"ENSDARG00000062650"	0.115935614944464	0.435	0.5	"mid"
"ENSDARG00000062651"	0.140232933833926	0.357777777777778	0.4	"mid"
"ENSDARG00000062664"	0.102811033490819	0.574166666666667	0.6	"mid"
"ENSDARG00000062674"	0.0263951393339296	0.491222222222222	0.5	"mid"
"ENSDARG00000062688"	0.192259105825986	0.674545454545455	0.7	"mid"
"ENSDARG00000062695"	0.0872444410847265	0.278376068376068	0.3	"mid"
"ENSDARG00000062711"	0.0867371300253636	0.483333333333333	0.5	"mid"
"ENSDARG00000062727"	0.101653867085562	0.320769230769231	0.4	"mid"
"ENSDARG00000062745"	0.0439388241227865	0.7125	0.8	"mid"
"ENSDARG00000062749"	0.0434952540759695	0.521818181818182	0.6	"mid"
"ENSDARG00000062752"	0.0591468663064608	0.2315	0.3	"mid"
"ENSDARG00000062756"	0.197373105410069	0.715863636363636	0.8	"mid"
"ENSDARG00000062757"	0.061808683072351	0.495568181818182	0.5	"mid"
"ENSDARG00000062765"	0.0612460369425986	0.428146853146853	0.5	"mid"
"ENSDARG00000062788"	0.0768422912970441	0.838333333333333	0.9	"high"
"ENSDARG00000062794"	0.0757745350423377	0.647272727272727	0.7	"mid"
"ENSDARG00000062795"	0.0547723205881544	0.335333333333333	0.4	"mid"
"ENSDARG00000062797"	0.0665778362868818	0.296583333333333	0.3	"mid"
"ENSDARG00000062799"	0.0375382740598988	0.63	0.7	"mid"
"ENSDARG00000062811"	0.0906164824286411	0.601666666666667	0.7	"mid"
"ENSDARG00000062831"	0.109447202780473	0.350227272727273	0.4	"mid"
"ENSDARG00000062834"	0.122073392914058	0.367373737373737	0.4	"mid"
"ENSDARG00000062837"	0.091807200899328	0.683174603174603	0.7	"mid"
"ENSDARG00000062846"	0.0373612535093891	0.288409090909091	0.3	"mid"
"ENSDARG00000062855"	0.126763876690314	0.7715	0.8	"mid"
"ENSDARG00000062864"	0.0823728997047799	0.499863636363636	0.5	"mid"
"ENSDARG00000062865"	0.0181296421111408	0.43	0.5	"mid"
"ENSDARG00000062868"	0.0686984714403081	0.281428571428571	0.3	"mid"
"ENSDARG00000062872"	0.0672519184831606	0.386444444444444	0.4	"mid"
"ENSDARG00000062897"	0.0109868083727469	0.354444444444444	0.4	"mid"
"ENSDARG00000062904"	0.0868926381923411	0.577636363636364	0.6	"mid"
"ENSDARG00000062909"	0.0692802113007283	0.330734265734266	0.4	"mid"
"ENSDARG00000062915"	0.0104218468385311	0.668333333333333	0.7	"mid"
"ENSDARG00000062916"	0.169976120974754	0.437916666666667	0.5	"mid"
"ENSDARG00000062936"	0.0491567479782192	0.57967032967033	0.6	"mid"
"ENSDARG00000062947"	0.172965458484515	0.845416666666667	0.9	"high"
"ENSDARG00000062948"	0.0504356969116105	0.482651515151515	0.5	"mid"
"ENSDARG00000062954"	0.0375133802707227	0.255	0.3	"mid"
"ENSDARG00000062955"	0.174173741010549	0.430272727272727	0.5	"mid"
"ENSDARG00000062956"	0.0200805251289636	0.693636363636364	0.7	"mid"
"ENSDARG00000062960"	0.107643990179436	0.194772727272727	0.2	"low"
"ENSDARG00000062962"	0.113837284048215	0.297692307692308	0.3	"mid"
"ENSDARG00000062965"	0.0772190141292578	0.385909090909091	0.4	"mid"
"ENSDARG00000062967"	0.0521954129582629	0.635	0.7	"mid"
"ENSDARG00000062968"	0.0376194352401883	0.584181818181818	0.6	"mid"
"ENSDARG00000062970"	0.0710881021544083	0.489	0.5	"mid"
"ENSDARG00000062971"	0.0704578646413734	0.462777777777778	0.5	"mid"
"ENSDARG00000062972"	0.0431162267683837	0.646818181818182	0.7	"mid"
"ENSDARG00000062973"	0.0648715352909962	0.450769230769231	0.5	"mid"
"ENSDARG00000062977"	0.052141666214973	0.16625	0.2	"low"
"ENSDARG00000062978"	0.141074946132492	0.476	0.5	"mid"
"ENSDARG00000062983"	0.142079547419055	0.2725	0.3	"mid"
"ENSDARG00000062987"	0.0487742501250901	0.389204545454545	0.4	"mid"
"ENSDARG00000062991"	0.0473629670512195	0.728333333333333	0.8	"mid"
"ENSDARG00000062997"	0.104572497896063	0.51961038961039	0.6	"mid"
"ENSDARG00000063003"	0.0470756798178625	0.536818181818182	0.6	"mid"
"ENSDARG00000063021"	0.172655831582012	0.396363636363636	0.4	"mid"
"ENSDARG00000063030"	0.0501820813516072	0.400346153846154	0.5	"mid"
"ENSDARG00000063031"	0.0575386432477938	0.722333333333333	0.8	"mid"
"ENSDARG00000063036"	0.0432185813172274	0.394166666666667	0.4	"mid"
"ENSDARG00000063037"	0.0939234001472031	0.3125	0.4	"mid"
"ENSDARG00000063049"	0.176905996139468	0.461704545454545	0.5	"mid"
"ENSDARG00000063051"	0.0242315015385599	0.434242424242424	0.5	"mid"
"ENSDARG00000063068"	0.0688064584496262	0.36	0.4	"mid"
"ENSDARG00000063069"	0.0461403742829927	0.415	0.5	"mid"
"ENSDARG00000063075"	0.0429285391193619	0.407727272727273	0.5	"mid"
"ENSDARG00000063076"	0.161362443352676	0.626666666666667	0.7	"mid"
"ENSDARG00000063079"	0.0128837162996898	0.726	0.8	"mid"
"ENSDARG00000063095"	0.0917827747566473	0.494444444444444	0.5	"mid"
"ENSDARG00000063100"	0.00210542362673689	0.419545454545455	0.5	"mid"
"ENSDARG00000063101"	0.0590079959541509	0.282222222222222	0.3	"mid"
"ENSDARG00000063126"	0.0671106423903091	0.606616161616162	0.7	"mid"
"ENSDARG00000063133"	0.0406412868967556	0.296	0.3	"mid"
"ENSDARG00000063140"	0.149031346679075	0.326153846153846	0.4	"mid"
"ENSDARG00000063145"	0.165731984124303	0.2615	0.3	"mid"
"ENSDARG00000063149"	0.0630839078629246	0.547285714285714	0.6	"mid"
"ENSDARG00000063150"	0.0454094022823586	0.439166666666667	0.5	"mid"
"ENSDARG00000063159"	0.0425615692347037	0.440833333333333	0.5	"mid"
"ENSDARG00000063161"	0.0319622927796845	0.40594696969697	0.5	"mid"
"ENSDARG00000063167"	0.0646941489198507	0.5995	0.6	"mid"
"ENSDARG00000063177"	0.0629032245858372	0.62375	0.7	"mid"
"ENSDARG00000063182"	0.0606789727947083	0.334909090909091	0.4	"mid"
"ENSDARG00000063187"	0.108894727481153	0.331190476190476	0.4	"mid"
"ENSDARG00000063190"	0.0314501111097003	0.587692307692308	0.6	"mid"
"ENSDARG00000063195"	0.0780408286964274	0.395535714285714	0.4	"mid"
"ENSDARG00000063212"	0.0818361797213681	0.391	0.4	"mid"
"ENSDARG00000063213"	0.0880819440847612	0.285178571428571	0.3	"mid"
"ENSDARG00000063218"	0.0251538499656341	0.489	0.5	"mid"
"ENSDARG00000063219"	0.0737626869153241	0.450252525252525	0.5	"mid"
"ENSDARG00000063229"	0.00813062899505221	0.626410256410256	0.7	"mid"
"ENSDARG00000063230"	0.0400217717150566	0.702727272727273	0.8	"mid"
"ENSDARG00000063242"	0.0387620219767312	0.302	0.4	"mid"
"ENSDARG00000063249"	0.14304987648823	0.542272727272727	0.6	"mid"
"ENSDARG00000063250"	0.0715364034722253	0.413636363636364	0.5	"mid"
"ENSDARG00000063254"	0.0807546196458203	0.406363636363636	0.5	"mid"
"ENSDARG00000063255"	0.039920102248213	0.403333333333333	0.5	"mid"
"ENSDARG00000063270"	0.0683015311686312	0.410833333333333	0.5	"mid"
"ENSDARG00000063276"	0.0933007771459914	0.403636363636364	0.5	"mid"
"ENSDARG00000063283"	0.108159498087234	0.69	0.7	"mid"
"ENSDARG00000063285"	0.0634022318726111	0.6125	0.7	"mid"
"ENSDARG00000063288"	0.105870256362815	0.47	0.5	"mid"
"ENSDARG00000063292"	0.160173013580428	0.442083333333333	0.5	"mid"
"ENSDARG00000063295"	0.0334098521237257	0.201666666666667	0.3	"mid"
"ENSDARG00000063299"	0.0764739509926434	0.416136363636364	0.5	"mid"
"ENSDARG00000063309"	0.0685577940387722	0.457769230769231	0.5	"mid"
"ENSDARG00000063321"	0.0500863151594196	0.369045454545455	0.4	"mid"
"ENSDARG00000063330"	0.048847741381369	0.296045454545455	0.3	"mid"
"ENSDARG00000063333"	0.12137780285784	0.423772727272727	0.5	"mid"
"ENSDARG00000063341"	0.0433834766481694	0.38484126984127	0.4	"mid"
"ENSDARG00000063344"	0.14412469315321	0.332272727272727	0.4	"mid"
"ENSDARG00000063352"	0.047547922206554	0.434545454545455	0.5	"mid"
"ENSDARG00000063354"	0.061500603510815	0.786666666666667	0.8	"mid"
"ENSDARG00000063358"	0.0245289998148727	0.752954545454545	0.8	"mid"
"ENSDARG00000063370"	0.0439974163880248	0.654642857142857	0.7	"mid"
"ENSDARG00000063375"	0.0651323126009399	0.404711538461538	0.5	"mid"
"ENSDARG00000063412"	0.075241120389964	0.578888888888889	0.6	"mid"
"ENSDARG00000063433"	0.02714033728582	0.495454545454545	0.5	"mid"
"ENSDARG00000063437"	0.0156574758494097	0.446666666666667	0.5	"mid"
"ENSDARG00000063438"	0.0603622582088655	0.741222222222222	0.8	"mid"
"ENSDARG00000063446"	0.106962063671454	0.695	0.7	"mid"
"ENSDARG00000063457"	0.0527224888708696	0.491818181818182	0.5	"mid"
"ENSDARG00000063466"	0.0330211497409185	0.304333333333333	0.4	"mid"
"ENSDARG00000063474"	0.0181392304984539	0.411717171717172	0.5	"mid"
"ENSDARG00000063519"	0.0879620375595225	0.448454545454545	0.5	"mid"
"ENSDARG00000063535"	0.0193764081134183	0.519772727272727	0.6	"mid"
"ENSDARG00000063539"	0.0796172445718449	0.334545454545455	0.4	"mid"
"ENSDARG00000063573"	0.0392247235797487	0.319747474747475	0.4	"mid"
"ENSDARG00000063574"	0.0934994008024623	0.420871212121212	0.5	"mid"
"ENSDARG00000063583"	0.0244464121957387	0.64	0.7	"mid"
"ENSDARG00000063588"	0.0512035839822041	0.210090909090909	0.3	"mid"
"ENSDARG00000063596"	0.0654860904016068	0.290568181818182	0.3	"mid"
"ENSDARG00000063612"	0.0540940486040227	0.426227272727273	0.5	"mid"
"ENSDARG00000063624"	0.0668308122389153	0.509090909090909	0.6	"mid"
"ENSDARG00000063626"	0.0739950224806805	0.68469696969697	0.7	"mid"
"ENSDARG00000063627"	0.0564228734208159	0.370333333333333	0.4	"mid"
"ENSDARG00000063634"	0.126929554323342	0.761818181818182	0.8	"mid"
"ENSDARG00000063663"	0.0177230931914531	0.271722222222222	0.3	"mid"
"ENSDARG00000063665"	0.0537717271312141	0.739305555555556	0.8	"mid"
"ENSDARG00000063672"	0.0669876487726856	0.327272727272727	0.4	"mid"
"ENSDARG00000063677"	0.0247428415551991	0.303636363636364	0.4	"mid"
"ENSDARG00000063684"	0.0546838324997374	0.492272727272727	0.5	"mid"
"ENSDARG00000063686"	0.082794812638378	0.520666666666667	0.6	"mid"
"ENSDARG00000063690"	0.0986933285452547	0.41	0.5	"mid"
"ENSDARG00000063701"	0.0771851141726256	0.653636363636364	0.7	"mid"
"ENSDARG00000063711"	0.0285366546537339	0.427142857142857	0.5	"mid"
"ENSDARG00000063718"	0.0414273750472485	0.434265734265734	0.5	"mid"
"ENSDARG00000063719"	0.0652122882842989	0.773034188034188	0.8	"mid"
"ENSDARG00000063882"	0.0754381492754639	0.235555555555556	0.3	"mid"
"ENSDARG00000063916"	0.0546361311651338	0.354545454545455	0.4	"mid"
"ENSDARG00000063922"	0.0478262996310154	0.391363636363636	0.4	"mid"
"ENSDARG00000067517"	0.167900805339281	0.551111111111111	0.6	"mid"
"ENSDARG00000067520"	0.136115078735133	0.687972027972028	0.7	"mid"
"ENSDARG00000067524"	0.173553094579419	0.697	0.7	"mid"
"ENSDARG00000067564"	0.130450676423917	0.338571428571429	0.4	"mid"
"ENSDARG00000067591"	0.0118155078263195	0.512662337662338	0.6	"mid"
"ENSDARG00000067593"	0.083528363320482	0.502980769230769	0.6	"mid"
"ENSDARG00000067601"	0.0517924296325026	0.446923076923077	0.5	"mid"
"ENSDARG00000067605"	0.0468777486101416	0.519090909090909	0.6	"mid"
"ENSDARG00000067606"	0.138197094370049	0.651318681318681	0.7	"mid"
"ENSDARG00000067608"	0.125745481643945	0.518571428571429	0.6	"mid"
"ENSDARG00000067626"	0.00682205263865567	0.439833333333333	0.5	"mid"
"ENSDARG00000067630"	0.0866498981935117	0.518181818181818	0.6	"mid"
"ENSDARG00000067639"	0.0370288316702347	0.335	0.4	"mid"
"ENSDARG00000067656"	0.0316187825678098	0.497307692307692	0.5	"mid"
"ENSDARG00000067669"	0.0967359093071504	0.705244755244755	0.8	"mid"
"ENSDARG00000067670"	0.0874131516985361	0.266423076923077	0.3	"mid"
"ENSDARG00000067672"	0.0663414406836242	0.34027972027972	0.4	"mid"
"ENSDARG00000067711"	0.128462487336527	0.523333333333333	0.6	"mid"
"ENSDARG00000067713"	0.0337163299436493	0.695454545454545	0.7	"mid"
"ENSDARG00000067717"	0.190316766457892	0.822272727272727	0.9	"high"
"ENSDARG00000067718"	0.115659595934633	0.4375	0.5	"mid"
"ENSDARG00000067741"	0.0795875283215371	0.891818181818182	0.9	"high"
"ENSDARG00000067751"	0.0595859917184088	0.431666666666667	0.5	"mid"
"ENSDARG00000067752"	0.134976054609041	0.339090909090909	0.4	"mid"
"ENSDARG00000067777"	0.156858721671561	0.411666666666667	0.5	"mid"
"ENSDARG00000067838"	0.0982714109813171	0.34	0.4	"mid"
"ENSDARG00000067848"	0.0760552839778322	0.77	0.8	"mid"
"ENSDARG00000067850"	0.0241550846947351	0.790909090909091	0.8	"mid"
"ENSDARG00000067913"	0.0289804630979073	0.365416666666667	0.4	"mid"
"ENSDARG00000067916"	0.0615325056542776	0.767181818181818	0.8	"mid"
"ENSDARG00000067918"	0.165290098437373	0.375	0.4	"mid"
"ENSDARG00000067920"	0.0207323855491038	0.425555555555556	0.5	"mid"
"ENSDARG00000067958"	0.048980174451121	0.46	0.5	"mid"
"ENSDARG00000067964"	0.0298309147847135	0.487142857142857	0.5	"mid"
"ENSDARG00000067979"	0.100134926512591	0.395694444444444	0.4	"mid"
"ENSDARG00000067981"	0.0237891262065037	0.52969696969697	0.6	"mid"
"ENSDARG00000067984"	0.0609638518980674	0.387272727272727	0.4	"mid"
"ENSDARG00000067990"	0.0380248633170779	0.767777777777778	0.8	"mid"
"ENSDARG00000067996"	0.0332964687789299	0.370409090909091	0.4	"mid"
"ENSDARG00000068021"	0.124696658087865	0.464166666666667	0.5	"mid"
"ENSDARG00000068036"	0.143935123317061	0.665714285714286	0.7	"mid"
"ENSDARG00000068103"	0.148724634578631	0.24	0.3	"mid"
"ENSDARG00000068123"	0.073460258019506	0.23125	0.3	"mid"
"ENSDARG00000068125"	0.0571750882730524	0.150252525252525	0.2	"low"
"ENSDARG00000068126"	0.104469359364193	0.627738095238095	0.7	"mid"
"ENSDARG00000068140"	0.100481880820796	0.395654761904762	0.4	"mid"
"ENSDARG00000068148"	0.127194572623613	0.626666666666667	0.7	"mid"
"ENSDARG00000068156"	0.109299648425491	0.542954545454545	0.6	"mid"
"ENSDARG00000068157"	0.0789174322849766	0.374038461538462	0.4	"mid"
"ENSDARG00000068175"	0.0368722642394258	0.770409090909091	0.8	"mid"
"ENSDARG00000068176"	0.0419157021869952	0.247222222222222	0.3	"mid"
"ENSDARG00000068177"	0.0239618970161764	0.217772727272727	0.3	"mid"
"ENSDARG00000068181"	0.0693352426330993	0.72525	0.8	"mid"
"ENSDARG00000068182"	0.0731824740064438	0.661363636363636	0.7	"mid"
"ENSDARG00000068187"	0.0455666276147672	0.396818181818182	0.4	"mid"
"ENSDARG00000068192"	0.115931557709541	0.544444444444445	0.6	"mid"
"ENSDARG00000068213"	0.0249808737272964	0.514909090909091	0.6	"mid"
"ENSDARG00000068221"	0.164613080917346	0.724615384615385	0.8	"mid"
"ENSDARG00000068231"	0.096659345158328	0.271964285714286	0.3	"mid"
"ENSDARG00000068233"	0.135655626472702	0.537272727272727	0.6	"mid"
"ENSDARG00000068246"	0.0588924322350697	0.356444444444444	0.4	"mid"
"ENSDARG00000068247"	0.0666189069394305	0.32512987012987	0.4	"mid"
"ENSDARG00000068256"	0.07268776810759	0.463636363636364	0.5	"mid"
"ENSDARG00000068258"	0.079891411267722	0.441111111111111	0.5	"mid"
"ENSDARG00000068261"	0.104855101360313	0.450090909090909	0.5	"mid"
"ENSDARG00000068262"	0.143235910327848	0.342363636363636	0.4	"mid"
"ENSDARG00000068263"	0.211679990406793	0.607777777777778	0.7	"mid"
"ENSDARG00000068264"	0.0686804055515025	0.737142857142857	0.8	"mid"
"ENSDARG00000068265"	0.0649283556221908	0.423257575757576	0.5	"mid"
"ENSDARG00000068289"	0.0174796662508195	0.90905303030303	1	"high"
"ENSDARG00000068291"	0.0605501897564065	0.208181818181818	0.3	"mid"
"ENSDARG00000068296"	0.0368146625317623	0.398571428571429	0.4	"mid"
"ENSDARG00000068305"	0.0548803940666658	0.305959595959596	0.4	"mid"
"ENSDARG00000068323"	0.0251681196944388	0.532777777777778	0.6	"mid"
"ENSDARG00000068344"	0.0706357096524955	0.488472222222222	0.5	"mid"
"ENSDARG00000068365"	0.0208393131701525	0.506111111111111	0.6	"mid"
"ENSDARG00000068366"	0.104210623948004	0.517944444444444	0.6	"mid"
"ENSDARG00000068367"	0.0886045277007391	0.617272727272727	0.7	"mid"
"ENSDARG00000068369"	0.0332544066726379	0.468888888888889	0.5	"mid"
"ENSDARG00000068370"	0.0501846658912942	0.668863636363636	0.7	"mid"
"ENSDARG00000068372"	0.113903372584312	0.951818181818182	1	"high"
"ENSDARG00000068400"	0.0629878672862313	0.447613636363636	0.5	"mid"
"ENSDARG00000068401"	0.0610391765749474	0.394962121212121	0.4	"mid"
"ENSDARG00000068404"	0.118450475561843	0.277090909090909	0.3	"mid"
"ENSDARG00000068409"	0.121436939358256	0.877045454545455	0.9	"high"
"ENSDARG00000068415"	0.0660717649174755	0.21461038961039	0.3	"mid"
"ENSDARG00000068438"	0.0643953910611897	0.378214285714286	0.4	"mid"
"ENSDARG00000068457"	0.0483068572883608	0.924166666666667	1	"high"
"ENSDARG00000068465"	0.181397548787631	0.805833333333333	0.9	"high"
"ENSDARG00000068478"	0.0629273507491203	0.899090909090909	0.9	"high"
"ENSDARG00000068507"	0.0688192116651799	0.247590909090909	0.3	"mid"
"ENSDARG00000068515"	0.118866633602905	0.435227272727273	0.5	"mid"
"ENSDARG00000068516"	0.0618877169810377	0.805064935064935	0.9	"high"
"ENSDARG00000068567"	0.0446885844574651	0.564615384615385	0.6	"mid"
"ENSDARG00000068572"	0.0697037117396713	0.363333333333333	0.4	"mid"
"ENSDARG00000068582"	0.0615794378891995	0.596868686868687	0.6	"mid"
"ENSDARG00000068587"	0.0324210171137279	0.365166666666667	0.4	"mid"
"ENSDARG00000068590"	0.0991230990475912	0.461309523809524	0.5	"mid"
"ENSDARG00000068596"	0.017697820036544	0.835454545454545	0.9	"high"
"ENSDARG00000068602"	0.0833852295950388	0.324583333333333	0.4	"mid"
"ENSDARG00000068628"	0.0223795980912837	0.399027777777778	0.4	"mid"
"ENSDARG00000068629"	0.0582747818749778	0.485576923076923	0.5	"mid"
"ENSDARG00000068637"	0.233592599628561	0.585111111111111	0.6	"mid"
"ENSDARG00000068655"	0.0437741831990423	0.389155844155844	0.4	"mid"
"ENSDARG00000068663"	0.103989794817563	0.479090909090909	0.5	"mid"
"ENSDARG00000068680"	0.154756888059958	0.836944444444444	0.9	"high"
"ENSDARG00000068681"	0.243875653265378	0.382333333333333	0.4	"mid"
"ENSDARG00000068698"	0.0466298969702962	0.274141414141414	0.3	"mid"
"ENSDARG00000068701"	0.00928036039197965	0.367	0.4	"mid"
"ENSDARG00000068702"	0.143640742300128	0.273333333333333	0.3	"mid"
"ENSDARG00000068708"	0.0665567944004684	0.810555555555556	0.9	"high"
"ENSDARG00000068711"	0.263984544424481	0.375909090909091	0.4	"mid"
"ENSDARG00000068732"	0.0420842609949509	0.691818181818182	0.7	"mid"
"ENSDARG00000068755"	0.0942286230691997	0.386984126984127	0.4	"mid"
"ENSDARG00000068763"	0.0733457437317381	0.468311688311688	0.5	"mid"
"ENSDARG00000068787"	0.0329237393668396	0.273333333333333	0.3	"mid"
"ENSDARG00000068814"	0.134451136067813	0.806	0.9	"high"
"ENSDARG00000068820"	0.0101049332124727	0.26625	0.3	"mid"
"ENSDARG00000068822"	0.0152560725507971	0.360909090909091	0.4	"mid"
"ENSDARG00000068828"	0.0849016132238628	0.539227272727273	0.6	"mid"
"ENSDARG00000068833"	0.0990952712761082	0.145454545454545	0.2	"low"
"ENSDARG00000068840"	0.105829743238222	0.689090909090909	0.7	"mid"
"ENSDARG00000068851"	0.102848408122771	0.753333333333333	0.8	"mid"
"ENSDARG00000068856"	0.113818982416869	0.6	0.6	"mid"
"ENSDARG00000068868"	0.0535911755003518	0.185	0.2	"low"
"ENSDARG00000068870"	0.214023086522623	0.387777777777778	0.4	"mid"
"ENSDARG00000068876"	0.152133086018584	0.577777777777778	0.6	"mid"
"ENSDARG00000068883"	0.0788138881584016	0.5945	0.6	"mid"
"ENSDARG00000068892"	0.0833477196353127	0.512727272727273	0.6	"mid"
"ENSDARG00000068893"	0.0742131939051689	0.427818181818182	0.5	"mid"
"ENSDARG00000068918"	0.023352275974614	0.53094696969697	0.6	"mid"
"ENSDARG00000068926"	0.119904118334865	0.732307692307692	0.8	"mid"
"ENSDARG00000068934"	0.101439014456156	0.676	0.7	"mid"
"ENSDARG00000068939"	0.183762341633346	0.588181818181818	0.6	"mid"
"ENSDARG00000068966"	0.149898185773545	0.991944444444444	1	"high"
"ENSDARG00000068967"	0.130217002708723	0.626875	0.7	"mid"
"ENSDARG00000068969"	0.149898185773545	0.392692307692308	0.4	"mid"
"ENSDARG00000068978"	0.0859827246745043	0.208461538461538	0.3	"mid"
"ENSDARG00000068981"	0.0431707282271154	0.318055555555556	0.4	"mid"
"ENSDARG00000068983"	0.0355591146085589	0.587272727272727	0.6	"mid"
"ENSDARG00000068993"	0.149898185773545	0.614659090909091	0.7	"mid"
"ENSDARG00000068995"	0.0025086412157774	0.305	0.4	"mid"
"ENSDARG00000068996"	0.0189167703904712	0.535454545454545	0.6	"mid"
"ENSDARG00000069003"	0.0495614326849114	0.330606060606061	0.4	"mid"
"ENSDARG00000069006"	0.0130731015196581	0.534444444444444	0.6	"mid"
"ENSDARG00000069013"	0.0164722311495581	0.322857142857143	0.4	"mid"
"ENSDARG00000069018"	0.098036986183343	0.907777777777778	1	"high"
"ENSDARG00000069044"	0.0928385832329267	0.487576923076923	0.5	"mid"
"ENSDARG00000069045"	0.0775996111015228	0.468333333333333	0.5	"mid"
"ENSDARG00000069048"	0.133435232126146	0.697916666666667	0.7	"mid"
"ENSDARG00000069056"	0.0650553681447369	0.416666666666667	0.5	"mid"
"ENSDARG00000069065"	0.0921865668812847	0.45	0.5	"mid"
"ENSDARG00000069066"	0.148446173022954	0.424045454545455	0.5	"mid"
"ENSDARG00000069074"	0.0305491787051139	0.261	0.3	"mid"
"ENSDARG00000069082"	0.110875230138004	0.381888888888889	0.4	"mid"
"ENSDARG00000069085"	0.0314857156802692	0.297008547008547	0.3	"mid"
"ENSDARG00000069090"	0.00423219831432157	0.127	0.2	"low"
"ENSDARG00000069099"	0.0127430651434571	0.717083333333333	0.8	"mid"
"ENSDARG00000069105"	0.0404834910534917	0.549611111111111	0.6	"mid"
"ENSDARG00000069109"	0.0636440882536231	0.690274725274725	0.7	"mid"
"ENSDARG00000069114"	0.052990738172973	0.464285714285714	0.5	"mid"
"ENSDARG00000069116"	0.0174740531918515	0.488181818181818	0.5	"mid"
"ENSDARG00000069118"	0.00874285426803902	0.143636363636364	0.2	"low"
"ENSDARG00000069122"	0.169666747805057	0.5945	0.6	"mid"
"ENSDARG00000069129"	0.142537579244164	0.599090909090909	0.6	"mid"
"ENSDARG00000069133"	0.0559786574476144	0.652857142857143	0.7	"mid"
"ENSDARG00000069139"	0.0203778163260406	0.545555555555556	0.6	"mid"
"ENSDARG00000069142"	0.0450070333415065	0.328888888888889	0.4	"mid"
"ENSDARG00000069157"	0.0607606285661082	0.369954545454545	0.4	"mid"
"ENSDARG00000069175"	0.0425096550298051	0.286666666666667	0.3	"mid"
"ENSDARG00000069184"	0.0420084568899568	0.309545454545455	0.4	"mid"
"ENSDARG00000069185"	0.060994458025476	0.433125	0.5	"mid"
"ENSDARG00000069199"	0.137962245363204	0.628888888888889	0.7	"mid"
"ENSDARG00000069241"	0.127031888845585	0.694204545454545	0.7	"mid"
"ENSDARG00000069242"	0.0713220618342682	0.450454545454545	0.5	"mid"
"ENSDARG00000069251"	0.212655121116959	0.87	0.9	"high"
"ENSDARG00000069264"	0.176215288360353	0.893916666666667	0.9	"high"
"ENSDARG00000069269"	0.0522680822235719	0.332727272727273	0.4	"mid"
"ENSDARG00000069271"	0.0272332433792302	0.24	0.3	"mid"
"ENSDARG00000069274"	0.0786185887766405	0.317166666666667	0.4	"mid"
"ENSDARG00000069278"	0.076481116660763	0.558504273504274	0.6	"mid"
"ENSDARG00000069279"	0.0641361589342826	0.526805555555556	0.6	"mid"
"ENSDARG00000069280"	0.134077300671988	0.518555555555556	0.6	"mid"
"ENSDARG00000069282"	0.210553767714883	0.713	0.8	"mid"
"ENSDARG00000069283"	0.0773004733171357	0.328409090909091	0.4	"mid"
"ENSDARG00000069286"	0.11136850295612	0.506333333333333	0.6	"mid"
"ENSDARG00000069289"	0.0310671656760257	0.329833333333333	0.4	"mid"
"ENSDARG00000069290"	0.20999828201249	0.435	0.5	"mid"
"ENSDARG00000069292"	0.168991053539174	0.728	0.8	"mid"
"ENSDARG00000069301"	0.157329365628584	0.308083333333333	0.4	"mid"
"ENSDARG00000069302"	0.0669248938816566	0.328409090909091	0.4	"mid"
"ENSDARG00000069313"	0.111001502706187	0.4275	0.5	"mid"
"ENSDARG00000069324"	0.0198053523966829	0.192388888888889	0.2	"low"
"ENSDARG00000069326"	0.0844570563413155	0.62	0.7	"mid"
"ENSDARG00000069334"	0.104553850684797	0.2415	0.3	"mid"
"ENSDARG00000069335"	0.056963502167341	0.45	0.5	"mid"
"ENSDARG00000069339"	0.0644419510547046	0.309777777777778	0.4	"mid"
"ENSDARG00000069342"	0.0464544408525704	0.786944444444444	0.8	"mid"
"ENSDARG00000069360"	0.00987676883569774	0.132	0.2	"low"
"ENSDARG00000069373"	0.0575627879641059	0.566587301587302	0.6	"mid"
"ENSDARG00000069375"	0.252882900564462	0.637676767676768	0.7	"mid"
"ENSDARG00000069376"	0.0828451395998011	0.533333333333333	0.6	"mid"
"ENSDARG00000069378"	0.0535376916591474	0.70012987012987	0.8	"mid"
"ENSDARG00000069388"	0.082478900984937	0.653333333333333	0.7	"mid"
"ENSDARG00000069397"	0.0226878484464391	0.458111888111888	0.5	"mid"
"ENSDARG00000069402"	0.0376786912390996	0.315909090909091	0.4	"mid"
"ENSDARG00000069409"	0.0567096558633089	0.394949494949495	0.4	"mid"
"ENSDARG00000069422"	0.0500660152838865	0.591666666666667	0.6	"mid"
"ENSDARG00000069425"	0.0257892791098819	0.474	0.5	"mid"
"ENSDARG00000069428"	0.11254007466709	0.627272727272727	0.7	"mid"
"ENSDARG00000069432"	0.0565258765830601	0.360214285714286	0.4	"mid"
"ENSDARG00000069433"	0.0952993036498922	0.468181818181818	0.5	"mid"
"ENSDARG00000069440"	0.0288040781606596	0.831666666666667	0.9	"high"
"ENSDARG00000069441"	0.0794300279149834	0.7185	0.8	"mid"
"ENSDARG00000069461"	0.0705686648891354	0.540909090909091	0.6	"mid"
"ENSDARG00000069463"	0.0814774240311611	0.419166666666667	0.5	"mid"
"ENSDARG00000069464"	0.114431083356618	0.865	0.9	"high"
"ENSDARG00000069472"	0.0642803444472392	0.54030303030303	0.6	"mid"
"ENSDARG00000069476"	0.155605252497183	0.641818181818182	0.7	"mid"
"ENSDARG00000069482"	0.0918866831583071	0.595277777777778	0.6	"mid"
"ENSDARG00000069484"	0.0308700268690163	0.380909090909091	0.4	"mid"
"ENSDARG00000069485"	0.0419433339787371	0.411287878787879	0.5	"mid"
"ENSDARG00000069494"	0.121459110005135	0.383181818181818	0.4	"mid"
"ENSDARG00000069496"	0.0242675262498197	0.2975	0.3	"mid"
"ENSDARG00000069497"	0.0769136324622095	0.267076923076923	0.3	"mid"
"ENSDARG00000069498"	0.046628883575403	0.406196581196581	0.5	"mid"
"ENSDARG00000069503"	0.108264009545697	0.546666666666667	0.6	"mid"
"ENSDARG00000069507"	0.170166543836527	0.40075	0.5	"mid"
"ENSDARG00000069521"	0.0160982055797462	0.139666666666667	0.2	"low"
"ENSDARG00000069525"	0.0396589714788041	0.329090909090909	0.4	"mid"
"ENSDARG00000069527"	0.0170151323088347	0.328522727272727	0.4	"mid"
"ENSDARG00000069529"	0.113569215402433	0.627857142857143	0.7	"mid"
"ENSDARG00000069538"	0.0647216936904545	0.285378787878788	0.3	"mid"
"ENSDARG00000069540"	0.163706569580644	0.839636363636364	0.9	"high"
"ENSDARG00000069543"	0.0686352128202702	0.478	0.5	"mid"
"ENSDARG00000069545"	0.0537494129352383	0.319	0.4	"mid"
"ENSDARG00000069548"	0.134742727474252	0.55031746031746	0.6	"mid"
"ENSDARG00000069549"	0.176830001438897	0.323636363636364	0.4	"mid"
"ENSDARG00000069583"	0.0873619170231534	0.408636363636364	0.5	"mid"
"ENSDARG00000069589"	0.0510703059142877	0.290166666666667	0.3	"mid"
"ENSDARG00000069600"	0.0278586822041436	0.3775	0.4	"mid"
"ENSDARG00000069601"	0.0478552378664299	0.390568181818182	0.4	"mid"
"ENSDARG00000069603"	0.0301758124733457	0.156333333333333	0.2	"low"
"ENSDARG00000069615"	0.0472910773496576	0.745555555555556	0.8	"mid"
"ENSDARG00000069624"	0.115582812004738	0.680909090909091	0.7	"mid"
"ENSDARG00000069640"	0.101265422307305	0.591616161616162	0.6	"mid"
"ENSDARG00000069654"	0.0747043667292225	0.548333333333333	0.6	"mid"
"ENSDARG00000069660"	0.0685850775836376	0.666507936507936	0.7	"mid"
"ENSDARG00000069671"	0.115357498240304	0.228131313131313	0.3	"mid"
"ENSDARG00000069672"	0.0787917140071871	0.267083333333333	0.3	"mid"
"ENSDARG00000069673"	0.103806826804103	0.256111111111111	0.3	"mid"
"ENSDARG00000069674"	0.0659440192740303	0.701666666666667	0.8	"mid"
"ENSDARG00000069681"	0.0805719505272448	0.43	0.5	"mid"
"ENSDARG00000069706"	0.0570115719388904	0.506623931623932	0.6	"mid"
"ENSDARG00000069708"	0.0221734849981727	0.733	0.8	"mid"
"ENSDARG00000069710"	0.164874922001788	0.513555555555556	0.6	"mid"
"ENSDARG00000069729"	0.076503395691502	0.451853146853147	0.5	"mid"
"ENSDARG00000069735"	0.122077361292026	0.634166666666667	0.7	"mid"
"ENSDARG00000069744"	0.104080215365969	0.92	1	"high"
"ENSDARG00000069745"	0.0999626728026249	0.167272727272727	0.2	"low"
"ENSDARG00000069755"	0.111783826503096	0.461818181818182	0.5	"mid"
"ENSDARG00000069763"	0.0747151052076183	0.726363636363636	0.8	"mid"
"ENSDARG00000069774"	0.0383319059625316	0.335384615384615	0.4	"mid"
"ENSDARG00000069790"	0.00237983996459008	0.691666666666667	0.7	"mid"
"ENSDARG00000069807"	0.0615810503765132	0.834136363636364	0.9	"high"
"ENSDARG00000069808"	0.12521456721694	0.3375	0.4	"mid"
"ENSDARG00000069815"	0.124706174031328	0.699	0.7	"mid"
"ENSDARG00000069823"	0.152231694081843	0.503	0.6	"mid"
"ENSDARG00000069829"	0.0113533612096208	0.563286713286713	0.6	"mid"
"ENSDARG00000069832"	0.244052186508958	0.256022727272727	0.3	"mid"
"ENSDARG00000069833"	0.0749155891247753	0.484909090909091	0.5	"mid"
"ENSDARG00000069843"	0.0363096221461443	0.633727272727273	0.7	"mid"
"ENSDARG00000069846"	0.065934936852856	0.171818181818182	0.2	"low"
"ENSDARG00000069852"	0.0662209211801224	0.403174603174603	0.5	"mid"
"ENSDARG00000069853"	0.0781613997071007	0.313954545454545	0.4	"mid"
"ENSDARG00000069857"	0.0883337688715455	0.292689393939394	0.3	"mid"
"ENSDARG00000069878"	0.0232230426013104	0.327909090909091	0.4	"mid"
"ENSDARG00000069888"	0.0842308140469245	0.746188811188811	0.8	"mid"
"ENSDARG00000069893"	0.0728663540822728	0.489242424242424	0.5	"mid"
"ENSDARG00000069910"	0.0428710767732385	0.158392857142857	0.2	"low"
"ENSDARG00000069920"	0.0479172399336884	0.813333333333333	0.9	"high"
"ENSDARG00000069922"	0.0995178976230622	0.606111111111111	0.7	"mid"
"ENSDARG00000069934"	0.160200113573063	0.533636363636364	0.6	"mid"
"ENSDARG00000069937"	0.0323109137991496	0.206666666666667	0.3	"mid"
"ENSDARG00000069940"	0.0726572886262131	0.629204545454545	0.7	"mid"
"ENSDARG00000069951"	0.0179403540018822	0.34275	0.4	"mid"
"ENSDARG00000069953"	0.0524408895017333	0.589343434343434	0.6	"mid"
"ENSDARG00000069956"	0.114709975577922	0.576818181818182	0.6	"mid"
"ENSDARG00000069968"	0.0580192008729517	0.681363636363636	0.7	"mid"
"ENSDARG00000069977"	0.0707971732071234	0.913219696969697	1	"high"
"ENSDARG00000069980"	0.0758989036992002	0.337121212121212	0.4	"mid"
"ENSDARG00000069989"	0.0504681443942961	0.505833333333333	0.6	"mid"
"ENSDARG00000070006"	0.0371356341609844	0.469880952380952	0.5	"mid"
"ENSDARG00000070012"	0.0807375224670186	0.716363636363636	0.8	"mid"
"ENSDARG00000070019"	0.048960221206291	0.675166666666667	0.7	"mid"
"ENSDARG00000070025"	0.0761518157840881	0.238181818181818	0.3	"mid"
"ENSDARG00000070028"	0.0762896397033934	0.316363636363636	0.4	"mid"
"ENSDARG00000070029"	0.129188910243876	0.382222222222222	0.4	"mid"
"ENSDARG00000070037"	0.0775023430108942	0.531103896103896	0.6	"mid"
"ENSDARG00000070038"	0.0985075914008188	0.592136752136752	0.6	"mid"
"ENSDARG00000070043"	0.0289591476994671	0.62	0.7	"mid"
"ENSDARG00000070046"	0.04072613648247	0.569924242424242	0.6	"mid"
"ENSDARG00000070047"	0.102171423633995	0.762121212121212	0.8	"mid"
"ENSDARG00000070052"	0.210382288743736	0.513333333333333	0.6	"mid"
"ENSDARG00000070055"	0.0975139534613801	0.470454545454545	0.5	"mid"
"ENSDARG00000070057"	0.0700581133006654	0.463333333333333	0.5	"mid"
"ENSDARG00000070059"	0.145249736036837	0.602954545454546	0.7	"mid"
"ENSDARG00000070061"	0.0736737387448812	0.353376623376623	0.4	"mid"
"ENSDARG00000070069"	0.0228581575903172	0.57655303030303	0.6	"mid"
"ENSDARG00000070078"	0.0782792153289207	0.583636363636364	0.6	"mid"
"ENSDARG00000070081"	0.139790626428426	0.459722222222222	0.5	"mid"
"ENSDARG00000070084"	0.0400571267791898	0.305416666666667	0.4	"mid"
"ENSDARG00000070085"	0.0735173020753132	0.387012987012987	0.4	"mid"
"ENSDARG00000070094"	0.106722626595462	0.503888888888889	0.6	"mid"
"ENSDARG00000070097"	0.126923560037643	0.319340659340659	0.4	"mid"
"ENSDARG00000070100"	0.0847764274582815	0.40040404040404	0.5	"mid"
"ENSDARG00000070109"	0.134260705526355	0.293636363636364	0.3	"mid"
"ENSDARG00000070116"	0.0947586265600311	0.598030303030303	0.6	"mid"
"ENSDARG00000070122"	0.106740619923684	0.527638888888889	0.6	"mid"
"ENSDARG00000070124"	0.06820054663328	0.253181818181818	0.3	"mid"
"ENSDARG00000070131"	0.0971378913113517	0.48540404040404	0.5	"mid"
"ENSDARG00000070132"	0.170599040811026	0.738	0.8	"mid"
"ENSDARG00000070140"	0.141587628211489	0.636923076923077	0.7	"mid"
"ENSDARG00000070151"	0.0257768109079206	0.484285714285714	0.5	"mid"
"ENSDARG00000070161"	0.0532223162203315	0.224545454545455	0.3	"mid"
"ENSDARG00000070162"	0.0685625669840227	0.391571428571429	0.4	"mid"
"ENSDARG00000070164"	0.0521392711839261	0.717	0.8	"mid"
"ENSDARG00000070187"	0.0172512678253678	0.652	0.7	"mid"
"ENSDARG00000070214"	0.0371406137758281	0.775	0.8	"mid"
"ENSDARG00000070222"	0.0440753649787051	0.761818181818182	0.8	"mid"
"ENSDARG00000070231"	0.112342702312757	0.62075	0.7	"mid"
"ENSDARG00000070256"	0.0511116172379816	0.265227272727273	0.3	"mid"
"ENSDARG00000070261"	0.0530833182571138	0.333909090909091	0.4	"mid"
"ENSDARG00000070278"	0.0231258737161207	0.532727272727273	0.6	"mid"
"ENSDARG00000070284"	0.0809061341311964	0.633055555555555	0.7	"mid"
"ENSDARG00000070318"	0.0126799773125415	0.471388888888889	0.5	"mid"
"ENSDARG00000070358"	0.0562285635899313	0.414545454545455	0.5	"mid"
"ENSDARG00000070360"	0.0876623580263207	0.645555555555556	0.7	"mid"
"ENSDARG00000070390"	0.0766014747205046	0.259666666666667	0.3	"mid"
"ENSDARG00000070391"	0.077842889839157	0.293333333333333	0.3	"mid"
"ENSDARG00000070396"	0.12266748170447	0.713055555555556	0.8	"mid"
"ENSDARG00000070399"	0.0662008722771008	0.566666666666667	0.6	"mid"
"ENSDARG00000070407"	0.0713642964163466	0.742727272727273	0.8	"mid"
"ENSDARG00000070416"	0.0837835963460536	0.349318181818182	0.4	"mid"
"ENSDARG00000070425"	0.0773016473024998	0.583636363636364	0.6	"mid"
"ENSDARG00000070427"	0.136202817383324	0.797909090909091	0.8	"mid"
"ENSDARG00000070431"	0.0544876954410878	0.294142857142857	0.3	"mid"
"ENSDARG00000070433"	0.0357028551626829	0.164861111111111	0.2	"low"
"ENSDARG00000070434"	0.0557617282397505	0.881611111111111	0.9	"high"
"ENSDARG00000070447"	0.0260644094206579	0.26125	0.3	"mid"
"ENSDARG00000070448"	0.0824266593199913	0.283333333333333	0.3	"mid"
"ENSDARG00000070452"	0.143313115717577	0.526477272727273	0.6	"mid"
"ENSDARG00000070453"	0.0226589743485669	0.689	0.7	"mid"
"ENSDARG00000070454"	0.0620925253241433	0.694545454545455	0.7	"mid"
"ENSDARG00000070458"	0.183650313911926	0.458461538461538	0.5	"mid"
"ENSDARG00000070461"	0.0786123447134761	0.49959595959596	0.5	"mid"
"ENSDARG00000070463"	0.0877173794173652	0.710833333333333	0.8	"mid"
"ENSDARG00000070470"	0.0527423813266913	0.385555555555556	0.4	"mid"
"ENSDARG00000070471"	0.039571075389706	0.356	0.4	"mid"
"ENSDARG00000070472"	0.025699188103477	0.493333333333333	0.5	"mid"
"ENSDARG00000070477"	0.0461777150610289	0.677272727272727	0.7	"mid"
"ENSDARG00000070478"	0.144055077136965	0.324444444444444	0.4	"mid"
"ENSDARG00000070479"	0.0789403016093784	0.309166666666667	0.4	"mid"
"ENSDARG00000070480"	0.0897450326523805	0.804230769230769	0.9	"high"
"ENSDARG00000070486"	0.132237370835941	0.940151515151515	1	"high"
"ENSDARG00000070487"	0.120318679925431	0.490454545454545	0.5	"mid"
"ENSDARG00000070491"	0.00723255927526374	0.526666666666667	0.6	"mid"
"ENSDARG00000070494"	0.0752152282277317	0.5725	0.6	"mid"
"ENSDARG00000070498"	0.0482733073127333	0.510378787878788	0.6	"mid"
"ENSDARG00000070511"	0.126972165356382	0.498194444444444	0.5	"mid"
"ENSDARG00000070512"	0.0441836671213469	0.489090909090909	0.5	"mid"
"ENSDARG00000070513"	0.0567333388702419	0.532777777777778	0.6	"mid"
"ENSDARG00000070537"	0.0670239013145969	0.399090909090909	0.4	"mid"
"ENSDARG00000070538"	0.0539762503627019	0.535454545454545	0.6	"mid"
"ENSDARG00000070543"	0.03331763311394	0.593181818181818	0.6	"mid"
"ENSDARG00000070545"	0.032292227626161	0.482373737373737	0.5	"mid"
"ENSDARG00000070553"	0.0835251684802853	0.394621212121212	0.4	"mid"
"ENSDARG00000070560"	0.0554020447003084	0.52458041958042	0.6	"mid"
"ENSDARG00000070567"	0.0264547004028457	0.273333333333333	0.3	"mid"
"ENSDARG00000070568"	0.139847257483616	0.52425	0.6	"mid"
"ENSDARG00000070570"	0.00271982929497456	0.392307692307692	0.4	"mid"
"ENSDARG00000070573"	0.0213534661088984	0.342222222222222	0.4	"mid"
"ENSDARG00000070578"	0.0919228497486561	0.6445	0.7	"mid"
"ENSDARG00000070583"	0.0448351880008967	0.4725	0.5	"mid"
"ENSDARG00000070584"	0.0461804236925901	0.267626262626263	0.3	"mid"
"ENSDARG00000070600"	0.0432883739005426	0.359545454545455	0.4	"mid"
"ENSDARG00000070601"	0.106545752644194	0.307727272727273	0.4	"mid"
"ENSDARG00000070603"	0.0257329078638672	0.617	0.7	"mid"
"ENSDARG00000070604"	0.208669493034047	0.340470085470086	0.4	"mid"
"ENSDARG00000070606"	0.0921960454836248	0.2	0.2	"low"
"ENSDARG00000070607"	0.107776072229828	0.452590909090909	0.5	"mid"
"ENSDARG00000070617"	0.13582131083383	0.3085	0.4	"mid"
"ENSDARG00000070621"	0.0745332165665215	0.530909090909091	0.6	"mid"
"ENSDARG00000070623"	0.0222222091708441	0.331587301587302	0.4	"mid"
"ENSDARG00000070625"	0.12238277914543	0.30575	0.4	"mid"
"ENSDARG00000070644"	0.051376307063909	0.569045454545455	0.6	"mid"
"ENSDARG00000070651"	0.051355675463083	0.563636363636364	0.6	"mid"
"ENSDARG00000070657"	0.0412783150383761	0.181868686868687	0.2	"low"
"ENSDARG00000070666"	0.0510349505631406	0.425	0.5	"mid"
"ENSDARG00000070668"	0.263128863306956	0.681111111111111	0.7	"mid"
"ENSDARG00000070670"	0.0413853492251756	0.520833333333333	0.6	"mid"
"ENSDARG00000070672"	0.178840679960036	0.246363636363636	0.3	"mid"
"ENSDARG00000070675"	0.0646245956127338	0.194045454545455	0.2	"low"
"ENSDARG00000070681"	0.0594474991255933	0.624444444444444	0.7	"mid"
"ENSDARG00000070682"	0.0323618734439844	0.4025	0.5	"mid"
"ENSDARG00000070683"	0.169902368228898	0.661428571428571	0.7	"mid"
"ENSDARG00000070686"	0.0575952179379855	0.305	0.4	"mid"
"ENSDARG00000070688"	0.00358503411495811	0.417083333333333	0.5	"mid"
"ENSDARG00000070698"	0.0449122171439242	0.616666666666667	0.7	"mid"
"ENSDARG00000070705"	0.084455283900219	0.923636363636364	1	"high"
"ENSDARG00000070717"	0.0363571459515696	0.602979797979798	0.7	"mid"
"ENSDARG00000070721"	0.0312070593472041	0.534444444444444	0.6	"mid"
"ENSDARG00000070723"	0.1238024446386	0.275	0.3	"mid"
"ENSDARG00000070734"	0.0658043533476804	0.472307692307692	0.5	"mid"
"ENSDARG00000070735"	0.0412639043864685	0.7825	0.8	"mid"
"ENSDARG00000070743"	0.0984171909063643	0.687777777777778	0.7	"mid"
"ENSDARG00000070746"	0.110530601170195	0.510454545454545	0.6	"mid"
"ENSDARG00000070775"	0.153820465291443	0.476136363636364	0.5	"mid"
"ENSDARG00000070795"	0.0322319405235291	0.355454545454545	0.4	"mid"
"ENSDARG00000070800"	0.14397706132476	0.496923076923077	0.5	"mid"
"ENSDARG00000070801"	0.034215761261564	0.135833333333333	0.2	"low"
"ENSDARG00000070810"	0.153912061284143	0.664166666666667	0.7	"mid"
"ENSDARG00000070824"	0.10290488102783	0.427777777777778	0.5	"mid"
"ENSDARG00000070826"	0.0722135266178966	0.609090909090909	0.7	"mid"
"ENSDARG00000070828"	0.0133235384079261	0.34969696969697	0.4	"mid"
"ENSDARG00000070830"	0.112277313569494	0.600416666666667	0.7	"mid"
"ENSDARG00000070832"	0.0298494755757759	0.3775	0.4	"mid"
"ENSDARG00000070833"	0.0250744416510403	0.357424242424242	0.4	"mid"
"ENSDARG00000070834"	0.0186636823723929	0.464357142857143	0.5	"mid"
"ENSDARG00000070835"	0.0282080135814562	0.770606060606061	0.8	"mid"
"ENSDARG00000070844"	0.064408576267619	0.574833333333333	0.6	"mid"
"ENSDARG00000070847"	0.233539059933899	0.634206349206349	0.7	"mid"
"ENSDARG00000070864"	0.0426588624240701	0.531060606060606	0.6	"mid"
"ENSDARG00000070866"	0.0269524616061478	0.380353535353535	0.4	"mid"
"ENSDARG00000070868"	0.176962811989594	0.818333333333333	0.9	"high"
"ENSDARG00000070873"	0.191540182913081	0.724166666666667	0.8	"mid"
"ENSDARG00000070892"	0.0933388768865644	0.788636363636364	0.8	"mid"
"ENSDARG00000070898"	0.0896662055786855	0.743666666666667	0.8	"mid"
"ENSDARG00000070903"	0.109723933794759	0.793636363636364	0.8	"mid"
"ENSDARG00000070913"	0.0206167306570869	0.587	0.6	"mid"
"ENSDARG00000070914"	0.0213232388514115	0.808333333333333	0.9	"high"
"ENSDARG00000070916"	0.0238361740113478	0.363333333333333	0.4	"mid"
"ENSDARG00000070917"	0.209142168641301	0.4275	0.5	"mid"
"ENSDARG00000070929"	0.0434625404339963	0.853333333333333	0.9	"high"
"ENSDARG00000070939"	0.0401993351238176	0.541818181818182	0.6	"mid"
"ENSDARG00000070951"	0.0510971391258271	0.307929292929293	0.4	"mid"
"ENSDARG00000070955"	0.0432586209615384	0.865	0.9	"high"
"ENSDARG00000070971"	0.0692047144289461	0.459848484848485	0.5	"mid"
"ENSDARG00000070981"	0.0654375183363195	0.36020202020202	0.4	"mid"
"ENSDARG00000070985"	0.0948608750585154	0.668333333333333	0.7	"mid"
"ENSDARG00000070986"	0.108797429721459	0.396	0.4	"mid"
"ENSDARG00000070991"	0.101307550133893	0.579	0.6	"mid"
"ENSDARG00000071004"	0.063457879944939	0.465984848484848	0.5	"mid"
"ENSDARG00000071005"	0.11210151336355	0.781590909090909	0.8	"mid"
"ENSDARG00000071009"	0.12134865423474	0.491616161616162	0.5	"mid"
"ENSDARG00000071011"	0.0391274226487845	0.348944444444444	0.4	"mid"
"ENSDARG00000071014"	0.168348500724356	0.40010101010101	0.5	"mid"
"ENSDARG00000071015"	0.163931814297113	0.436136363636364	0.5	"mid"
"ENSDARG00000071017"	0.0986199862838815	0.637055555555555	0.7	"mid"
"ENSDARG00000071021"	0.0562175750590274	0.861414141414141	0.9	"high"
"ENSDARG00000071031"	0.0620913288400552	0.889191919191919	0.9	"high"
"ENSDARG00000071037"	0.0909997644684629	0.255961538461538	0.3	"mid"
"ENSDARG00000071040"	0.0840799654056054	0.309821428571429	0.4	"mid"
"ENSDARG00000071046"	0.0676171553803671	0.683232323232323	0.7	"mid"
"ENSDARG00000071060"	0.0129871261201089	0.449507575757576	0.5	"mid"
"ENSDARG00000071062"	0.0932312217637428	0.347467532467532	0.4	"mid"
"ENSDARG00000071065"	0.0515376135999856	0.541	0.6	"mid"
"ENSDARG00000071076"	0.0593333210879561	0.636477272727273	0.7	"mid"
"ENSDARG00000071087"	0.0474831596483112	0.435808080808081	0.5	"mid"
"ENSDARG00000071090"	0.0294203267631591	0.9525	1	"high"
"ENSDARG00000071095"	0.114034488812484	0.802	0.9	"high"
"ENSDARG00000071107"	0.00969305073345283	0.459090909090909	0.5	"mid"
"ENSDARG00000071139"	0.0896109914585735	0.703333333333333	0.8	"mid"
"ENSDARG00000071159"	0.110794755590647	0.653954545454545	0.7	"mid"
"ENSDARG00000071173"	0.103720438984372	0.297692307692308	0.3	"mid"
"ENSDARG00000071196"	0.085193815122581	0.520974025974026	0.6	"mid"
"ENSDARG00000071197"	0.100454908105067	0.443636363636364	0.5	"mid"
"ENSDARG00000071198"	0.0871921217687571	0.749230769230769	0.8	"mid"
"ENSDARG00000071203"	0.0391730403283151	0.710064935064935	0.8	"mid"
"ENSDARG00000071208"	0.0209344180741223	0.233636363636364	0.3	"mid"
"ENSDARG00000071211"	0.103990148455739	0.441818181818182	0.5	"mid"
"ENSDARG00000071213"	0.114921952784036	0.5995	0.6	"mid"
"ENSDARG00000071233"	0.108356067771459	0.318888888888889	0.4	"mid"
"ENSDARG00000071235"	0.0406306354242945	0.604	0.7	"mid"
"ENSDARG00000071271"	0.104265701490131	0.42	0.5	"mid"
"ENSDARG00000071288"	0.0862206156080003	0.78489898989899	0.8	"mid"
"ENSDARG00000071294"	0.0992626572506442	0.582888888888889	0.6	"mid"
"ENSDARG00000071304"	0.0947823073240232	0.591428571428571	0.6	"mid"
"ENSDARG00000071331"	0.0407895675450733	0.681111111111111	0.7	"mid"
"ENSDARG00000071336"	0.0974739267369127	0.531767676767677	0.6	"mid"
"ENSDARG00000071339"	0.0306592466239177	0.499166666666667	0.5	"mid"
"ENSDARG00000071355"	0.180481327013402	0.856833333333333	0.9	"high"
"ENSDARG00000071361"	0.180481327013402	0.610909090909091	0.7	"mid"
"ENSDARG00000071374"	0.0523891228759329	0.3555	0.4	"mid"
"ENSDARG00000071377"	0.140763063811016	0.604333333333333	0.7	"mid"
"ENSDARG00000071378"	0.173116418410127	0.627916666666667	0.7	"mid"
"ENSDARG00000071384"	0.074984613801049	0.598636363636364	0.6	"mid"
"ENSDARG00000071395"	0.0153152044662112	0.212	0.3	"mid"
"ENSDARG00000071396"	0.0551246080585151	0.431984126984127	0.5	"mid"
"ENSDARG00000071409"	0.0340352091037507	0.38538961038961	0.4	"mid"
"ENSDARG00000071410"	0.0564272515399429	0.366454545454545	0.4	"mid"
"ENSDARG00000071414"	0.0978031567169048	0.350909090909091	0.4	"mid"
"ENSDARG00000071424"	0.0242700061395019	0.575194805194805	0.6	"mid"
"ENSDARG00000071425"	0.100432699638882	0.329583333333333	0.4	"mid"
"ENSDARG00000071426"	0.0912969652888232	0.656363636363636	0.7	"mid"
"ENSDARG00000071429"	0.0656875131850301	0.611428571428571	0.7	"mid"
"ENSDARG00000071445"	0.114272344650844	0.9275	1	"high"
"ENSDARG00000071467"	0.0996390619444059	0.390681818181818	0.4	"mid"
"ENSDARG00000071478"	0.0656238527372691	0.423030303030303	0.5	"mid"
"ENSDARG00000071491"	0.148052763501288	0.425333333333333	0.5	"mid"
"ENSDARG00000071492"	0.0236432651148449	0.301818181818182	0.4	"mid"
"ENSDARG00000071497"	0.0349717200195516	0.282222222222222	0.3	"mid"
"ENSDARG00000071498"	0.0829941816879319	0.715909090909091	0.8	"mid"
"ENSDARG00000071500"	0.089388152061099	0.516969696969697	0.6	"mid"
"ENSDARG00000071506"	0.0308582826544832	0.490079365079365	0.5	"mid"
"ENSDARG00000071548"	0.0329626781110627	0.253166666666667	0.3	"mid"
"ENSDARG00000071549"	0.124845127429741	0.377142857142857	0.4	"mid"
"ENSDARG00000071551"	0.091155391300348	0.15469696969697	0.2	"low"
"ENSDARG00000071553"	0.307623193229449	0.662727272727273	0.7	"mid"
"ENSDARG00000071555"	0.052784784924248	0.43675	0.5	"mid"
"ENSDARG00000071566"	0.0055013620747223	0.385972222222222	0.4	"mid"
"ENSDARG00000071578"	0.307623193229449	0.509141414141414	0.6	"mid"
"ENSDARG00000071583"	0.135303045908891	0.698571428571429	0.7	"mid"
"ENSDARG00000071586"	0.0871769671065539	0.542727272727273	0.6	"mid"
"ENSDARG00000071589"	0.114140010768966	0.548888888888889	0.6	"mid"
"ENSDARG00000071601"	0.129973335141418	0.440909090909091	0.5	"mid"
"ENSDARG00000071644"	0.307623193229449	0.485909090909091	0.5	"mid"
"ENSDARG00000071652"	0.0934260118749711	0.351363636363636	0.4	"mid"
"ENSDARG00000071658"	0.00683709441002378	0.489166666666667	0.5	"mid"
"ENSDARG00000071669"	0.0577078731864719	0.441805555555556	0.5	"mid"
"ENSDARG00000071670"	0.0387471509017594	0.639090909090909	0.7	"mid"
"ENSDARG00000071671"	0.105755894097746	0.22521978021978	0.3	"mid"
"ENSDARG00000071673"	0.0410462703220251	0.425555555555556	0.5	"mid"
"ENSDARG00000071678"	0.031188954592798	0.318333333333333	0.4	"mid"
"ENSDARG00000071679"	0.106249486919303	0.477222222222222	0.5	"mid"
"ENSDARG00000071683"	0.10895332242791	0.180416666666667	0.2	"low"
"ENSDARG00000071684"	0.0548050821353415	0.520722222222222	0.6	"mid"
"ENSDARG00000071691"	0.129907953055229	0.150629370629371	0.2	"low"
"ENSDARG00000071694"	0.148711556880454	0.538888888888889	0.6	"mid"
"ENSDARG00000071699"	0.0788464172778736	0.584285714285714	0.6	"mid"
"ENSDARG00000071719"	0.148113385945691	0.618692307692308	0.7	"mid"
"ENSDARG00000071724"	0.0341224586788948	0.726153846153846	0.8	"mid"
"ENSDARG00000071727"	0.0483177579337997	0.661818181818182	0.7	"mid"
"ENSDARG00000071733"	0.0858572336538028	0.516666666666667	0.6	"mid"
"ENSDARG00000071860"	0.102118803181945	0.294090909090909	0.3	"mid"
"ENSDARG00000071863"	0.0518657309463944	0.820833333333333	0.9	"high"
"ENSDARG00000071871"	0.0797844549849835	0.760863636363636	0.8	"mid"
"ENSDARG00000071872"	0.0737318964227177	0.405409090909091	0.5	"mid"
"ENSDARG00000071877"	0.109745458320542	0.8675	0.9	"high"
"ENSDARG00000071878"	0.0550958063598699	0.42875	0.5	"mid"
"ENSDARG00000071879"	0.0515430408078227	0.4675	0.5	"mid"
"ENSDARG00000071881"	0.147960914107611	0.551136363636364	0.6	"mid"
"ENSDARG00000071906"	0.0762524868377282	0.444507575757576	0.5	"mid"
"ENSDARG00000073665"	0.0423086394980947	0.301805555555556	0.4	"mid"
"ENSDARG00000073684"	0.136580914891649	0.557062937062937	0.6	"mid"
"ENSDARG00000073686"	0.10860512171582	0.48	0.5	"mid"
"ENSDARG00000073688"	0.0550569665951832	0.542613636363636	0.6	"mid"
"ENSDARG00000073696"	0.0800039591004527	0.430357142857143	0.5	"mid"
"ENSDARG00000073705"	0.22090917583468	0.453333333333333	0.5	"mid"
"ENSDARG00000073710"	0.00998459878398841	0.211083333333333	0.3	"mid"
"ENSDARG00000073721"	0.0804029131388403	0.479040404040404	0.5	"mid"
"ENSDARG00000073724"	0.0938093265836623	0.145454545454545	0.2	"low"
"ENSDARG00000073728"	0.0833826751424264	0.49051948051948	0.5	"mid"
"ENSDARG00000073731"	0.0232381935018423	0.351	0.4	"mid"
"ENSDARG00000073732"	0.0338555786142259	0.491287878787879	0.5	"mid"
"ENSDARG00000073737"	0.0172317581975495	0.323472222222222	0.4	"mid"
"ENSDARG00000073738"	0.0907164562200302	0.811666666666667	0.9	"high"
"ENSDARG00000073742"	0.0907786000351247	0.737777777777778	0.8	"mid"
"ENSDARG00000073744"	0.0453544208303592	0.672222222222222	0.7	"mid"
"ENSDARG00000073756"	0.0468478070171721	0.497954545454545	0.5	"mid"
"ENSDARG00000073766"	0.040763325583045	0.638461538461538	0.7	"mid"
"ENSDARG00000073773"	0.188602796582749	0.544285714285714	0.6	"mid"
"ENSDARG00000073786"	0.144023412893172	0.570555555555555	0.6	"mid"
"ENSDARG00000073789"	0.171209498182286	0.517	0.6	"mid"
"ENSDARG00000073792"	0.0624083491297057	0.430606060606061	0.5	"mid"
"ENSDARG00000073801"	0.0606679705327678	0.476363636363636	0.5	"mid"
"ENSDARG00000073813"	0.0990297554932636	0.421666666666667	0.5	"mid"
"ENSDARG00000073837"	0.141962007190577	0.247275641025641	0.3	"mid"
"ENSDARG00000073841"	0.0231777368154241	0.734444444444444	0.8	"mid"
"ENSDARG00000073843"	0.0468621060574182	0.246153846153846	0.3	"mid"
"ENSDARG00000073845"	0.0729411373786388	0.478219696969697	0.5	"mid"
"ENSDARG00000073848"	0.0699834760663544	0.4605	0.5	"mid"
"ENSDARG00000073858"	0.182795452634474	0.44375	0.5	"mid"
"ENSDARG00000073866"	0.0808925969667341	0.3225	0.4	"mid"
"ENSDARG00000073867"	0.0835096338606188	0.366833333333333	0.4	"mid"
"ENSDARG00000073869"	0.0386911814407972	0.471	0.5	"mid"
"ENSDARG00000073870"	0.155227054213585	0.550833333333333	0.6	"mid"
"ENSDARG00000073872"	0.0232376594052414	0.462045454545455	0.5	"mid"
"ENSDARG00000073876"	0.0841022270896094	0.61219696969697	0.7	"mid"
"ENSDARG00000073883"	0.0236618920002033	0.206742424242424	0.3	"mid"
"ENSDARG00000073893"	0.0972995607449931	0.473939393939394	0.5	"mid"
"ENSDARG00000073899"	0.136352418987902	0.334	0.4	"mid"
"ENSDARG00000073905"	0.194074662419148	0.55974025974026	0.6	"mid"
"ENSDARG00000073909"	0.0299418254847745	0.689848484848485	0.7	"mid"
"ENSDARG00000073910"	0.158753251903052	0.440454545454545	0.5	"mid"
"ENSDARG00000073911"	0.0527651091002403	0.245071428571429	0.3	"mid"
"ENSDARG00000073917"	0.104408587077278	0.454166666666667	0.5	"mid"
"ENSDARG00000073923"	0.079854858920467	0.291666666666667	0.3	"mid"
"ENSDARG00000073926"	0.0778291407911565	0.180909090909091	0.2	"low"
"ENSDARG00000073931"	0.1289065367848	0.430535714285714	0.5	"mid"
"ENSDARG00000073952"	0.0513259641485434	0.332377622377622	0.4	"mid"
"ENSDARG00000073957"	0.0600785659700113	0.425454545454545	0.5	"mid"
"ENSDARG00000073962"	0.0881648401605467	0.30325	0.4	"mid"
"ENSDARG00000073970"	0.14580194408189	0.601433566433566	0.7	"mid"
"ENSDARG00000073978"	0.0657409868400002	0.723333333333333	0.8	"mid"
"ENSDARG00000073988"	0.0905094469054338	0.426414141414141	0.5	"mid"
"ENSDARG00000073997"	0.0395222835352776	0.255727272727273	0.3	"mid"
"ENSDARG00000073999"	0.035326883395239	0.467833333333333	0.5	"mid"
"ENSDARG00000074023"	0.0702746015718173	0.786772727272727	0.8	"mid"
"ENSDARG00000074050"	0.0751272404930164	0.653333333333333	0.7	"mid"
"ENSDARG00000074056"	0.0710853839939908	0.362727272727273	0.4	"mid"
"ENSDARG00000074059"	0.0589102822899918	0.380909090909091	0.4	"mid"
"ENSDARG00000074060"	0.149648940239292	0.379545454545455	0.4	"mid"
"ENSDARG00000074084"	0.0199252419129588	0.214343434343434	0.3	"mid"
"ENSDARG00000074094"	0.133506521813656	0.619230769230769	0.7	"mid"
"ENSDARG00000074121"	0.0782666510936341	0.443484848484848	0.5	"mid"
"ENSDARG00000074131"	0.0386239372977926	0.5975	0.6	"mid"
"ENSDARG00000074136"	0.151691319507371	0.85	0.9	"high"
"ENSDARG00000074143"	0.0461986396302884	0.494	0.5	"mid"
"ENSDARG00000074149"	0.0190698138828432	0.470555555555556	0.5	"mid"
"ENSDARG00000074150"	0.198922414265023	0.9665	1	"high"
"ENSDARG00000074166"	0.0321398295411296	0.616636363636364	0.7	"mid"
"ENSDARG00000074169"	0.0619365668123367	0.260681818181818	0.3	"mid"
"ENSDARG00000074182"	0.0717139719832767	0.693522727272727	0.7	"mid"
"ENSDARG00000074183"	0.0285375002114568	0.711	0.8	"mid"
"ENSDARG00000074223"	0.0743119463224353	0.531538461538462	0.6	"mid"
"ENSDARG00000074226"	0.229242731267103	0.348246753246753	0.4	"mid"
"ENSDARG00000074229"	0.068230177949665	0.474090909090909	0.5	"mid"
"ENSDARG00000074246"	0.00674752965416528	0.178454545454545	0.2	"low"
"ENSDARG00000074248"	0.153858346925044	0.598496503496504	0.6	"mid"
"ENSDARG00000074255"	0.0713937332283009	0.400454545454546	0.5	"mid"
"ENSDARG00000074266"	0.0894019839879379	0.866868686868687	0.9	"high"
"ENSDARG00000074271"	0.0615558638880525	0.529090909090909	0.6	"mid"
"ENSDARG00000074282"	0.0910686113237042	0.531666666666667	0.6	"mid"
"ENSDARG00000074283"	0.0718278603920686	0.494318181818182	0.5	"mid"
"ENSDARG00000074287"	0.0464309354104557	0.7	0.7	"mid"
"ENSDARG00000074289"	0.0365425498675014	0.835555555555556	0.9	"high"
"ENSDARG00000074301"	0.0919046470269663	0.568557692307692	0.6	"mid"
"ENSDARG00000074303"	0.0638884868878402	0.311442307692308	0.4	"mid"
"ENSDARG00000074311"	0.0240308929542874	0.32	0.4	"mid"
"ENSDARG00000074316"	0.112197060678415	0.312166666666667	0.4	"mid"
"ENSDARG00000074319"	0.0599153752099843	0.492333333333333	0.5	"mid"
"ENSDARG00000074328"	0.038336643981314	0.261666666666667	0.3	"mid"
"ENSDARG00000074331"	0.0784695249604442	0.470357142857143	0.5	"mid"
"ENSDARG00000074332"	0.0916746082477913	0.732222222222222	0.8	"mid"
"ENSDARG00000074335"	0.0616537974359238	0.773727272727273	0.8	"mid"
"ENSDARG00000074341"	0.175121820830682	0.915454545454545	1	"high"
"ENSDARG00000074356"	0.122840892907509	0.170909090909091	0.2	"low"
"ENSDARG00000074362"	0.135410665638	0.407	0.5	"mid"
"ENSDARG00000074363"	0.0263232902900828	0.487171717171717	0.5	"mid"
"ENSDARG00000074365"	0.164542592384206	0.378	0.4	"mid"
"ENSDARG00000074367"	0.00563607447521941	0.212777777777778	0.3	"mid"
"ENSDARG00000074378"	0.0459172905476177	0.868181818181818	0.9	"high"
"ENSDARG00000074381"	0.0572099581868643	0.614747474747475	0.7	"mid"
"ENSDARG00000074384"	0.0725293056279313	0.251212121212121	0.3	"mid"
"ENSDARG00000074387"	0.116534849115513	0.458766233766234	0.5	"mid"
"ENSDARG00000074390"	0.266840969810026	0.699343434343434	0.7	"mid"
"ENSDARG00000074393"	0.0546448699584805	0.587	0.6	"mid"
"ENSDARG00000074396"	0.0591164448218237	0.322727272727273	0.4	"mid"
"ENSDARG00000074410"	0.0998197742294427	0.673636363636364	0.7	"mid"
"ENSDARG00000074414"	0.0588789957538871	0.57	0.6	"mid"
"ENSDARG00000074424"	0.0885837899763563	0.435	0.5	"mid"
"ENSDARG00000074425"	0.214060398727842	0.825984848484848	0.9	"high"
"ENSDARG00000074435"	0.136042477516556	0.280555555555556	0.3	"mid"
"ENSDARG00000074441"	0.14409546079368	0.771666666666667	0.8	"mid"
"ENSDARG00000074453"	0.0478639976201181	0.418371212121212	0.5	"mid"
"ENSDARG00000074465"	0.112186070604375	0.247083333333333	0.3	"mid"
"ENSDARG00000074466"	0.140155163399913	0.608988095238095	0.7	"mid"
"ENSDARG00000074468"	0.050625745110748	0.542619047619048	0.6	"mid"
"ENSDARG00000074471"	0.0247918642019911	0.2115	0.3	"mid"
"ENSDARG00000074490"	0.0971462057030355	0.368472222222222	0.4	"mid"
"ENSDARG00000074498"	0.0541092782270463	0.399848484848485	0.4	"mid"
"ENSDARG00000074506"	0.0576292863046703	0.299409090909091	0.3	"mid"
"ENSDARG00000074508"	0.0823990320158996	0.561666666666667	0.6	"mid"
"ENSDARG00000074526"	0.0477721216816442	0.979166666666667	1	"high"
"ENSDARG00000074527"	0.0776765971240958	0.416969696969697	0.5	"mid"
"ENSDARG00000074533"	0.0797786139531342	0.615694444444445	0.7	"mid"
"ENSDARG00000074540"	0.0519691251978839	0.603333333333333	0.7	"mid"
"ENSDARG00000074547"	0.219160098765715	0.446363636363636	0.5	"mid"
"ENSDARG00000074552"	0.0291467654826031	0.251428571428571	0.3	"mid"
"ENSDARG00000074554"	0.050639367894723	0.468727272727273	0.5	"mid"
"ENSDARG00000074556"	0.111132364821349	0.651818181818182	0.7	"mid"
"ENSDARG00000074560"	0.066270474405694	0.426818181818182	0.5	"mid"
"ENSDARG00000074565"	0.119233032270951	0.283535353535354	0.3	"mid"
"ENSDARG00000074572"	0.0465889986580202	0.311227272727273	0.4	"mid"
"ENSDARG00000074575"	0.115846337201715	0.493333333333333	0.5	"mid"
"ENSDARG00000074581"	0.047219033770233	0.472727272727273	0.5	"mid"
"ENSDARG00000074588"	0.125276614593226	0.478675213675214	0.5	"mid"
"ENSDARG00000074589"	0.0699498051402486	0.679272727272727	0.7	"mid"
"ENSDARG00000074590"	0.182335683075586	0.432	0.5	"mid"
"ENSDARG00000074611"	0.0345421860015547	0.229166666666667	0.3	"mid"
"ENSDARG00000074613"	0.219160098765715	0.786818181818182	0.8	"mid"
"ENSDARG00000074617"	0.0763920824794563	0.476363636363636	0.5	"mid"
"ENSDARG00000074623"	0.121103902267488	0.577727272727273	0.6	"mid"
"ENSDARG00000074628"	0.13023421445742	0.479	0.5	"mid"
"ENSDARG00000074633"	0.20006933428752	0.587272727272727	0.6	"mid"
"ENSDARG00000074634"	0.0269723472710634	0.435615384615385	0.5	"mid"
"ENSDARG00000074635"	0.0435606329933658	0.695757575757576	0.7	"mid"
"ENSDARG00000074653"	0.176215288360353	0.630050505050505	0.7	"mid"
"ENSDARG00000074656"	0.0957346904103971	0.690324675324675	0.7	"mid"
"ENSDARG00000074663"	0.0501158273906513	0.644646464646465	0.7	"mid"
"ENSDARG00000074667"	0.0900397694986823	0.550909090909091	0.6	"mid"
"ENSDARG00000074671"	0.0304447314738572	0.444545454545455	0.5	"mid"
"ENSDARG00000074675"	0.0333579567627775	0.544090909090909	0.6	"mid"
"ENSDARG00000074680"	0.0551650921864133	0.45	0.5	"mid"
"ENSDARG00000074686"	0.0375716886839254	0.525045454545455	0.6	"mid"
"ENSDARG00000074688"	0.101504864249144	0.402020202020202	0.5	"mid"
"ENSDARG00000074691"	0.173945432334878	0.453333333333333	0.5	"mid"
"ENSDARG00000074695"	0.113658974975213	0.631666666666667	0.7	"mid"
"ENSDARG00000074703"	0.0719097345650531	0.343181818181818	0.4	"mid"
"ENSDARG00000074720"	0.0818913940286465	0.36520202020202	0.4	"mid"
"ENSDARG00000074726"	0.116389605290153	0.471	0.5	"mid"
"ENSDARG00000074727"	0.0933336557964622	0.270535714285714	0.3	"mid"
"ENSDARG00000074730"	0.0972975545037459	0.396439393939394	0.4	"mid"
"ENSDARG00000074752"	0.0472412820873091	0.926181818181818	1	"high"
"ENSDARG00000074754"	0.0871055735954793	0.893106060606061	0.9	"high"
"ENSDARG00000074756"	0.232253559743293	0.296515151515152	0.3	"mid"
"ENSDARG00000074757"	0.0786781468846955	0.322954545454545	0.4	"mid"
"ENSDARG00000074759"	0.0443899782593854	0.213690476190476	0.3	"mid"
"ENSDARG00000074763"	0.118359370672088	0.494615384615385	0.5	"mid"
"ENSDARG00000074772"	0.0886478786814381	0.627272727272727	0.7	"mid"
"ENSDARG00000074773"	0.0474718953770071	0.544545454545455	0.6	"mid"
"ENSDARG00000074782"	0.178455259187932	0.556136363636364	0.6	"mid"
"ENSDARG00000074790"	0.0704206138922843	0.330136363636364	0.4	"mid"
"ENSDARG00000074791"	0.105150674084564	0.3825	0.4	"mid"
"ENSDARG00000074804"	0.128006089930044	0.56125	0.6	"mid"
"ENSDARG00000074807"	0.165598457237437	0.58875	0.6	"mid"
"ENSDARG00000074815"	0.156025500520707	0.365699300699301	0.4	"mid"
"ENSDARG00000074819"	0.125869421176209	0.561111111111111	0.6	"mid"
"ENSDARG00000074829"	0.0466890631313554	0.642777777777778	0.7	"mid"
"ENSDARG00000074836"	0.101653792900648	0.438461538461538	0.5	"mid"
"ENSDARG00000074842"	0.0640156277316492	0.664141414141414	0.7	"mid"
"ENSDARG00000074843"	0.0720371896550472	0.313181818181818	0.4	"mid"
"ENSDARG00000074844"	0.307623193229449	0.41	0.5	"mid"
"ENSDARG00000074846"	0.0967986175242165	0.396993006993007	0.4	"mid"
"ENSDARG00000074848"	0.0494553325365637	0.3815	0.4	"mid"
"ENSDARG00000074849"	0.0472443248962777	0.318181818181818	0.4	"mid"
"ENSDARG00000074851"	0.0776768555798643	0.22489898989899	0.3	"mid"
"ENSDARG00000074858"	0.067513801675697	0.441818181818182	0.5	"mid"
"ENSDARG00000074866"	0.0551976656674801	0.439583333333333	0.5	"mid"
"ENSDARG00000074869"	0.258633870250758	0.610643939393939	0.7	"mid"
"ENSDARG00000074889"	0.0958020387446018	0.352474747474747	0.4	"mid"
"ENSDARG00000074892"	0.0222552752476892	0.480227272727273	0.5	"mid"
"ENSDARG00000074894"	0.0667837479616448	0.4245	0.5	"mid"
"ENSDARG00000074895"	0.115223862486135	0.368686868686869	0.4	"mid"
"ENSDARG00000074904"	0.115329097162043	0.495909090909091	0.5	"mid"
"ENSDARG00000074908"	0.0932859799800866	0.54	0.6	"mid"
"ENSDARG00000074927"	0.120238946751847	0.306616161616162	0.4	"mid"
"ENSDARG00000074947"	0.124478954862148	0.5775	0.6	"mid"
"ENSDARG00000074955"	0.0800456402466357	0.185	0.2	"low"
"ENSDARG00000074967"	0.0511060166748867	0.137590909090909	0.2	"low"
"ENSDARG00000074979"	0.101627154867311	0.577159090909091	0.6	"mid"
"ENSDARG00000074985"	0.122335836890139	0.471410256410256	0.5	"mid"
"ENSDARG00000074989"	0.0955211132996934	0.33175	0.4	"mid"
"ENSDARG00000074996"	0.0794414777193042	0.401818181818182	0.5	"mid"
"ENSDARG00000075007"	0.0277616779871914	0.405318181818182	0.5	"mid"
"ENSDARG00000075015"	0.208480476205077	0.850909090909091	0.9	"high"
"ENSDARG00000075017"	0.113451555615698	0.794285714285714	0.8	"mid"
"ENSDARG00000075025"	0.0615245683187955	0.364206349206349	0.4	"mid"
"ENSDARG00000075030"	0.0382248094744926	0.333253968253968	0.4	"mid"
"ENSDARG00000075033"	0.0993161641583405	0.346464646464646	0.4	"mid"
"ENSDARG00000075034"	0.122315113712238	0.4575	0.5	"mid"
"ENSDARG00000075048"	0.0968077642688167	0.437045454545455	0.5	"mid"
"ENSDARG00000075053"	0.13734157542603	0.733409090909091	0.8	"mid"
"ENSDARG00000075057"	0.142995075367873	0.23	0.3	"mid"
"ENSDARG00000075072"	0.122166322169242	0.277777777777778	0.3	"mid"
"ENSDARG00000075083"	0.0851383057076078	0.338	0.4	"mid"
"ENSDARG00000075092"	0.166984538123816	0.357	0.4	"mid"
"ENSDARG00000075110"	0.0315043791847118	0.2525	0.3	"mid"
"ENSDARG00000075121"	0.105653824288147	0.645590909090909	0.7	"mid"
"ENSDARG00000075123"	0.151360523861694	0.399444444444444	0.4	"mid"
"ENSDARG00000075129"	0.0689540028579976	0.33125	0.4	"mid"
"ENSDARG00000075133"	0.0635693365955581	0.49	0.5	"mid"
"ENSDARG00000075143"	0.127552070000012	0.565694444444444	0.6	"mid"
"ENSDARG00000075151"	0.096573725181744	0.608506493506493	0.7	"mid"
"ENSDARG00000075161"	0.108748757639788	0.701666666666667	0.8	"mid"
"ENSDARG00000075164"	0.105185222641038	0.684204545454545	0.7	"mid"
"ENSDARG00000075169"	0.0651226506076707	0.461818181818182	0.5	"mid"
"ENSDARG00000075172"	0.0680049595122456	0.739423076923077	0.8	"mid"
"ENSDARG00000075177"	0.214949190849809	0.835454545454545	0.9	"high"
"ENSDARG00000075178"	0.0917974416571223	0.508636363636364	0.6	"mid"
"ENSDARG00000075192"	0.0553176698190412	0.349090909090909	0.4	"mid"
"ENSDARG00000075194"	0.0987582936740114	0.525714285714286	0.6	"mid"
"ENSDARG00000075206"	0.221618455253924	0.563888888888889	0.6	"mid"
"ENSDARG00000075222"	0.115612022880158	0.346306818181818	0.4	"mid"
"ENSDARG00000075245"	0.0412087215893619	0.42675	0.5	"mid"
"ENSDARG00000075252"	0.131623997795464	0.217350427350427	0.3	"mid"
"ENSDARG00000075253"	0.0511384275997578	0.230454545454545	0.3	"mid"
"ENSDARG00000075261"	0.0715618803812656	0.681333333333333	0.7	"mid"
"ENSDARG00000075281"	0.0561973145048785	0.4	0.4	"mid"
"ENSDARG00000075282"	0.0754831891573138	0.923333333333333	1	"high"
"ENSDARG00000075297"	0.0669465214355451	0.2335	0.3	"mid"
"ENSDARG00000075314"	0.172764010346724	0.565714285714286	0.6	"mid"
"ENSDARG00000075325"	0.107203265986997	0.821022727272727	0.9	"high"
"ENSDARG00000075331"	0.117250159523485	0.511948051948052	0.6	"mid"
"ENSDARG00000075333"	0.0364754771532026	0.226363636363636	0.3	"mid"
"ENSDARG00000075340"	0.0653416294131238	0.415	0.5	"mid"
"ENSDARG00000075343"	0.211739255332795	0.470151515151515	0.5	"mid"
"ENSDARG00000075346"	0.0896522656120493	0.466333333333333	0.5	"mid"
"ENSDARG00000075347"	0.0761002307086282	0.283636363636364	0.3	"mid"
"ENSDARG00000075354"	0.1677575097075	0.610299145299145	0.7	"mid"
"ENSDARG00000075369"	0.0295400741639302	0.267214285714286	0.3	"mid"
"ENSDARG00000075380"	0.0759490679449351	0.591666666666667	0.6	"mid"
"ENSDARG00000075382"	0.0412402829364996	0.412727272727273	0.5	"mid"
"ENSDARG00000075395"	0.0893292115467418	0.213939393939394	0.3	"mid"
"ENSDARG00000075405"	0.0816422495245543	0.376545454545455	0.4	"mid"
"ENSDARG00000075416"	0.165143515531049	0.21	0.3	"mid"
"ENSDARG00000075422"	0.0845633560872137	0.701954545454545	0.8	"mid"
"ENSDARG00000075433"	0.114396861138735	0.599431818181818	0.6	"mid"
"ENSDARG00000075435"	0.159786433055555	0.319126984126984	0.4	"mid"
"ENSDARG00000075436"	0.130783190028528	0.6275	0.7	"mid"
"ENSDARG00000075437"	0.0299480293617185	0.387020202020202	0.4	"mid"
"ENSDARG00000075445"	0.0326825961469521	0.221818181818182	0.3	"mid"
"ENSDARG00000075446"	0.0684653072708042	0.45325	0.5	"mid"
"ENSDARG00000075450"	0.0461529520173872	0.50344696969697	0.6	"mid"
"ENSDARG00000075456"	0.0161322796071824	0.627727272727273	0.7	"mid"
"ENSDARG00000075467"	0.05196134854977	0.534772727272727	0.6	"mid"
"ENSDARG00000075468"	0.155129162570492	0.453712121212121	0.5	"mid"
"ENSDARG00000075470"	0.164542592384206	0.479431818181818	0.5	"mid"
"ENSDARG00000075504"	0.128920785393324	0.494583333333333	0.5	"mid"
"ENSDARG00000075509"	0.0808399928530128	0.442649572649573	0.5	"mid"
"ENSDARG00000075521"	0.0981746313670415	0.512727272727273	0.6	"mid"
"ENSDARG00000075528"	0.0968341922356007	0.443416666666667	0.5	"mid"
"ENSDARG00000075536"	0.0821508297323364	0.111666666666667	0.2	"low"
"ENSDARG00000075543"	0.0341001928706042	0.342007575757576	0.4	"mid"
"ENSDARG00000075549"	0.0938887313373287	0.4335	0.5	"mid"
"ENSDARG00000075557"	0.0996523651507528	0.59625	0.6	"mid"
"ENSDARG00000075569"	0.0997003809685419	0.778454545454546	0.8	"mid"
"ENSDARG00000075570"	0.0425038913153002	0.613787878787879	0.7	"mid"
"ENSDARG00000075592"	0.0632924285624007	0.356616161616162	0.4	"mid"
"ENSDARG00000075593"	0.026781440093819	0.433181818181818	0.5	"mid"
"ENSDARG00000075612"	0.0646061472180164	0.302222222222222	0.4	"mid"
"ENSDARG00000075616"	0.0822916894851163	0.877916666666667	0.9	"high"
"ENSDARG00000075618"	0.0814491942359767	0.526010101010101	0.6	"mid"
"ENSDARG00000075619"	0.248352724436776	0.354	0.4	"mid"
"ENSDARG00000075621"	0.130838231107973	0.585909090909091	0.6	"mid"
"ENSDARG00000075625"	0.0678099856746584	0.275494505494505	0.3	"mid"
"ENSDARG00000075643"	0.185305468626202	0.428181818181818	0.5	"mid"
"ENSDARG00000075650"	0.0429712034669687	0.459505494505494	0.5	"mid"
"ENSDARG00000075672"	0.0640313824216815	0.31469696969697	0.4	"mid"
"ENSDARG00000075673"	0.0836166643011231	0.309365079365079	0.4	"mid"
"ENSDARG00000075677"	0.0691882621007415	0.500181818181818	0.6	"mid"
"ENSDARG00000075682"	0.139504219840953	0.724611111111111	0.8	"mid"
"ENSDARG00000075687"	0.0614746237632861	0.500416666666667	0.6	"mid"
"ENSDARG00000075707"	0.108511518056113	0.557012987012987	0.6	"mid"
"ENSDARG00000075709"	0.165985685993297	0.820138888888889	0.9	"high"
"ENSDARG00000075718"	0.114424877378953	0.690416666666667	0.7	"mid"
"ENSDARG00000075721"	0.0594759157966456	0.268181818181818	0.3	"mid"
"ENSDARG00000075726"	0.0839204390384471	0.564363636363636	0.6	"mid"
"ENSDARG00000075730"	0.084913108108086	0.6	0.6	"mid"
"ENSDARG00000075733"	0.0640567650968597	0.733383838383838	0.8	"mid"
"ENSDARG00000075735"	0.0381689025569399	0.485	0.5	"mid"
"ENSDARG00000075743"	0.0907501140585978	0.205357142857143	0.3	"mid"
"ENSDARG00000075747"	0.129140957515201	0.427179487179487	0.5	"mid"
"ENSDARG00000075748"	0.0877305076972533	0.865178571428571	0.9	"high"
"ENSDARG00000075752"	0.0582459405739706	0.623636363636364	0.7	"mid"
"ENSDARG00000075754"	0.0530951185772758	0.455	0.5	"mid"
"ENSDARG00000075757"	0.108810919247504	0.678825757575757	0.7	"mid"
"ENSDARG00000075759"	0.0427747371210552	0.209384615384615	0.3	"mid"
"ENSDARG00000075766"	0.13734157542603	0.69	0.7	"mid"
"ENSDARG00000075768"	0.0223944650193357	0.782727272727273	0.8	"mid"
"ENSDARG00000075774"	0.0610603430180788	0.305727272727273	0.4	"mid"
"ENSDARG00000075793"	0.0465716424853332	0.325	0.4	"mid"
"ENSDARG00000075795"	0.147441253214807	0.478333333333333	0.5	"mid"
"ENSDARG00000075798"	0.0705475816075423	0.193333333333333	0.2	"low"
"ENSDARG00000075800"	0.0934976194860221	0.54979797979798	0.6	"mid"
"ENSDARG00000075824"	0.0731355976046369	0.37875	0.4	"mid"
"ENSDARG00000075825"	0.179589538926496	0.406363636363636	0.5	"mid"
"ENSDARG00000075826"	0.0788250551615897	0.510974025974026	0.6	"mid"
"ENSDARG00000075827"	0.129236798233143	0.748	0.8	"mid"
"ENSDARG00000075831"	0.0355369153073903	0.333611111111111	0.4	"mid"
"ENSDARG00000075834"	0.114071954926511	0.3475	0.4	"mid"
"ENSDARG00000075842"	0.0488320156560102	0.564305555555556	0.6	"mid"
"ENSDARG00000075849"	0.0683144220123031	0.533181818181818	0.6	"mid"
"ENSDARG00000075857"	0.0669777115823898	0.68625	0.7	"mid"
"ENSDARG00000075881"	0.0709593477254527	0.945818181818182	1	"high"
"ENSDARG00000075883"	0.0198704892693096	0.936262626262626	1	"high"
"ENSDARG00000075887"	0.0574318547107497	0.354615384615385	0.4	"mid"
"ENSDARG00000075892"	0.0685966130933458	0.304642857142857	0.4	"mid"
"ENSDARG00000075933"	0.0617203779569808	0.565769230769231	0.6	"mid"
"ENSDARG00000075954"	0.0620004886873139	0.372083333333333	0.4	"mid"
"ENSDARG00000075962"	0.0586868189402846	0.350769230769231	0.4	"mid"
"ENSDARG00000075964"	0.0967498439788209	0.538181818181818	0.6	"mid"
"ENSDARG00000075972"	0.0378540510135012	0.562857142857143	0.6	"mid"
"ENSDARG00000075989"	0.0218325615653762	0.178888888888889	0.2	"low"
"ENSDARG00000075993"	0.0597109010275178	0.76469696969697	0.8	"mid"
"ENSDARG00000076002"	0.069940293640015	0.397342657342657	0.4	"mid"
"ENSDARG00000076004"	0.0724684448823906	0.358181818181818	0.4	"mid"
"ENSDARG00000076011"	0.0712788635853521	0.655	0.7	"mid"
"ENSDARG00000076014"	0.0303586813809537	0.264285714285714	0.3	"mid"
"ENSDARG00000076017"	0.175090526034439	0.429772727272727	0.5	"mid"
"ENSDARG00000076020"	0.113950187670571	0.656666666666667	0.7	"mid"
"ENSDARG00000076025"	0.0535537267469232	0.575	0.6	"mid"
"ENSDARG00000076058"	0.102849892280831	0.551888888888889	0.6	"mid"
"ENSDARG00000076060"	0.0342239536121405	0.391818181818182	0.4	"mid"
"ENSDARG00000076066"	0.0246930756603351	0.2755	0.3	"mid"
"ENSDARG00000076074"	0.0360377695500593	0.409924242424242	0.5	"mid"
"ENSDARG00000076092"	0.166648208907336	0.512222222222222	0.6	"mid"
"ENSDARG00000076120"	0.0385840582099995	0.395454545454545	0.4	"mid"
"ENSDARG00000076128"	0.0192137262870314	0.639206349206349	0.7	"mid"
"ENSDARG00000076143"	0.0300955919025238	0.38775	0.4	"mid"
"ENSDARG00000076153"	0.164370617140448	0.565	0.6	"mid"
"ENSDARG00000076155"	0.108591870299958	0.349646464646465	0.4	"mid"
"ENSDARG00000076163"	0.0459167058949747	0.577	0.6	"mid"
"ENSDARG00000076169"	0.0958760270446181	0.493076923076923	0.5	"mid"
"ENSDARG00000076171"	0.0604725696306263	0.334242424242424	0.4	"mid"
"ENSDARG00000076176"	0.115513423101644	0.265795454545455	0.3	"mid"
"ENSDARG00000076179"	0.0466747257447849	0.5275	0.6	"mid"
"ENSDARG00000076182"	0.0655752299669792	0.831272727272727	0.9	"high"
"ENSDARG00000076189"	0.0877503575049885	0.448333333333333	0.5	"mid"
"ENSDARG00000076221"	0.0821756641610152	0.818692307692308	0.9	"high"
"ENSDARG00000076223"	0.025136010228361	0.367	0.4	"mid"
"ENSDARG00000076225"	0.0904396228640578	0.686439393939394	0.7	"mid"
"ENSDARG00000076227"	0.0535727396337116	0.577777777777778	0.6	"mid"
"ENSDARG00000076228"	0.0882747126220207	0.488650793650794	0.5	"mid"
"ENSDARG00000076230"	0.104327120741008	0.687272727272727	0.7	"mid"
"ENSDARG00000076238"	0.138470865616467	0.571161616161616	0.6	"mid"
"ENSDARG00000076239"	0.0998624454673752	0.607166666666667	0.7	"mid"
"ENSDARG00000076241"	0.0587696565062336	0.708416666666667	0.8	"mid"
"ENSDARG00000076272"	0.164542592384206	0.340448717948718	0.4	"mid"
"ENSDARG00000076280"	0.0893548470629126	0.74	0.8	"mid"
"ENSDARG00000076283"	0.00343865321415609	0.552638888888889	0.6	"mid"
"ENSDARG00000076290"	0.0444433526327738	0.421666666666667	0.5	"mid"
"ENSDARG00000076296"	0.109703277679927	0.314350649350649	0.4	"mid"
"ENSDARG00000076297"	0.076941457883083	0.4075	0.5	"mid"
"ENSDARG00000076302"	0.0243416411134388	0.618472222222222	0.7	"mid"
"ENSDARG00000076317"	0.05288113676268	0.386666666666667	0.4	"mid"
"ENSDARG00000076318"	0.0255553098821612	0.252863636363636	0.3	"mid"
"ENSDARG00000076320"	0.11070720448287	0.448977272727273	0.5	"mid"
"ENSDARG00000076330"	0.110149757530727	0.395444444444444	0.4	"mid"
"ENSDARG00000076334"	0.0990060236268469	0.581666666666667	0.6	"mid"
"ENSDARG00000076351"	0.0669777758636914	0.51	0.6	"mid"
"ENSDARG00000076360"	0.230680184238227	0.470559440559441	0.5	"mid"
"ENSDARG00000076362"	0.103341406019119	0.6295	0.7	"mid"
"ENSDARG00000076364"	0.0416976505992916	0.219444444444444	0.3	"mid"
"ENSDARG00000076379"	0.161169856257669	0.265444444444444	0.3	"mid"
"ENSDARG00000076386"	0.191185689751988	0.557090909090909	0.6	"mid"
"ENSDARG00000076401"	0.0216946765818874	0.484206349206349	0.5	"mid"
"ENSDARG00000076406"	0.127101117323377	0.537916666666667	0.6	"mid"
"ENSDARG00000076420"	0.0837238838272869	0.809090909090909	0.9	"high"
"ENSDARG00000076425"	0.0996387656791931	0.834545454545455	0.9	"high"
"ENSDARG00000076435"	0.0684120941061929	0.484055944055944	0.5	"mid"
"ENSDARG00000076437"	0.182861476177946	0.539090909090909	0.6	"mid"
"ENSDARG00000076439"	0.0027815411120841	0.646955128205128	0.7	"mid"
"ENSDARG00000076443"	0.0736530126340286	0.369	0.4	"mid"
"ENSDARG00000076448"	0.168832729399958	0.742083333333333	0.8	"mid"
"ENSDARG00000076472"	0.0567262542236354	0.609040404040404	0.7	"mid"
"ENSDARG00000076473"	0.0292438667455879	0.435	0.5	"mid"
"ENSDARG00000076474"	0.166205479731789	0.588571428571429	0.6	"mid"
"ENSDARG00000076484"	0.12819909512011	0.45125	0.5	"mid"
"ENSDARG00000076486"	0.0909543701813242	0.425656565656566	0.5	"mid"
"ENSDARG00000076490"	0.0905711537578772	0.488391608391608	0.5	"mid"
"ENSDARG00000076509"	0.00888515703781676	0.105833333333333	0.2	"low"
"ENSDARG00000076518"	0.0517781368384634	0.620833333333333	0.7	"mid"
"ENSDARG00000076520"	0.0275540338729992	0.926666666666667	1	"high"
"ENSDARG00000076542"	0.151315434574456	0.338611111111111	0.4	"mid"
"ENSDARG00000076552"	0.0867382185240642	0.490555555555556	0.5	"mid"
"ENSDARG00000076559"	0.0581393303963142	0.374285714285714	0.4	"mid"
"ENSDARG00000076563"	0.126013722385544	0.707272727272727	0.8	"mid"
"ENSDARG00000076566"	0.0952212534540442	0.400714285714286	0.5	"mid"
"ENSDARG00000076584"	0.0364785268555916	0.298068181818182	0.3	"mid"
"ENSDARG00000076590"	0.0811512882488724	0.606153846153846	0.7	"mid"
"ENSDARG00000076602"	0.0733634526979591	0.426583333333333	0.5	"mid"
"ENSDARG00000076609"	0.198538980057019	0.75875	0.8	"mid"
"ENSDARG00000076618"	0.0597640593591421	0.592272727272727	0.6	"mid"
"ENSDARG00000076624"	0.140887841123842	0.533257575757576	0.6	"mid"
"ENSDARG00000076627"	0.0343944066710731	0.296298701298701	0.3	"mid"
"ENSDARG00000076659"	0.091717876185883	0.751666666666667	0.8	"mid"
"ENSDARG00000076679"	0.151381953946747	0.5425	0.6	"mid"
"ENSDARG00000076689"	0.040012728393685	0.370416666666667	0.4	"mid"
"ENSDARG00000076729"	0.0469787852185925	0.486818181818182	0.5	"mid"
"ENSDARG00000076735"	0.1197834708356	0.660606060606061	0.7	"mid"
"ENSDARG00000076742"	0.0164439867013507	0.313636363636364	0.4	"mid"
"ENSDARG00000076752"	0.12527848523944	0.421818181818182	0.5	"mid"
"ENSDARG00000076754"	0.0376189487664625	0.323333333333333	0.4	"mid"
"ENSDARG00000076755"	0.110676136489748	0.56	0.6	"mid"
"ENSDARG00000076763"	0.0455330339088575	0.567083333333333	0.6	"mid"
"ENSDARG00000076780"	0.092725155222623	0.957222222222222	1	"high"
"ENSDARG00000076781"	0.114960632167681	0.436388888888889	0.5	"mid"
"ENSDARG00000076796"	0.0174305171462477	0.352348484848485	0.4	"mid"
"ENSDARG00000076799"	0.0403140295543695	0.641666666666667	0.7	"mid"
"ENSDARG00000076801"	0.0704207737740261	0.415	0.5	"mid"
"ENSDARG00000076805"	0.0530154931253029	0.546893939393939	0.6	"mid"
"ENSDARG00000076811"	0.0644801753593627	0.625909090909091	0.7	"mid"
"ENSDARG00000076820"	0.155221393176909	0.405555555555556	0.5	"mid"
"ENSDARG00000076828"	0.18900426253554	0.921	1	"high"
"ENSDARG00000076830"	0.140643649481035	0.832727272727273	0.9	"high"
"ENSDARG00000076831"	0.161701454700189	0.384545454545455	0.4	"mid"
"ENSDARG00000076833"	0.109869548588567	0.400833333333333	0.5	"mid"
"ENSDARG00000076834"	0.0381155962650583	0.316666666666667	0.4	"mid"
"ENSDARG00000076836"	0.0993484989600506	0.653863636363636	0.7	"mid"
"ENSDARG00000076847"	0.112363742474798	0.60725	0.7	"mid"
"ENSDARG00000076848"	0.177540021557867	0.673	0.7	"mid"
"ENSDARG00000076853"	0.173920510963174	0.504772727272727	0.6	"mid"
"ENSDARG00000076856"	0.0724870165346066	0.501282051282051	0.6	"mid"
"ENSDARG00000076858"	0.0497468568711198	0.911272727272727	1	"high"
"ENSDARG00000076861"	0.123631711589175	0.5025	0.6	"mid"
"ENSDARG00000076862"	0.107117513715312	0.576666666666667	0.6	"mid"
"ENSDARG00000076867"	0.0992290734466903	0.888571428571429	0.9	"high"
"ENSDARG00000076873"	0.0968447363036684	0.420138888888889	0.5	"mid"
"ENSDARG00000076888"	0.0643729396805009	0.625454545454545	0.7	"mid"
"ENSDARG00000076891"	0.0664331732701647	0.327727272727273	0.4	"mid"
"ENSDARG00000076895"	0.0466672352277721	0.536	0.6	"mid"
"ENSDARG00000076899"	0.0776832954953168	0.3775	0.4	"mid"
"ENSDARG00000076913"	0.134350593104214	0.465707070707071	0.5	"mid"
"ENSDARG00000076919"	0.125186970333976	0.428333333333333	0.5	"mid"
"ENSDARG00000076920"	0.0627343350217047	0.638181818181818	0.7	"mid"
"ENSDARG00000076924"	0.0953852316681723	0.470178571428571	0.5	"mid"
"ENSDARG00000076933"	0.0695970276841836	0.421	0.5	"mid"
"ENSDARG00000076934"	0.152698985640881	0.3625	0.4	"mid"
"ENSDARG00000076939"	0.123775964450826	0.434015151515151	0.5	"mid"
"ENSDARG00000076962"	0.102740473471869	0.244722222222222	0.3	"mid"
"ENSDARG00000076966"	0.0762544366640993	0.309090909090909	0.4	"mid"
"ENSDARG00000076972"	0.199943728131165	0.574090909090909	0.6	"mid"
"ENSDARG00000076980"	0.0739077917470464	0.242727272727273	0.3	"mid"
"ENSDARG00000077004"	0.052617644884341	0.488181818181818	0.5	"mid"
"ENSDARG00000077012"	0.0387433862363915	0.353863636363636	0.4	"mid"
"ENSDARG00000077013"	0.0864307084484652	0.3545	0.4	"mid"
"ENSDARG00000077018"	0.05683914067682	0.5	0.5	"mid"
"ENSDARG00000077037"	0.0339450025858464	0.151818181818182	0.2	"low"
"ENSDARG00000077038"	0.0747007696229224	0.260090909090909	0.3	"mid"
"ENSDARG00000077039"	0.142520296546839	0.202929292929293	0.3	"mid"
"ENSDARG00000077044"	0.0910650098185622	0.483181818181818	0.5	"mid"
"ENSDARG00000077060"	0.13903571473032	0.264583333333333	0.3	"mid"
"ENSDARG00000077075"	0.0450130368965182	0.412792207792208	0.5	"mid"
"ENSDARG00000077078"	0.148113385945691	0.47458041958042	0.5	"mid"
"ENSDARG00000077081"	0.073934905780561	0.453143939393939	0.5	"mid"
"ENSDARG00000077085"	0.148113385945691	0.306666666666667	0.4	"mid"
"ENSDARG00000077093"	0.0958852278138372	0.490833333333333	0.5	"mid"
"ENSDARG00000077101"	0.0782495616909541	0.777	0.8	"mid"
"ENSDARG00000077116"	0.0891952469594273	0.407777777777778	0.5	"mid"
"ENSDARG00000077119"	0.0853950278437191	0.395666666666667	0.4	"mid"
"ENSDARG00000077121"	0.0228490118324585	0.594583333333333	0.6	"mid"
"ENSDARG00000077126"	0.0206674721067665	0.495714285714286	0.5	"mid"
"ENSDARG00000077130"	0.0974893361597927	0.343636363636364	0.4	"mid"
"ENSDARG00000077138"	0.219058168609269	0.608051948051948	0.7	"mid"
"ENSDARG00000077139"	0.173448358932925	0.539431818181818	0.6	"mid"
"ENSDARG00000077143"	0.0650964180018407	0.263333333333333	0.3	"mid"
"ENSDARG00000077151"	0.027903434353182	0.470555555555556	0.5	"mid"
"ENSDARG00000077155"	0.170225090616889	0.537337662337662	0.6	"mid"
"ENSDARG00000077169"	0.107058918564024	0.964285714285714	1	"high"
"ENSDARG00000077176"	0.139494921898595	0.661111111111111	0.7	"mid"
"ENSDARG00000077201"	0.121116202718948	0.729	0.8	"mid"
"ENSDARG00000077202"	0.125480506140577	0.398	0.4	"mid"
"ENSDARG00000077215"	0.0783857293055824	0.189230769230769	0.2	"low"
"ENSDARG00000077226"	0.0168244469499749	0.459722222222222	0.5	"mid"
"ENSDARG00000077228"	0.0425672824288989	0.486	0.5	"mid"
"ENSDARG00000077231"	0.11748149222918	0.49	0.5	"mid"
"ENSDARG00000077236"	0.0946363862545181	0.772727272727273	0.8	"mid"
"ENSDARG00000077239"	0.14246290496422	0.92	1	"high"
"ENSDARG00000077248"	0.100506301276674	0.419027777777778	0.5	"mid"
"ENSDARG00000077253"	0.0841267736175881	0.585545454545455	0.6	"mid"
"ENSDARG00000077256"	0.0619228605041774	0.300277777777778	0.4	"mid"
"ENSDARG00000077257"	0.138578082000239	0.638863636363636	0.7	"mid"
"ENSDARG00000077261"	0.0619778025262227	0.515	0.6	"mid"
"ENSDARG00000077264"	0.0919785545771741	0.608257575757576	0.7	"mid"
"ENSDARG00000077265"	0.159706295792361	0.496414141414141	0.5	"mid"
"ENSDARG00000077285"	0.110736210451548	0.308888888888889	0.4	"mid"
"ENSDARG00000077293"	0.103111244556651	0.7325	0.8	"mid"
"ENSDARG00000077297"	0.0957021891297068	0.601428571428571	0.7	"mid"
"ENSDARG00000077298"	0.0610233372917308	0.6275	0.7	"mid"
"ENSDARG00000077299"	0.0977088346285104	0.423611111111111	0.5	"mid"
"ENSDARG00000077300"	0.113350893695074	0.482083333333333	0.5	"mid"
"ENSDARG00000077306"	0.0727169192452857	0.834444444444444	0.9	"high"
"ENSDARG00000077307"	0.114337177232282	0.458181818181818	0.5	"mid"
"ENSDARG00000077317"	0.0500006852275199	0.382222222222222	0.4	"mid"
"ENSDARG00000077326"	0.0609075599117807	0.6325	0.7	"mid"
"ENSDARG00000077329"	0.0125091816065758	0.536805555555556	0.6	"mid"
"ENSDARG00000077339"	0.083176252134048	0.470863636363636	0.5	"mid"
"ENSDARG00000077353"	0.0303204236455085	0.52325	0.6	"mid"
"ENSDARG00000077360"	0.0821756641610152	0.637272727272727	0.7	"mid"
"ENSDARG00000077361"	0.0665060093995508	0.357638888888889	0.4	"mid"
"ENSDARG00000077368"	0.0497055917250841	0.502142857142857	0.6	"mid"
"ENSDARG00000077396"	0.0608676257298989	0.740238095238095	0.8	"mid"
"ENSDARG00000077409"	0.0898414166927093	0.461111111111111	0.5	"mid"
"ENSDARG00000077410"	0.122303577346608	0.347590909090909	0.4	"mid"
"ENSDARG00000077414"	0.0920635372520939	0.287272727272727	0.3	"mid"
"ENSDARG00000077419"	0.15415913720894	0.433636363636364	0.5	"mid"
"ENSDARG00000077434"	0.0374643323536008	0.306883116883117	0.4	"mid"
"ENSDARG00000077442"	0.0609652460382641	0.42	0.5	"mid"
"ENSDARG00000077461"	0.112055863799606	0.446666666666667	0.5	"mid"
"ENSDARG00000077465"	0.0679352058619456	0.444166666666667	0.5	"mid"
"ENSDARG00000077467"	0.0299541778778233	0.5475	0.6	"mid"
"ENSDARG00000077469"	0.0633615813266035	0.528535353535354	0.6	"mid"
"ENSDARG00000077471"	0.0854874043351627	0.328	0.4	"mid"
"ENSDARG00000077473"	0.069961687938106	0.785681818181818	0.8	"mid"
"ENSDARG00000077492"	0.0416658182435074	0.556805555555556	0.6	"mid"
"ENSDARG00000077495"	0.0434853936972611	0.758461538461538	0.8	"mid"
"ENSDARG00000077513"	0.105784631352975	0.360512820512821	0.4	"mid"
"ENSDARG00000077515"	0.0843389697700011	0.485448717948718	0.5	"mid"
"ENSDARG00000077516"	0.0646215097476505	0.461168831168831	0.5	"mid"
"ENSDARG00000077523"	0.134591067257238	0.71825	0.8	"mid"
"ENSDARG00000077526"	0.042416383657914	0.386944444444444	0.4	"mid"
"ENSDARG00000077530"	0.0913794612592031	0.282583333333333	0.3	"mid"
"ENSDARG00000077531"	0.068713544362735	0.604444444444444	0.7	"mid"
"ENSDARG00000077532"	0.0703698166976396	0.451818181818182	0.5	"mid"
"ENSDARG00000077537"	0.139769571360743	0.346181818181818	0.4	"mid"
"ENSDARG00000077544"	0.0794183091805378	0.297777777777778	0.3	"mid"
"ENSDARG00000077546"	0.0801404014755879	0.371538461538462	0.4	"mid"
"ENSDARG00000077549"	0.110555036020454	0.436919191919192	0.5	"mid"
"ENSDARG00000077583"	0.0483424077613649	0.32506993006993	0.4	"mid"
"ENSDARG00000077584"	0.0630938329751848	0.265409090909091	0.3	"mid"
"ENSDARG00000077588"	0.093522190515077	0.315	0.4	"mid"
"ENSDARG00000077590"	0.0401321621291159	0.246262626262626	0.3	"mid"
"ENSDARG00000077596"	0.0736774599422482	0.475	0.5	"mid"
"ENSDARG00000077607"	0.0757590851961046	0.845096153846154	0.9	"high"
"ENSDARG00000077614"	0.168314008144339	0.386488095238095	0.4	"mid"
"ENSDARG00000077618"	0.101645252024919	0.362727272727273	0.4	"mid"
"ENSDARG00000077620"	0.0912376338044765	0.807083333333333	0.9	"high"
"ENSDARG00000077639"	0.120408263187941	0.402727272727273	0.5	"mid"
"ENSDARG00000077641"	0.0454374901040336	0.696666666666667	0.7	"mid"
"ENSDARG00000077650"	0.0110674650116084	0.405	0.5	"mid"
"ENSDARG00000077664"	0.0611531283772401	0.7205	0.8	"mid"
"ENSDARG00000077677"	0.106416067182396	0.439583333333333	0.5	"mid"
"ENSDARG00000077686"	0.0668604923790878	0.316666666666667	0.4	"mid"
"ENSDARG00000077691"	0.0862930860899402	0.579545454545455	0.6	"mid"
"ENSDARG00000077726"	0.0735623471653072	0.922348484848485	1	"high"
"ENSDARG00000077728"	0.0563549217806568	0.476477272727273	0.5	"mid"
"ENSDARG00000077732"	0.0627104369893194	0.343666666666667	0.4	"mid"
"ENSDARG00000077737"	0.04368879121916	0.496060606060606	0.5	"mid"
"ENSDARG00000077751"	0.158958540949864	0.508333333333333	0.6	"mid"
"ENSDARG00000077762"	0.0797961919973873	0.478181818181818	0.5	"mid"
"ENSDARG00000077768"	0.0693281212715497	0.749090909090909	0.8	"mid"
"ENSDARG00000077769"	0.112534498377403	0.42	0.5	"mid"
"ENSDARG00000077790"	0.0437980507445482	0.458571428571429	0.5	"mid"
"ENSDARG00000077804"	0.115912269238379	0.337045454545455	0.4	"mid"
"ENSDARG00000077815"	0.0584892445003937	0.396214285714286	0.4	"mid"
"ENSDARG00000077822"	0.167237376485787	0.4595	0.5	"mid"
"ENSDARG00000077840"	0.027616695837457	0.465454545454545	0.5	"mid"
"ENSDARG00000077842"	0.0520700016744231	0.611409090909091	0.7	"mid"
"ENSDARG00000077847"	0.0174379627243926	0.374469696969697	0.4	"mid"
"ENSDARG00000077850"	0.147300733438515	0.509191919191919	0.6	"mid"
"ENSDARG00000077855"	0.0747525085015354	0.753142857142857	0.8	"mid"
"ENSDARG00000077859"	0.196974687154137	0.526038461538462	0.6	"mid"
"ENSDARG00000077860"	0.039105949952645	0.514545454545455	0.6	"mid"
"ENSDARG00000077864"	0.0510812634057523	0.693194444444444	0.7	"mid"
"ENSDARG00000077870"	0.0483000397272161	0.349166666666667	0.4	"mid"
"ENSDARG00000077883"	0.112363147104276	0.286923076923077	0.3	"mid"
"ENSDARG00000077897"	0.103009292333164	0.492727272727273	0.5	"mid"
"ENSDARG00000077900"	0.0796365710803507	0.527402597402597	0.6	"mid"
"ENSDARG00000077926"	0.155716786618793	0.390909090909091	0.4	"mid"
"ENSDARG00000077928"	0.188527066580507	0.646666666666667	0.7	"mid"
"ENSDARG00000077934"	0.0825754350859093	0.922575757575758	1	"high"
"ENSDARG00000077943"	0.0491278889404166	0.417272727272727	0.5	"mid"
"ENSDARG00000077946"	0.0256906099733118	0.476666666666667	0.5	"mid"
"ENSDARG00000077948"	0.0460822179398271	0.407142857142857	0.5	"mid"
"ENSDARG00000077950"	0.108930693131731	0.246333333333333	0.3	"mid"
"ENSDARG00000077955"	0.0797538148375549	0.302676767676768	0.4	"mid"
"ENSDARG00000077967"	0.157900409857385	0.386416666666667	0.4	"mid"
"ENSDARG00000077988"	0.0970166100697133	0.292222222222222	0.3	"mid"
"ENSDARG00000078014"	0.054890024606452	0.739475524475524	0.8	"mid"
"ENSDARG00000078026"	0.0204542072291838	0.6275	0.7	"mid"
"ENSDARG00000078050"	0.0404455955533631	0.7775	0.8	"mid"
"ENSDARG00000078059"	0.0546929531411198	0.316681818181818	0.4	"mid"
"ENSDARG00000078060"	0.0380617623115691	0.414545454545455	0.5	"mid"
"ENSDARG00000078069"	0.0251074962965151	0.788636363636364	0.8	"mid"
"ENSDARG00000078073"	0.100225518882489	0.417272727272727	0.5	"mid"
"ENSDARG00000078075"	0.0497712034687054	0.374583333333333	0.4	"mid"
"ENSDARG00000078077"	0.0962314111656537	0.289954545454545	0.3	"mid"
"ENSDARG00000078083"	0.106603167436655	0.364230769230769	0.4	"mid"
"ENSDARG00000078094"	0.108665531583133	0.659444444444444	0.7	"mid"
"ENSDARG00000078105"	0.0409847271156209	0.3545	0.4	"mid"
"ENSDARG00000078106"	0.077090752512255	0.253636363636364	0.3	"mid"
"ENSDARG00000078108"	0.110784966359955	0.68	0.7	"mid"
"ENSDARG00000078109"	0.00546446357993405	0.289444444444444	0.3	"mid"
"ENSDARG00000078111"	0.128892500397367	0.537	0.6	"mid"
"ENSDARG00000078113"	0.106605994175268	0.919305555555556	1	"high"
"ENSDARG00000078114"	0.0770926443815967	0.705909090909091	0.8	"mid"
"ENSDARG00000078118"	0.0345985771519474	0.491884615384615	0.5	"mid"
"ENSDARG00000078138"	0.170953565256498	0.473333333333333	0.5	"mid"
"ENSDARG00000078152"	0.192832464498169	0.470075757575758	0.5	"mid"
"ENSDARG00000078155"	0.13601432352033	0.471363636363636	0.5	"mid"
"ENSDARG00000078159"	0.148113385945691	0.353	0.4	"mid"
"ENSDARG00000078179"	0.0959432448053517	0.340833333333333	0.4	"mid"
"ENSDARG00000078185"	0.0459263573572453	0.374285714285714	0.4	"mid"
"ENSDARG00000078186"	0.0829401159223516	0.533484848484848	0.6	"mid"
"ENSDARG00000078195"	0.061803076255819	0.626142857142857	0.7	"mid"
"ENSDARG00000078214"	0.137988477549131	0.545333333333333	0.6	"mid"
"ENSDARG00000078216"	0.0799916207436469	0.282222222222222	0.3	"mid"
"ENSDARG00000078222"	0.101392520288309	0.39175	0.4	"mid"
"ENSDARG00000078233"	0.0536855542116154	0.591363636363636	0.6	"mid"
"ENSDARG00000078249"	0.0931551404503046	0.359166666666667	0.4	"mid"
"ENSDARG00000078258"	0.146666835542398	0.400707070707071	0.5	"mid"
"ENSDARG00000078261"	0.0479402206088606	0.379090909090909	0.4	"mid"
"ENSDARG00000078266"	0.0289284915637048	0.791111111111111	0.8	"mid"
"ENSDARG00000078283"	0.0937757847162637	0.522097902097902	0.6	"mid"
"ENSDARG00000078284"	0.0515118333784276	0.408055555555556	0.5	"mid"
"ENSDARG00000078308"	0.141862895777535	0.719350649350649	0.8	"mid"
"ENSDARG00000078311"	0.0420416000237944	0.569944444444444	0.6	"mid"
"ENSDARG00000078315"	0.0423821788122973	0.360192307692308	0.4	"mid"
"ENSDARG00000078322"	0.0787796952794761	0.604027777777778	0.7	"mid"
"ENSDARG00000078326"	0.0464553739611829	0.308714285714286	0.4	"mid"
"ENSDARG00000078328"	0.067966669965464	0.257727272727273	0.3	"mid"
"ENSDARG00000078333"	0.108423656996797	0.383	0.4	"mid"
"ENSDARG00000078349"	0.186256640738907	0.733416666666667	0.8	"mid"
"ENSDARG00000078352"	0.133251596809972	0.616717171717172	0.7	"mid"
"ENSDARG00000078355"	0.0554507152220841	0.436623931623932	0.5	"mid"
"ENSDARG00000078381"	0.106919923104724	0.496818181818182	0.5	"mid"
"ENSDARG00000078386"	0.037298507286949	0.15225	0.2	"low"
"ENSDARG00000078389"	0.0871055735954793	0.676666666666667	0.7	"mid"
"ENSDARG00000078416"	0.0433408962058456	0.716	0.8	"mid"
"ENSDARG00000078430"	0.0684769375027793	0.663636363636364	0.7	"mid"
"ENSDARG00000078433"	0.214213351024119	0.392727272727273	0.4	"mid"
"ENSDARG00000078435"	0.0203683550710619	0.792857142857143	0.8	"mid"
"ENSDARG00000078441"	0.0177329749144647	0.376318181818182	0.4	"mid"
"ENSDARG00000078442"	0.13980812232609	0.487090909090909	0.5	"mid"
"ENSDARG00000078448"	0.0567255308623759	0.561538461538462	0.6	"mid"
"ENSDARG00000078458"	0.0630716051977022	0.487435897435897	0.5	"mid"
"ENSDARG00000078468"	0.122677799991002	0.27	0.3	"mid"
"ENSDARG00000078473"	0.0539756528336172	0.516818181818182	0.6	"mid"
"ENSDARG00000078492"	0.125737019507618	0.331223776223776	0.4	"mid"
"ENSDARG00000078497"	0.0801235351146922	0.436883116883117	0.5	"mid"
"ENSDARG00000078500"	0.126394477036545	0.4825	0.5	"mid"
"ENSDARG00000078502"	0.08923295080784	0.485454545454545	0.5	"mid"
"ENSDARG00000078520"	0.125072501471524	0.396287878787879	0.4	"mid"
"ENSDARG00000078523"	0.0396855147391846	0.394545454545455	0.4	"mid"
"ENSDARG00000078535"	0.113616732963335	0.2325	0.3	"mid"
"ENSDARG00000078541"	0.13813040019773	0.511111111111111	0.6	"mid"
"ENSDARG00000078546"	0.0833111412878683	0.174166666666667	0.2	"low"
"ENSDARG00000078561"	0.068685736890315	0.3605	0.4	"mid"
"ENSDARG00000078567"	0.103353113113448	0.824681818181818	0.9	"high"
"ENSDARG00000078571"	0.112573390621436	0.478333333333333	0.5	"mid"
"ENSDARG00000078572"	0.0679320881379808	0.265833333333333	0.3	"mid"
"ENSDARG00000078574"	0.116117089777435	0.281666666666667	0.3	"mid"
"ENSDARG00000078585"	0.0455197585158607	0.269318181818182	0.3	"mid"
"ENSDARG00000078592"	0.0554631420662854	0.369545454545455	0.4	"mid"
"ENSDARG00000078593"	0.0624195393992264	0.457916666666667	0.5	"mid"
"ENSDARG00000078604"	0.0405165368444606	0.206616161616162	0.3	"mid"
"ENSDARG00000078606"	0.133858167981613	0.446363636363636	0.5	"mid"
"ENSDARG00000078619"	0.0923795509614228	0.914469696969697	1	"high"
"ENSDARG00000078640"	0.10032585513718	0.478571428571429	0.5	"mid"
"ENSDARG00000078653"	0.0181937400817054	0.631607142857143	0.7	"mid"
"ENSDARG00000078654"	0.137171814617711	0.657083333333333	0.7	"mid"
"ENSDARG00000078657"	0.0698623863009171	0.452	0.5	"mid"
"ENSDARG00000078659"	0.198253634653206	0.394166666666667	0.4	"mid"
"ENSDARG00000078675"	0.0168050873377707	0.392272727272727	0.4	"mid"
"ENSDARG00000078685"	0.0599021722886714	0.634444444444444	0.7	"mid"
"ENSDARG00000078686"	0.00622429353917425	0.395454545454545	0.4	"mid"
"ENSDARG00000078691"	0.0573681606648473	0.360050505050505	0.4	"mid"
"ENSDARG00000078696"	0.103152924783732	0.792857142857143	0.8	"mid"
"ENSDARG00000078707"	0.162551865948246	0.706752136752137	0.8	"mid"
"ENSDARG00000078733"	0.0260571550521632	0.526944444444444	0.6	"mid"
"ENSDARG00000078741"	0.133093539086893	0.528333333333333	0.6	"mid"
"ENSDARG00000078745"	0.0916775651655053	0.226666666666667	0.3	"mid"
"ENSDARG00000078748"	0.0973044789764148	0.422222222222222	0.5	"mid"
"ENSDARG00000078751"	0.0568777165937282	0.345037878787879	0.4	"mid"
"ENSDARG00000078768"	0.0810878293136328	0.49	0.5	"mid"
"ENSDARG00000078770"	0.14693421037472	0.458461538461538	0.5	"mid"
"ENSDARG00000078772"	0.0959628269888542	0.322	0.4	"mid"
"ENSDARG00000078773"	0.154635740540292	0.33575	0.4	"mid"
"ENSDARG00000078785"	0.00237320472448233	0.767272727272727	0.8	"mid"
"ENSDARG00000078789"	0.0391532064051217	0.257777777777778	0.3	"mid"
"ENSDARG00000078797"	0.116198590791023	0.6075	0.7	"mid"
"ENSDARG00000078801"	0.0619408197046351	0.31486013986014	0.4	"mid"
"ENSDARG00000078802"	0.0787278675654729	0.271071428571429	0.3	"mid"
"ENSDARG00000078803"	0.0996667698826482	0.548888888888889	0.6	"mid"
"ENSDARG00000078805"	0.148872116438442	0.460909090909091	0.5	"mid"
"ENSDARG00000078807"	0.215975580248853	0.342222222222222	0.4	"mid"
"ENSDARG00000078814"	0.148113385945691	0.459962121212121	0.5	"mid"
"ENSDARG00000078822"	0.19783595512479	0.486196581196581	0.5	"mid"
"ENSDARG00000078828"	0.129993229068817	0.517272727272727	0.6	"mid"
"ENSDARG00000078829"	0.0524492918191557	0.513636363636364	0.6	"mid"
"ENSDARG00000078835"	0.0986453417272333	0.4945	0.5	"mid"
"ENSDARG00000078847"	0.0654881741595718	0.775181818181818	0.8	"mid"
"ENSDARG00000078850"	0.0632256739304745	0.476111111111111	0.5	"mid"
"ENSDARG00000078854"	0.00696419273594477	0.237272727272727	0.3	"mid"
"ENSDARG00000078856"	0.0549576369765194	0.505454545454545	0.6	"mid"
"ENSDARG00000078859"	0.100307321738534	0.9475	1	"high"
"ENSDARG00000078865"	0.0383332716680598	0.3	0.3	"mid"
"ENSDARG00000078866"	0.0579160903974428	0.420252525252525	0.5	"mid"
"ENSDARG00000078882"	0.0911994069804079	0.5475	0.6	"mid"
"ENSDARG00000078887"	0.0923514665810377	0.429090909090909	0.5	"mid"
"ENSDARG00000078888"	0.0381947319894197	0.246212121212121	0.3	"mid"
"ENSDARG00000078891"	0.0517917354549468	0.301	0.4	"mid"
"ENSDARG00000078894"	0.0945515611339371	0.410972222222222	0.5	"mid"
"ENSDARG00000078898"	0.0269841416435786	0.483333333333333	0.5	"mid"
"ENSDARG00000078904"	0.0921184736251846	0.589027777777778	0.6	"mid"
"ENSDARG00000078908"	0.0182538948342489	0.600873015873016	0.7	"mid"
"ENSDARG00000078911"	0.0765442481734805	0.323636363636364	0.4	"mid"
"ENSDARG00000078917"	0.0983694151524736	0.647777777777778	0.7	"mid"
"ENSDARG00000078918"	0.118269314258479	0.691818181818182	0.7	"mid"
"ENSDARG00000078924"	0.0551367798191637	0.335555555555556	0.4	"mid"
"ENSDARG00000078929"	0.0636007820373856	0.103090909090909	0.2	"low"
"ENSDARG00000078942"	0.0418363232505305	0.34875	0.4	"mid"
"ENSDARG00000078947"	0.130562577104407	0.550166666666667	0.6	"mid"
"ENSDARG00000078953"	0.089544029251221	0.38	0.4	"mid"
"ENSDARG00000078954"	0.0252386836298778	0.182307692307692	0.2	"low"
"ENSDARG00000078959"	0.0908081969756776	0.625714285714286	0.7	"mid"
"ENSDARG00000078973"	0.0258303298307701	0.392979797979798	0.4	"mid"
"ENSDARG00000078974"	0.111859804371344	0.751825396825397	0.8	"mid"
"ENSDARG00000078992"	0.0810874536400924	0.256742424242424	0.3	"mid"
"ENSDARG00000079000"	0.115453672333652	0.250583333333333	0.3	"mid"
"ENSDARG00000079011"	0.0319028967321732	0.598333333333333	0.6	"mid"
"ENSDARG00000079012"	0.0276851128500062	0.864242424242424	0.9	"high"
"ENSDARG00000079013"	0.0679892565558047	0.565	0.6	"mid"
"ENSDARG00000079020"	0.218874759636006	0.224	0.3	"mid"
"ENSDARG00000079027"	0.0344772828593546	0.544166666666667	0.6	"mid"
"ENSDARG00000079034"	0.221052264980735	0.881111111111111	0.9	"high"
"ENSDARG00000079043"	0.149705289778781	0.816666666666667	0.9	"high"
"ENSDARG00000079067"	0.108471668989424	0.229027777777778	0.3	"mid"
"ENSDARG00000079078"	0.122078225304304	0.819	0.9	"high"
"ENSDARG00000079080"	0.106039810522183	0.25	0.3	"mid"
"ENSDARG00000079089"	0.11441759321158	0.525454545454545	0.6	"mid"
"ENSDARG00000079104"	0.0754955982134805	0.326666666666667	0.4	"mid"
"ENSDARG00000079110"	0.077907793828634	0.311	0.4	"mid"
"ENSDARG00000079111"	0.00501780529242569	0.502	0.6	"mid"
"ENSDARG00000079124"	0.193932032697618	0.488636363636364	0.5	"mid"
"ENSDARG00000079128"	0.0811320464935317	0.385909090909091	0.4	"mid"
"ENSDARG00000079161"	0.0832420951665165	0.329166666666667	0.4	"mid"
"ENSDARG00000079166"	0.0582104936431136	0.53375	0.6	"mid"
"ENSDARG00000079167"	0.0602060851472049	0.492525252525253	0.5	"mid"
"ENSDARG00000079175"	0.18288710708097	0.490314685314685	0.5	"mid"
"ENSDARG00000079183"	0.10156164382875	0.828181818181818	0.9	"high"
"ENSDARG00000079191"	0.16695670909249	0.795	0.8	"mid"
"ENSDARG00000079198"	0.0574114632632533	0.584090909090909	0.6	"mid"
"ENSDARG00000079199"	0.0642665392835741	0.554590909090909	0.6	"mid"
"ENSDARG00000079202"	0.0717688625441994	0.261818181818182	0.3	"mid"
"ENSDARG00000079219"	0.0856297162583692	0.306805555555556	0.4	"mid"
"ENSDARG00000079238"	0.102246071617159	0.25	0.3	"mid"
"ENSDARG00000079241"	0.120730962594621	0.668282828282828	0.7	"mid"
"ENSDARG00000079244"	0.162301069885985	0.2525	0.3	"mid"
"ENSDARG00000079249"	0.0473934943310604	0.32	0.4	"mid"
"ENSDARG00000079253"	0.0575576610183333	0.349545454545455	0.4	"mid"
"ENSDARG00000079255"	0.244560446197089	0.741022727272727	0.8	"mid"
"ENSDARG00000079263"	0.0401993351238176	0.61	0.7	"mid"
"ENSDARG00000079271"	0.106528847171147	0.460909090909091	0.5	"mid"
"ENSDARG00000079276"	0.0165923833832657	0.352	0.4	"mid"
"ENSDARG00000079280"	0.109947783002783	0.321272727272727	0.4	"mid"
"ENSDARG00000079281"	0.0663305997178227	0.642857142857143	0.7	"mid"
"ENSDARG00000079283"	0.0905316645800746	0.520779220779221	0.6	"mid"
"ENSDARG00000079286"	0.0435487185461471	0.303076923076923	0.4	"mid"
"ENSDARG00000079293"	0.178081519798333	0.615454545454545	0.7	"mid"
"ENSDARG00000079306"	0.0440370400409005	0.180075757575758	0.2	"low"
"ENSDARG00000079307"	0.0716915994318299	0.624285714285714	0.7	"mid"
"ENSDARG00000079313"	0.116040855339324	0.321439393939394	0.4	"mid"
"ENSDARG00000079323"	0.057891266738334	0.320909090909091	0.4	"mid"
"ENSDARG00000079324"	0.110750505500134	0.218636363636364	0.3	"mid"
"ENSDARG00000079352"	0.0792911547683761	0.531666666666667	0.6	"mid"
"ENSDARG00000079355"	0.0688975987277878	0.521111111111111	0.6	"mid"
"ENSDARG00000079366"	0.0257883660249229	0.291325757575758	0.3	"mid"
"ENSDARG00000079369"	0.073145088088103	0.555059523809524	0.6	"mid"
"ENSDARG00000079374"	0.0434291610502143	0.551944444444444	0.6	"mid"
"ENSDARG00000079378"	0.0667266387664336	0.566363636363636	0.6	"mid"
"ENSDARG00000079388"	0.0734934372653693	0.31425	0.4	"mid"
"ENSDARG00000079391"	0.147159453183756	0.69030303030303	0.7	"mid"
"ENSDARG00000079396"	0.0390997725055132	0.494615384615385	0.5	"mid"
"ENSDARG00000079401"	0.151150253611362	0.4875	0.5	"mid"
"ENSDARG00000079402"	0.173299946680789	0.479393939393939	0.5	"mid"
"ENSDARG00000079415"	0.116428887964014	0.2625	0.3	"mid"
"ENSDARG00000079416"	0.0844556770487323	0.7745	0.8	"mid"
"ENSDARG00000079420"	0.102630415191989	0.623831168831169	0.7	"mid"
"ENSDARG00000079434"	0.168949269610706	0.341868686868687	0.4	"mid"
"ENSDARG00000079438"	0.113417216997508	0.469166666666667	0.5	"mid"
"ENSDARG00000079456"	0.176215288360353	0.712833333333333	0.8	"mid"
"ENSDARG00000079463"	0.0821190377796455	0.920769230769231	1	"high"
"ENSDARG00000079467"	0.149404503568603	0.422222222222222	0.5	"mid"
"ENSDARG00000079474"	0.0348031765259503	0.2165	0.3	"mid"
"ENSDARG00000079497"	0.0498197730741452	0.823333333333333	0.9	"high"
"ENSDARG00000079500"	0.0604538404531592	0.402666666666667	0.5	"mid"
"ENSDARG00000079504"	0.0290753697059435	0.3875	0.4	"mid"
"ENSDARG00000079508"	0.11453219587866	0.728560606060606	0.8	"mid"
"ENSDARG00000079516"	0.0909861222108948	0.319204545454545	0.4	"mid"
"ENSDARG00000079530"	0.113752027704304	0.405833333333333	0.5	"mid"
"ENSDARG00000079534"	0.190754505889571	0.83	0.9	"high"
"ENSDARG00000079542"	0.0644600920565446	0.448636363636364	0.5	"mid"
"ENSDARG00000079555"	0.0382319551246566	0.570909090909091	0.6	"mid"
"ENSDARG00000079564"	0.0195275981575927	0.873846153846154	0.9	"high"
"ENSDARG00000079570"	0.0522623561558416	0.428461538461538	0.5	"mid"
"ENSDARG00000079571"	0.101449183678885	0.494120879120879	0.5	"mid"
"ENSDARG00000079578"	0.0343131535396838	0.485	0.5	"mid"
"ENSDARG00000079584"	0.09885664332944	0.613232323232323	0.7	"mid"
"ENSDARG00000079586"	0.0214102255148121	0.388441558441558	0.4	"mid"
"ENSDARG00000079591"	0.0826588080393558	0.317136363636364	0.4	"mid"
"ENSDARG00000079605"	0.0378789554459937	0.369388888888889	0.4	"mid"
"ENSDARG00000079625"	0.0581816400561434	0.337777777777778	0.4	"mid"
"ENSDARG00000079626"	0.0780362959866731	0.333636363636364	0.4	"mid"
"ENSDARG00000079632"	0.133005925216394	0.700777777777778	0.8	"mid"
"ENSDARG00000079636"	0.0918406185310315	0.436818181818182	0.5	"mid"
"ENSDARG00000079647"	0.211932180846464	0.634545454545455	0.7	"mid"
"ENSDARG00000079651"	0.081220008506573	0.606893939393939	0.7	"mid"
"ENSDARG00000079652"	0.0813880756703985	0.383928571428571	0.4	"mid"
"ENSDARG00000079659"	0.13685894887712	0.181818181818182	0.2	"low"
"ENSDARG00000079664"	0.125310622000277	0.937840909090909	1	"high"
"ENSDARG00000079665"	0.0776129137822672	0.4825	0.5	"mid"
"ENSDARG00000079672"	0.0542451248992349	0.236022727272727	0.3	"mid"
"ENSDARG00000079684"	0.0303598774042938	0.439734848484849	0.5	"mid"
"ENSDARG00000079688"	0.114027831418594	0.34	0.4	"mid"
"ENSDARG00000079702"	0.0825932657403665	0.3665	0.4	"mid"
"ENSDARG00000079712"	0.07270043745126	0.371111111111111	0.4	"mid"
"ENSDARG00000079717"	0.150943891840114	0.463269230769231	0.5	"mid"
"ENSDARG00000079731"	0.041097852075186	0.379590909090909	0.4	"mid"
"ENSDARG00000079738"	0.107672556142558	0.501428571428571	0.6	"mid"
"ENSDARG00000079740"	0.0250295238321205	0.421818181818182	0.5	"mid"
"ENSDARG00000079742"	0.0823567103029692	0.482222222222222	0.5	"mid"
"ENSDARG00000079745"	0.12618952205855	0.278214285714286	0.3	"mid"
"ENSDARG00000079751"	0.0468557675421237	0.356590909090909	0.4	"mid"
"ENSDARG00000079752"	0.157707243245869	0.527936507936508	0.6	"mid"
"ENSDARG00000079753"	0.211425378770586	0.249230769230769	0.3	"mid"
"ENSDARG00000079762"	0.307623193229449	0.409611111111111	0.5	"mid"
"ENSDARG00000079766"	0.134021615027184	0.614444444444444	0.7	"mid"
"ENSDARG00000079783"	0.108471576937783	0.712424242424242	0.8	"mid"
"ENSDARG00000079791"	0.115814928150481	0.404227272727273	0.5	"mid"
"ENSDARG00000079796"	0.100764060980911	0.715	0.8	"mid"
"ENSDARG00000079802"	0.0592862939828536	0.564285714285714	0.6	"mid"
"ENSDARG00000079815"	0.135224055794314	0.4495	0.5	"mid"
"ENSDARG00000079823"	0.17675287559258	0.467662337662338	0.5	"mid"
"ENSDARG00000079835"	0.0818347330224952	0.352222222222222	0.4	"mid"
"ENSDARG00000079840"	0.0294538943533305	0.535	0.6	"mid"
"ENSDARG00000079848"	0.0312746927778392	0.442878787878788	0.5	"mid"
"ENSDARG00000079850"	0.0762021878584152	0.494285714285714	0.5	"mid"
"ENSDARG00000079854"	0.0378774111890255	0.352916666666667	0.4	"mid"
"ENSDARG00000079862"	0.0924313138371505	0.644090909090909	0.7	"mid"
"ENSDARG00000079881"	0.111591927746917	0.56	0.6	"mid"
"ENSDARG00000079884"	0.145079432865746	0.536666666666667	0.6	"mid"
"ENSDARG00000079886"	0.129411334681767	0.276363636363636	0.3	"mid"
"ENSDARG00000079915"	0.215014333405127	0.307698412698413	0.4	"mid"
"ENSDARG00000079931"	0.122315811596759	0.272	0.3	"mid"
"ENSDARG00000079932"	0.0600447272248752	0.474545454545455	0.5	"mid"
"ENSDARG00000079934"	0.0683748489238512	0.487461538461538	0.5	"mid"
"ENSDARG00000079946"	0.0668870944845576	0.755858585858586	0.8	"mid"
"ENSDARG00000079949"	0.0216374128438107	0.454545454545455	0.5	"mid"
"ENSDARG00000079957"	0.129041710689824	0.391111111111111	0.4	"mid"
"ENSDARG00000079967"	0.0348939709837397	0.30979797979798	0.4	"mid"
"ENSDARG00000079973"	0.0705498534886892	0.387857142857143	0.4	"mid"
"ENSDARG00000079980"	0.162714592919366	0.477272727272727	0.5	"mid"
"ENSDARG00000079994"	0.0869402738985878	0.452727272727273	0.5	"mid"
"ENSDARG00000080006"	0.0382100619262207	0.374545454545455	0.4	"mid"
"ENSDARG00000080020"	0.254791601437535	0.756818181818182	0.8	"mid"
"ENSDARG00000080675"	0.221851116409702	0.809166666666667	0.9	"high"
"ENSDARG00000086033"	0.0187351856693766	0.671	0.7	"mid"
"ENSDARG00000086075"	0.1575361809123	0.604583333333333	0.7	"mid"
"ENSDARG00000086103"	0.0470070221482119	0.6175	0.7	"mid"
"ENSDARG00000086107"	0.118011183602476	0.399818181818182	0.4	"mid"
"ENSDARG00000086150"	0.0646069622712286	0.305909090909091	0.4	"mid"
"ENSDARG00000086158"	0.0876667722065007	0.393636363636364	0.4	"mid"
"ENSDARG00000086173"	0.0776720741224956	0.415454545454545	0.5	"mid"
"ENSDARG00000086184"	0.0920596677141158	0.618055555555556	0.7	"mid"
"ENSDARG00000086215"	0.139492506782673	0.407272727272727	0.5	"mid"
"ENSDARG00000086222"	0.116556307442911	0.311416666666667	0.4	"mid"
"ENSDARG00000086223"	0.164542592384206	0.370454545454545	0.4	"mid"
"ENSDARG00000086309"	0.0615780637323243	0.534659090909091	0.6	"mid"
"ENSDARG00000086324"	0.204861545288932	0.397992424242424	0.4	"mid"
"ENSDARG00000086327"	0.101111276693306	0.283928571428571	0.3	"mid"
"ENSDARG00000086332"	0.0382803537904619	0.132	0.2	"low"
"ENSDARG00000086342"	0.0570454850587135	0.362638888888889	0.4	"mid"
"ENSDARG00000086352"	0.195103697100718	0.927272727272727	1	"high"
"ENSDARG00000086369"	0.079265383592854	0.405757575757576	0.5	"mid"
"ENSDARG00000086374"	0.179646109895932	0.942666666666667	1	"high"
"ENSDARG00000086405"	0.176342930490405	0.411428571428571	0.5	"mid"
"ENSDARG00000086416"	0.0441037503559552	0.399480519480519	0.4	"mid"
"ENSDARG00000086425"	0.0367747505703025	0.392083333333333	0.4	"mid"
"ENSDARG00000086450"	0.0604932273913857	0.345454545454545	0.4	"mid"
"ENSDARG00000086457"	0.0346121881535794	0.473441558441558	0.5	"mid"
"ENSDARG00000086458"	0.116729371614564	0.509666666666667	0.6	"mid"
"ENSDARG00000086471"	0.137779048174164	0.298416666666667	0.3	"mid"
"ENSDARG00000086505"	0.0394820283755872	0.33	0.4	"mid"
"ENSDARG00000086522"	0.195103697100718	0.905833333333333	1	"high"
"ENSDARG00000086523"	0.0290129100546113	0.216818181818182	0.3	"mid"
"ENSDARG00000086529"	0.164713863014184	0.762727272727273	0.8	"mid"
"ENSDARG00000086616"	0.163618847010704	0.415353535353535	0.5	"mid"
"ENSDARG00000086618"	0.0192915878470181	0.4605	0.5	"mid"
"ENSDARG00000086645"	0.0245515058943673	0.756666666666667	0.8	"mid"
"ENSDARG00000086647"	0.074668872245826	0.659345238095238	0.7	"mid"
"ENSDARG00000086665"	0.116894580021078	0.273	0.3	"mid"
"ENSDARG00000086670"	0.167334902948408	0.355785714285714	0.4	"mid"
"ENSDARG00000086685"	0.0673948190703844	0.866623376623377	0.9	"high"
"ENSDARG00000086691"	0.127096566219756	0.268838383838384	0.3	"mid"
"ENSDARG00000086699"	0.0329300539667636	0.661833333333333	0.7	"mid"
"ENSDARG00000086708"	0.197835093548753	0.487222222222222	0.5	"mid"
"ENSDARG00000086712"	0.14454922916758	0.489888888888889	0.5	"mid"
"ENSDARG00000086737"	0.0522831726373664	0.369659090909091	0.4	"mid"
"ENSDARG00000086740"	0.110078078946079	0.268560606060606	0.3	"mid"
"ENSDARG00000086746"	0.0836906291266986	0.865	0.9	"high"
"ENSDARG00000086775"	0.0322458744137684	0.480178571428571	0.5	"mid"
"ENSDARG00000086778"	0.120694850191417	0.440909090909091	0.5	"mid"
"ENSDARG00000086786"	0.0862455580535102	0.355	0.4	"mid"
"ENSDARG00000086789"	0.121383459098844	0.389230769230769	0.4	"mid"
"ENSDARG00000086808"	0.0545952072718275	0.431666666666667	0.5	"mid"
"ENSDARG00000086815"	0.118992441823434	0.34	0.4	"mid"
"ENSDARG00000086826"	0.15407189020712	0.493560606060606	0.5	"mid"
"ENSDARG00000086840"	0.116497541072166	0.410192307692308	0.5	"mid"
"ENSDARG00000086842"	0.144069442834414	0.766222222222222	0.8	"mid"
"ENSDARG00000086856"	0.032393399971731	0.886666666666667	0.9	"high"
"ENSDARG00000086859"	0.10140702257185	0.782272727272727	0.8	"mid"
"ENSDARG00000086879"	0.220262957455774	0.299464285714286	0.3	"mid"
"ENSDARG00000086903"	0.108607309539131	0.264444444444444	0.3	"mid"
"ENSDARG00000086911"	0.0557251043873221	0.305075757575758	0.4	"mid"
"ENSDARG00000086927"	0.0489631674355053	0.186818181818182	0.2	"low"
"ENSDARG00000086956"	0.187692727687124	0.7575	0.8	"mid"
"ENSDARG00000086996"	0.0923359961936983	0.551833333333333	0.6	"mid"
"ENSDARG00000086998"	0.138577962958129	0.414090909090909	0.5	"mid"
"ENSDARG00000087017"	0.129028755626243	0.626363636363636	0.7	"mid"
"ENSDARG00000087048"	0.141578713290004	0.755	0.8	"mid"
"ENSDARG00000087059"	0.110855616676326	0.907636363636364	1	"high"
"ENSDARG00000087093"	0.170744915435264	0.684015151515152	0.7	"mid"
"ENSDARG00000087099"	0.209103544641639	0.712	0.8	"mid"
"ENSDARG00000087143"	0.15242262438504	0.859	0.9	"high"
"ENSDARG00000087145"	0.161223527741546	0.330714285714286	0.4	"mid"
"ENSDARG00000087152"	0.120050411171	0.591111111111111	0.6	"mid"
"ENSDARG00000087162"	0.0561012165989161	0.348636363636364	0.4	"mid"
"ENSDARG00000087181"	0.0729915312278115	0.405	0.5	"mid"
"ENSDARG00000087188"	0.113580959891711	0.974318181818182	1	"high"
"ENSDARG00000087193"	0.161799749798426	0.425	0.5	"mid"
"ENSDARG00000087196"	0.0450025481283389	0.522929292929293	0.6	"mid"
"ENSDARG00000087198"	0.0299586892512606	0.416363636363636	0.5	"mid"
"ENSDARG00000087226"	0.0251091181642738	0.27550505050505	0.3	"mid"
"ENSDARG00000087229"	0.0302509790293449	0.223681818181818	0.3	"mid"
"ENSDARG00000087260"	0.0424096517286982	0.673333333333333	0.7	"mid"
"ENSDARG00000087277"	0.102345880082418	0.532083333333333	0.6	"mid"
"ENSDARG00000087303"	0.0469304425538345	0.925681818181818	1	"high"
"ENSDARG00000087327"	0.0601749902221446	0.25	0.3	"mid"
"ENSDARG00000087330"	0.020716591848458	0.361	0.4	"mid"
"ENSDARG00000087331"	0.120338514184228	0.358251748251748	0.4	"mid"
"ENSDARG00000087333"	0.0214073843946755	0.415454545454545	0.5	"mid"
"ENSDARG00000087346"	0.00800818324217065	0.342936507936508	0.4	"mid"
"ENSDARG00000087359"	0.134534025511211	0.852727272727273	0.9	"high"
"ENSDARG00000087363"	0.164608673486603	0.907272727272727	1	"high"
"ENSDARG00000087369"	0.15367148516863	0.339	0.4	"mid"
"ENSDARG00000087393"	0.200932782400793	0.574444444444444	0.6	"mid"
"ENSDARG00000087413"	0.120831081400087	0.633383838383838	0.7	"mid"
"ENSDARG00000087417"	0.048360913131687	0.202227272727273	0.3	"mid"
"ENSDARG00000087421"	0.0603534741877607	0.676	0.7	"mid"
"ENSDARG00000087426"	0.0996688522800884	0.477272727272727	0.5	"mid"
"ENSDARG00000087440"	0.160703266054536	0.82	0.9	"high"
"ENSDARG00000087443"	0.0600201696069968	0.14	0.2	"low"
"ENSDARG00000087452"	0.0167054603715428	0.764416666666667	0.8	"mid"
"ENSDARG00000087456"	0.202523199069314	0.836752136752137	0.9	"high"
"ENSDARG00000087528"	0.0514684398110188	0.144	0.2	"low"
"ENSDARG00000087530"	0.0755359533847035	0.347357142857143	0.4	"mid"
"ENSDARG00000087538"	0.0202267947263874	0.584285714285714	0.6	"mid"
"ENSDARG00000087554"	0.0313074135078828	0.675454545454545	0.7	"mid"
"ENSDARG00000087556"	0.0974117674373262	0.515909090909091	0.6	"mid"
"ENSDARG00000087573"	0.0581879240222791	0.347333333333333	0.4	"mid"
"ENSDARG00000087574"	0.0611127243097235	0.8525	0.9	"high"
"ENSDARG00000087575"	0.186256640738907	0.768	0.8	"mid"
"ENSDARG00000087596"	0.141914941185563	0.347361111111111	0.4	"mid"
"ENSDARG00000087611"	0.177991714798115	0.667070707070707	0.7	"mid"
"ENSDARG00000087625"	0.142517032731126	0.696666666666667	0.7	"mid"
"ENSDARG00000087640"	0.058254298000166	0.464416666666667	0.5	"mid"
"ENSDARG00000087641"	0.16260631508287	0.763181818181818	0.8	"mid"
"ENSDARG00000087647"	0.031950117761512	0.3335	0.4	"mid"
"ENSDARG00000087657"	0.0657259243651497	0.702878787878788	0.8	"mid"
"ENSDARG00000087666"	0.0417085121093719	0.41	0.5	"mid"
"ENSDARG00000087693"	0.100027597428678	0.305357142857143	0.4	"mid"
"ENSDARG00000087697"	0.096266610220569	0.788506493506493	0.8	"mid"
"ENSDARG00000087704"	0.103100330837776	0.351818181818182	0.4	"mid"
"ENSDARG00000087752"	0.104840755648258	0.674166666666667	0.7	"mid"
"ENSDARG00000087779"	0.0857204886561987	0.661212121212121	0.7	"mid"
"ENSDARG00000087780"	0.0807900411447715	0.528888888888889	0.6	"mid"
"ENSDARG00000087793"	0.156903114349501	0.650833333333333	0.7	"mid"
"ENSDARG00000087804"	0.164665166162718	0.570909090909091	0.6	"mid"
"ENSDARG00000087869"	0.0558654432592416	0.656161616161616	0.7	"mid"
"ENSDARG00000087873"	0.0706095323531662	0.923	1	"high"
"ENSDARG00000087897"	0.0330630217402277	0.158333333333333	0.2	"low"
"ENSDARG00000087911"	0.0609977700892907	0.445	0.5	"mid"
"ENSDARG00000087921"	0.0752327523952409	0.482944444444444	0.5	"mid"
"ENSDARG00000087927"	0.0951357548687132	0.413333333333333	0.5	"mid"
"ENSDARG00000087954"	0.0472442918965056	0.287777777777778	0.3	"mid"
"ENSDARG00000087983"	0.255251846129467	0.983166666666667	1	"high"
"ENSDARG00000088013"	0.153321961376148	0.8175	0.9	"high"
"ENSDARG00000088023"	0.152254517918655	0.715	0.8	"mid"
"ENSDARG00000088040"	0.103316076005596	0.715	0.8	"mid"
"ENSDARG00000088073"	0.0645419883086476	0.29	0.3	"mid"
"ENSDARG00000088078"	0.139988967951311	0.587222222222222	0.6	"mid"
"ENSDARG00000088116"	0.0935305304811822	0.77	0.8	"mid"
"ENSDARG00000088124"	0.0633330655271773	0.716363636363636	0.8	"mid"
"ENSDARG00000088130"	0.118506383738471	0.23875	0.3	"mid"
"ENSDARG00000088140"	0.122500158725075	0.718333333333333	0.8	"mid"
"ENSDARG00000088168"	0.0818409178510248	0.294242424242424	0.3	"mid"
"ENSDARG00000088225"	0.109947848885785	0.31825	0.4	"mid"
"ENSDARG00000088246"	0.0423543238092623	0.877916666666667	0.9	"high"
"ENSDARG00000088247"	0.174246105413595	0.492727272727273	0.5	"mid"
"ENSDARG00000088251"	0.148596406604048	0.914444444444444	1	"high"
"ENSDARG00000088255"	0.0583018035511527	0.6765	0.7	"mid"
"ENSDARG00000088308"	0.108860721379062	0.410722222222222	0.5	"mid"
"ENSDARG00000088318"	0.109626399463917	0.512	0.6	"mid"
"ENSDARG00000088357"	0.0549751093805187	0.182	0.2	"low"
"ENSDARG00000088390"	0.086498033013443	0.548333333333333	0.6	"mid"
"ENSDARG00000088398"	0.0940161906212704	0.336969696969697	0.4	"mid"
"ENSDARG00000088439"	0.171083966885404	0.579343434343434	0.6	"mid"
"ENSDARG00000088440"	0.0662774835323044	0.499444444444444	0.5	"mid"
"ENSDARG00000088560"	0.035174625635761	0.189681818181818	0.2	"low"
"ENSDARG00000088581"	0.0848309448339717	0.897777777777778	0.9	"high"
"ENSDARG00000088589"	0.160662104990712	0.402727272727273	0.5	"mid"
"ENSDARG00000088590"	0.0573817780841583	0.453737373737374	0.5	"mid"
"ENSDARG00000088612"	0.0438839642110692	0.520714285714286	0.6	"mid"
"ENSDARG00000088615"	0.107286724993804	0.84375	0.9	"high"
"ENSDARG00000088630"	0.0626836832892041	0.295	0.3	"mid"
"ENSDARG00000088650"	0.100093673469682	0.479090909090909	0.5	"mid"
"ENSDARG00000088689"	0.188170405953102	0.695	0.7	"mid"
"ENSDARG00000088699"	0.075659681973516	0.267386363636364	0.3	"mid"
"ENSDARG00000088708"	0.0756520698935883	0.597361111111111	0.6	"mid"
"ENSDARG00000088709"	0.0495158946380525	0.572	0.6	"mid"
"ENSDARG00000088711"	0.217083229029587	0.755454545454545	0.8	"mid"
"ENSDARG00000088753"	0.134369535970631	0.721964285714286	0.8	"mid"
"ENSDARG00000088764"	0.115063961301447	0.6075	0.7	"mid"
"ENSDARG00000088798"	0.0918092215053421	0.530444444444444	0.6	"mid"
"ENSDARG00000088801"	0.104223784705758	0.467264957264957	0.5	"mid"
"ENSDARG00000088807"	0.0781994010779971	0.470909090909091	0.5	"mid"
"ENSDARG00000088816"	0.0439061567835484	0.696931818181818	0.7	"mid"
"ENSDARG00000088817"	0.0353868857114867	0.468333333333333	0.5	"mid"
"ENSDARG00000088835"	0.0937304413642498	0.466181818181818	0.5	"mid"
"ENSDARG00000088841"	0.0201285381189264	0.595384615384615	0.6	"mid"
"ENSDARG00000088844"	0.0650478120291655	0.425	0.5	"mid"
"ENSDARG00000088862"	0.075518745865901	0.400265151515152	0.5	"mid"
"ENSDARG00000088877"	0.0237272866705684	0.249305555555556	0.3	"mid"
"ENSDARG00000088878"	0.0436379931918096	0.312681818181818	0.4	"mid"
"ENSDARG00000088924"	0.290920085105648	0.396590909090909	0.4	"mid"
"ENSDARG00000088929"	0.00931891345808693	0.8575	0.9	"high"
"ENSDARG00000088959"	0.0504041478713868	0.392121212121212	0.4	"mid"
"ENSDARG00000088967"	0.0552375410846543	0.551818181818182	0.6	"mid"
"ENSDARG00000088972"	0.0785267514390301	0.38925	0.4	"mid"
"ENSDARG00000088981"	0.123300772290446	0.337272727272727	0.4	"mid"
"ENSDARG00000088984"	0.0598899112290602	0.421515151515152	0.5	"mid"
"ENSDARG00000088989"	0.187692727687124	0.865	0.9	"high"
"ENSDARG00000089019"	0.0780048261807275	0.468717948717949	0.5	"mid"
"ENSDARG00000089043"	0.0577479812431011	0.600833333333333	0.7	"mid"
"ENSDARG00000089050"	0.138301198076456	0.680944444444444	0.7	"mid"
"ENSDARG00000089066"	0.0914634521676199	0.293333333333333	0.3	"mid"
"ENSDARG00000089075"	0.110878442227494	0.393846153846154	0.4	"mid"
"ENSDARG00000089076"	0.014614305486228	0.16375	0.2	"low"
"ENSDARG00000089078"	0.0555272051884217	0.564545454545455	0.6	"mid"
"ENSDARG00000089086"	0.081811933764725	0.869370629370629	0.9	"high"
"ENSDARG00000089109"	0.0820104915896442	0.592222222222222	0.6	"mid"
"ENSDARG00000089156"	0.0245705627523317	0.76	0.8	"mid"
"ENSDARG00000089162"	0.0778504054479122	0.68	0.7	"mid"
"ENSDARG00000089187"	0.0745887844928521	0.501428571428571	0.6	"mid"
"ENSDARG00000089202"	0.249039405853953	0.737	0.8	"mid"
"ENSDARG00000089204"	0.0818227563427883	0.26125	0.3	"mid"
"ENSDARG00000089223"	0.0754984364408899	0.475454545454545	0.5	"mid"
"ENSDARG00000089225"	0.129389994917697	0.366818181818182	0.4	"mid"
"ENSDARG00000089236"	0.0912461426318051	0.474666666666667	0.5	"mid"
"ENSDARG00000089245"	0.077697851881596	0.354	0.4	"mid"
"ENSDARG00000089255"	0.15300192408822	0.806098901098901	0.9	"high"
"ENSDARG00000089260"	0.0569507157596451	0.425972222222222	0.5	"mid"
"ENSDARG00000089291"	0.135957615988351	0.6685	0.7	"mid"
"ENSDARG00000089302"	0.0719091214088984	0.797916666666667	0.8	"mid"
"ENSDARG00000089331"	0.135708506086615	0.705113636363636	0.8	"mid"
"ENSDARG00000089354"	0.0334554846413879	0.848333333333333	0.9	"high"
"ENSDARG00000089368"	0.103173589937009	0.520858585858586	0.6	"mid"
"ENSDARG00000089372"	0.0823132897400447	0.452222222222222	0.5	"mid"
"ENSDARG00000089399"	0.266840969810026	0.48375	0.5	"mid"
"ENSDARG00000089432"	0.150071613974198	0.933409090909091	1	"high"
"ENSDARG00000089434"	0.0665529877126457	0.762222222222222	0.8	"mid"
"ENSDARG00000089441"	0.117643244226912	0.757727272727273	0.8	"mid"
"ENSDARG00000089456"	0.0239608172541754	0.409464285714286	0.5	"mid"
"ENSDARG00000089478"	0.187692727687124	0.868461538461539	0.9	"high"
"ENSDARG00000089480"	0.1015216648992	0.180454545454545	0.2	"low"
"ENSDARG00000089489"	0.111292256034849	0.384090909090909	0.4	"mid"
"ENSDARG00000089505"	0.0436688391402369	0.415555555555556	0.5	"mid"
"ENSDARG00000089507"	0.161885968252523	0.54952380952381	0.6	"mid"
"ENSDARG00000089511"	0.152066737836399	0.862402597402598	0.9	"high"
"ENSDARG00000089519"	0.0855648258204818	0.449090909090909	0.5	"mid"
"ENSDARG00000089572"	0.0821358400295687	0.477222222222222	0.5	"mid"
"ENSDARG00000089581"	0.094543919525741	0.359659090909091	0.4	"mid"
"ENSDARG00000089626"	0.0790845309978706	0.425757575757576	0.5	"mid"
"ENSDARG00000089637"	0.121209307899584	0.571538461538462	0.6	"mid"
"ENSDARG00000089643"	0.176530753135585	0.26875	0.3	"mid"
"ENSDARG00000089645"	0.219058168609269	0.568181818181818	0.6	"mid"
"ENSDARG00000089646"	0.102320274212904	0.415	0.5	"mid"
"ENSDARG00000089663"	0.00237077679970702	0.790909090909091	0.8	"mid"
"ENSDARG00000089681"	0.016649548112399	0.251636363636364	0.3	"mid"
"ENSDARG00000089706"	0.145934857189377	0.583333333333333	0.6	"mid"
"ENSDARG00000089724"	0.120681012685385	0.814685314685315	0.9	"high"
"ENSDARG00000089767"	0.0588368364691759	0.479	0.5	"mid"
"ENSDARG00000089769"	0.107357361559232	0.697828282828283	0.7	"mid"
"ENSDARG00000089787"	0.0791767106996446	0.294416666666667	0.3	"mid"
"ENSDARG00000089790"	0.0477541028762955	0.544166666666667	0.6	"mid"
"ENSDARG00000089791"	0.0643063280965683	0.724818181818182	0.8	"mid"
"ENSDARG00000089821"	0.133508964205155	0.620568181818182	0.7	"mid"
"ENSDARG00000089828"	0.219403215401288	0.43094696969697	0.5	"mid"
"ENSDARG00000089836"	0.037266555148024	0.326704545454545	0.4	"mid"
"ENSDARG00000089861"	0.0616651796200486	0.250909090909091	0.3	"mid"
"ENSDARG00000089878"	0.0647796821326262	0.622222222222222	0.7	"mid"
"ENSDARG00000089885"	0.096632413854367	0.894166666666667	0.9	"high"
"ENSDARG00000089886"	0.0491706827672527	0.253741258741259	0.3	"mid"
"ENSDARG00000089914"	0.0874908631582603	0.27	0.3	"mid"
"ENSDARG00000089917"	0.132823889255194	0.342307692307692	0.4	"mid"
"ENSDARG00000089919"	0.139935541496827	0.654545454545455	0.7	"mid"
"ENSDARG00000089921"	0.0675992211205637	0.556805555555556	0.6	"mid"
"ENSDARG00000089922"	0.271502797003435	0.864285714285714	0.9	"high"
"ENSDARG00000089924"	0.0517475351973147	0.364615384615385	0.4	"mid"
"ENSDARG00000089930"	0.167752395882231	0.279326923076923	0.3	"mid"
"ENSDARG00000089933"	0.0868186409887544	0.385454545454545	0.4	"mid"
"ENSDARG00000089966"	0.195103697100718	0.916363636363636	1	"high"
"ENSDARG00000089976"	0.0477117051501902	0.400892857142857	0.5	"mid"
"ENSDARG00000089981"	0.0648883243004207	0.785	0.8	"mid"
"ENSDARG00000090036"	0.0302759275176787	0.357555555555556	0.4	"mid"
"ENSDARG00000090052"	0.0624665745761312	0.746666666666667	0.8	"mid"
"ENSDARG00000090062"	0.000317915167113182	0.434166666666667	0.5	"mid"
"ENSDARG00000090063"	0.0856798731483557	0.557323232323232	0.6	"mid"
"ENSDARG00000090072"	0.113521762159508	0.344545454545455	0.4	"mid"
"ENSDARG00000090086"	0.00856919843080554	0.641	0.7	"mid"
"ENSDARG00000090152"	0.0142568007870339	0.589	0.6	"mid"
"ENSDARG00000090185"	0.152151699934702	0.639821428571429	0.7	"mid"
"ENSDARG00000090194"	0.0740943430377492	0.315944055944056	0.4	"mid"
"ENSDARG00000090219"	0.0105728000280269	0.816583333333333	0.9	"high"
"ENSDARG00000090228"	0.104589885409409	0.917857142857143	1	"high"
"ENSDARG00000090237"	0.195103697100718	0.956923076923077	1	"high"
"ENSDARG00000090253"	0.109724019020588	0.335714285714286	0.4	"mid"
"ENSDARG00000090286"	0.214122320534847	0.944848484848485	1	"high"
"ENSDARG00000090301"	0.0538994272276381	0.275	0.3	"mid"
"ENSDARG00000090309"	0.0494667975341042	0.161772727272727	0.2	"low"
"ENSDARG00000090337"	0.157202141451399	0.7	0.7	"mid"
"ENSDARG00000090369"	0.0640570804685366	0.476717171717172	0.5	"mid"
"ENSDARG00000090428"	0.0989926766496347	0.442222222222222	0.5	"mid"
"ENSDARG00000090444"	0.150750335580872	0.599	0.6	"mid"
"ENSDARG00000090447"	0.141015586188939	0.475	0.5	"mid"
"ENSDARG00000090449"	0.195496793841207	0.693	0.7	"mid"
"ENSDARG00000090462"	0.0681714349254953	0.736666666666667	0.8	"mid"
"ENSDARG00000090469"	0.124153614939616	0.585909090909091	0.6	"mid"
"ENSDARG00000090503"	0.141000620735057	0.454949494949495	0.5	"mid"
"ENSDARG00000090512"	0.0409153386946776	0.444722222222222	0.5	"mid"
"ENSDARG00000090524"	0.150891517569989	0.504444444444444	0.6	"mid"
"ENSDARG00000090537"	0.291621749732759	0.466363636363636	0.5	"mid"
"ENSDARG00000090543"	0.0726103222067557	0.44	0.5	"mid"
"ENSDARG00000090552"	0.27432500374236	0.294166666666667	0.3	"mid"
"ENSDARG00000090560"	0.102183347330157	0.619363636363636	0.7	"mid"
"ENSDARG00000090568"	0.157501897405549	0.883	0.9	"high"
"ENSDARG00000090581"	0.145050966727114	0.611888888888889	0.7	"mid"
"ENSDARG00000090585"	0.0942239706040769	0.523333333333333	0.6	"mid"
"ENSDARG00000090600"	0.307623193229449	0.471090909090909	0.5	"mid"
"ENSDARG00000090612"	0.307623193229449	0.366880341880342	0.4	"mid"
"ENSDARG00000090615"	0.153036861343335	0.746309523809524	0.8	"mid"
"ENSDARG00000090617"	0.0460962334046544	0.562222222222222	0.6	"mid"
"ENSDARG00000090625"	0.141358266292528	0.374545454545455	0.4	"mid"
"ENSDARG00000090634"	0.113610729212037	0.774090909090909	0.8	"mid"
"ENSDARG00000090654"	0.046698971630457	0.468051948051948	0.5	"mid"
"ENSDARG00000090687"	0.0517263061150485	0.499642857142857	0.5	"mid"
"ENSDARG00000090722"	0.266526682384774	0.951111111111111	1	"high"
"ENSDARG00000090730"	0.163727608871456	0.6	0.6	"mid"
"ENSDARG00000090747"	0.109889301803804	0.200909090909091	0.3	"mid"
"ENSDARG00000090752"	0.0379589318017462	0.814961538461539	0.9	"high"
"ENSDARG00000090778"	0.0176942116322803	0.620763888888889	0.7	"mid"
"ENSDARG00000090788"	0.0467490863955808	0.285054945054945	0.3	"mid"
"ENSDARG00000090793"	0.140282585838593	0.544545454545455	0.6	"mid"
"ENSDARG00000090804"	0.0966707769711061	0.372727272727273	0.4	"mid"
"ENSDARG00000090820"	0.0960820218056318	0.363333333333333	0.4	"mid"
"ENSDARG00000090822"	0.10140702257185	0.725555555555556	0.8	"mid"
"ENSDARG00000090830"	0.0338106068048956	0.232307692307692	0.3	"mid"
"ENSDARG00000090836"	0.0972759353272437	0.24	0.3	"mid"
"ENSDARG00000090844"	0.218155722039492	0.491818181818182	0.5	"mid"
"ENSDARG00000090847"	0.307623193229449	0.451031746031746	0.5	"mid"
"ENSDARG00000090850"	0.214122320534847	0.956666666666667	1	"high"
"ENSDARG00000090851"	0.156622413890777	0.846363636363636	0.9	"high"
"ENSDARG00000090854"	0.0647415612545622	0.33125	0.4	"mid"
"ENSDARG00000090871"	0.139507858361487	0.355555555555556	0.4	"mid"
"ENSDARG00000090882"	0.307623193229449	0.347777777777778	0.4	"mid"
"ENSDARG00000090889"	0.104958746301127	0.622792207792208	0.7	"mid"
"ENSDARG00000090890"	0.147085234377281	0.669318181818182	0.7	"mid"
"ENSDARG00000090912"	0.105030940388051	0.58	0.6	"mid"
"ENSDARG00000090914"	0.115796586625779	0.673571428571428	0.7	"mid"
"ENSDARG00000090971"	0.114157327369186	0.4	0.4	"mid"
"ENSDARG00000090980"	0.219663609892831	0.718055555555556	0.8	"mid"
"ENSDARG00000090993"	0.107757393451844	0.353636363636364	0.4	"mid"
"ENSDARG00000090997"	0.107527408716819	0.496666666666667	0.5	"mid"
"ENSDARG00000091001"	0.134132191440127	0.652840909090909	0.7	"mid"
"ENSDARG00000091003"	0.171935957723617	0.435	0.5	"mid"
"ENSDARG00000091058"	0.186442209715653	0.613863636363636	0.7	"mid"
"ENSDARG00000091061"	0.0392106719760014	0.762552447552448	0.8	"mid"
"ENSDARG00000091079"	0.106460775957431	0.265785714285714	0.3	"mid"
"ENSDARG00000091111"	0.172681227041765	0.669615384615385	0.7	"mid"
"ENSDARG00000091116"	0.120752974423008	0.6075	0.7	"mid"
"ENSDARG00000091127"	0.0556148912080929	0.402222222222222	0.5	"mid"
"ENSDARG00000091131"	0.0304299952334941	0.684428571428571	0.7	"mid"
"ENSDARG00000091150"	0.149429969379467	0.656363636363636	0.7	"mid"
"ENSDARG00000091198"	0.0814451264899606	0.537121212121212	0.6	"mid"
"ENSDARG00000091209"	0.0648135734670763	0.846363636363636	0.9	"high"
"ENSDARG00000091211"	0.116580705861662	0.713333333333333	0.8	"mid"
"ENSDARG00000091222"	0.118100906427012	0.708333333333333	0.8	"mid"
"ENSDARG00000091232"	0.107715001852724	0.923636363636364	1	"high"
"ENSDARG00000091234"	0.16679373677167	0.884444444444444	0.9	"high"
"ENSDARG00000091271"	0.222385792252561	0.408888888888889	0.5	"mid"
"ENSDARG00000091277"	0.0359698760180843	0.225	0.3	"mid"
"ENSDARG00000091293"	0.036158554630408	0.4525	0.5	"mid"
"ENSDARG00000091298"	0.147604154166211	0.826666666666667	0.9	"high"
"ENSDARG00000091304"	0.137983840844773	0.254305555555556	0.3	"mid"
"ENSDARG00000091306"	0.048297802365506	0.281022727272727	0.3	"mid"
"ENSDARG00000091320"	0.176215288360353	0.591111111111111	0.6	"mid"
"ENSDARG00000091367"	0.012550478429826	0.213787878787879	0.3	"mid"
"ENSDARG00000091377"	0.17448444114868	0.6875	0.7	"mid"
"ENSDARG00000091385"	0.0928051891637931	0.433333333333333	0.5	"mid"
"ENSDARG00000091409"	0.195103697100718	0.925833333333333	1	"high"
"ENSDARG00000091413"	0.0437422715877206	0.7955	0.8	"mid"
"ENSDARG00000091418"	0.0324576582626352	0.447083333333333	0.5	"mid"
"ENSDARG00000091419"	0.00959201317464386	0.733547008547009	0.8	"mid"
"ENSDARG00000091433"	0.017922469972344	0.4525	0.5	"mid"
"ENSDARG00000091471"	0.198896861736171	0.472727272727273	0.5	"mid"
"ENSDARG00000091481"	0.0232429491745376	0.6875	0.7	"mid"
"ENSDARG00000091503"	0.0836594651946119	0.722083333333333	0.8	"mid"
"ENSDARG00000091512"	0.0846358277018487	0.357237762237762	0.4	"mid"
"ENSDARG00000091513"	0.0535136887006773	0.377	0.4	"mid"
"ENSDARG00000091538"	0.0991167838418587	0.355555555555556	0.4	"mid"
"ENSDARG00000091555"	0.036514659939233	0.321818181818182	0.4	"mid"
"ENSDARG00000091558"	0.181397548787631	0.823636363636364	0.9	"high"
"ENSDARG00000091563"	0.0297935803955883	0.184318181818182	0.2	"low"
"ENSDARG00000091574"	0.0889053788029797	0.502788461538461	0.6	"mid"
"ENSDARG00000091576"	0.125441755714372	0.629191919191919	0.7	"mid"
"ENSDARG00000091595"	0.0862315835304127	0.511477272727273	0.6	"mid"
"ENSDARG00000091598"	0.0875857828651094	0.485555555555556	0.5	"mid"
"ENSDARG00000091619"	0.0715632314857962	0.431856060606061	0.5	"mid"
"ENSDARG00000091624"	0.134782822036456	0.83	0.9	"high"
"ENSDARG00000091631"	0.193412084391664	0.441071428571429	0.5	"mid"
"ENSDARG00000091652"	0.068945258678437	0.407777777777778	0.5	"mid"
"ENSDARG00000091655"	0.0865362239788464	0.315772727272727	0.4	"mid"
"ENSDARG00000091656"	0.0170763905650765	0.357651515151515	0.4	"mid"
"ENSDARG00000091678"	0.080601287345936	0.443030303030303	0.5	"mid"
"ENSDARG00000091683"	0.0488279242978572	0.505227272727273	0.6	"mid"
"ENSDARG00000091692"	0.138605505271272	0.526363636363636	0.6	"mid"
"ENSDARG00000091699"	0.0753456635818705	0.405333333333333	0.5	"mid"
"ENSDARG00000091726"	0.0638233249917974	0.4675	0.5	"mid"
"ENSDARG00000091730"	0.108810919247504	0.990353535353535	1	"high"
"ENSDARG00000091734"	0.0945837943236126	0.701681818181818	0.8	"mid"
"ENSDARG00000091754"	0.127124148353744	0.90925	1	"high"
"ENSDARG00000091760"	0.0868278178684355	0.364675324675325	0.4	"mid"
"ENSDARG00000091762"	0.0983954960064306	0.311538461538462	0.4	"mid"
"ENSDARG00000091768"	0.112369902564917	0.475833333333333	0.5	"mid"
"ENSDARG00000091771"	0.0583926440102245	0.461153846153846	0.5	"mid"
"ENSDARG00000091801"	0.163923436175268	0.718888888888889	0.8	"mid"
"ENSDARG00000091813"	0.104837177838542	0.586161616161616	0.6	"mid"
"ENSDARG00000091821"	0.0969420550224613	0.495454545454545	0.5	"mid"
"ENSDARG00000091831"	0.0514889064903874	0.350454545454545	0.4	"mid"
"ENSDARG00000091834"	0.21266435662673	0.767159090909091	0.8	"mid"
"ENSDARG00000091836"	0.0673311770295092	0.356153846153846	0.4	"mid"
"ENSDARG00000091902"	0.0977375340614228	0.700079365079365	0.8	"mid"
"ENSDARG00000091916"	0.129602999965506	0.538181818181818	0.6	"mid"
"ENSDARG00000091931"	0.11642736937437	0.689722222222222	0.7	"mid"
"ENSDARG00000091932"	0.0991914081942264	0.540568181818182	0.6	"mid"
"ENSDARG00000091967"	0.181711088180502	0.5075	0.6	"mid"
"ENSDARG00000091970"	0.274367122590988	0.618701298701299	0.7	"mid"
"ENSDARG00000091972"	0.253496082604436	0.573194444444444	0.6	"mid"
"ENSDARG00000092026"	0.190754505889571	0.714166666666667	0.8	"mid"
"ENSDARG00000092067"	0.103289958328191	0.5915	0.6	"mid"
"ENSDARG00000092090"	0.187692727687124	0.601168831168831	0.7	"mid"
"ENSDARG00000092112"	0.0523694449678692	0.535909090909091	0.6	"mid"
"ENSDARG00000092115"	0.017109547125314	0.753333333333333	0.8	"mid"
"ENSDARG00000092123"	0.151383924639073	0.618601398601399	0.7	"mid"
"ENSDARG00000092124"	0.0955033758251173	0.910138888888889	1	"high"
"ENSDARG00000092134"	0.0979641438682436	0.33	0.4	"mid"
"ENSDARG00000092136"	0.129752154806007	0.468888888888889	0.5	"mid"
"ENSDARG00000092154"	0.155051211981947	0.282272727272727	0.3	"mid"
"ENSDARG00000092155"	0.257866464762072	0.655227272727273	0.7	"mid"
"ENSDARG00000092158"	0.0644542594285744	0.487727272727273	0.5	"mid"
"ENSDARG00000092166"	0.150494013234593	0.462575757575758	0.5	"mid"
"ENSDARG00000092199"	0.148110220700572	0.379871794871795	0.4	"mid"
"ENSDARG00000092204"	0.274367122590988	0.773333333333333	0.8	"mid"
"ENSDARG00000092240"	0.137364053896686	0.506022727272727	0.6	"mid"
"ENSDARG00000092305"	0.0211837385341726	0.313484848484848	0.4	"mid"
"ENSDARG00000092360"	0.127081908252531	0.413166666666667	0.5	"mid"
"ENSDARG00000092362"	0.044285152111927	0.755	0.8	"mid"
"ENSDARG00000092394"	0.0331898790973642	0.526666666666667	0.6	"mid"
"ENSDARG00000092407"	0.233539059933899	0.375714285714286	0.4	"mid"
"ENSDARG00000092458"	0.123272843235315	0.54548951048951	0.6	"mid"
"ENSDARG00000092473"	0.118322698560029	0.241818181818182	0.3	"mid"
"ENSDARG00000092478"	0.0470572890614194	0.455	0.5	"mid"
"ENSDARG00000092493"	0.086943204778728	0.231818181818182	0.3	"mid"
"ENSDARG00000092498"	0.164608673486603	0.853333333333333	0.9	"high"
"ENSDARG00000092499"	0.132914264807741	0.652222222222222	0.7	"mid"
"ENSDARG00000092503"	0.0987254244188015	0.260727272727273	0.3	"mid"
"ENSDARG00000092508"	0.181711088180502	0.3925	0.4	"mid"
"ENSDARG00000092556"	0.176916578578533	0.338181818181818	0.4	"mid"
"ENSDARG00000092584"	0.140924726488014	0.584166666666667	0.6	"mid"
"ENSDARG00000092609"	0.103495936556225	0.183194444444444	0.2	"low"
"ENSDARG00000092610"	0.111985597041876	0.390804195804196	0.4	"mid"
"ENSDARG00000092634"	0.255063197848561	0.759810606060606	0.8	"mid"
"ENSDARG00000092638"	0.0293661987022652	0.49875	0.5	"mid"
"ENSDARG00000092659"	0.00987676883569774	0.61	0.7	"mid"
"ENSDARG00000092660"	0.0769149468869152	0.440769230769231	0.5	"mid"
"ENSDARG00000092677"	0.138813950766412	0.723666666666667	0.8	"mid"
"ENSDARG00000092766"	0.0957125525886923	0.787615384615385	0.8	"mid"
"ENSDARG00000092810"	0.131847946126227	0.533846153846154	0.6	"mid"
"ENSDARG00000092849"	0.148113385945691	0.335166666666667	0.4	"mid"
"ENSDARG00000092856"	0.111921474276952	0.448	0.5	"mid"
"ENSDARG00000092858"	0.174500151906098	0.847525252525253	0.9	"high"
"ENSDARG00000092887"	0.164608673486603	0.788888888888889	0.8	"mid"
"ENSDARG00000092889"	0.187630981522248	0.706269841269841	0.8	"mid"
"ENSDARG00000092895"	0.096573725181744	0.811818181818182	0.9	"high"
"ENSDARG00000092903"	0.120920519054698	0.611388888888889	0.7	"mid"
"ENSDARG00000092919"	0.22159190780593	0.711666666666667	0.8	"mid"
"ENSDARG00000092954"	0.0684981441158387	0.473636363636364	0.5	"mid"
"ENSDARG00000092970"	0.0347916782622327	0.579090909090909	0.6	"mid"
"ENSDARG00000092976"	0.124657627756302	0.492777777777778	0.5	"mid"
"ENSDARG00000092979"	0.0488476293907072	0.226818181818182	0.3	"mid"
"ENSDARG00000092998"	0.107393162543971	0.403181818181818	0.5	"mid"
"ENSDARG00000092999"	0.0829034969471906	0.848333333333333	0.9	"high"
"ENSDARG00000093003"	0.154612822365979	0.407727272727273	0.5	"mid"
"ENSDARG00000093006"	0.126013722385544	0.693484848484848	0.7	"mid"
"ENSDARG00000093007"	0.0693412713479114	0.497181818181818	0.5	"mid"
"ENSDARG00000093008"	0.179837352977964	0.78	0.8	"mid"
"ENSDARG00000093022"	0.102353495917453	0.577	0.6	"mid"
"ENSDARG00000093058"	0.0606787890032544	0.513766233766234	0.6	"mid"
"ENSDARG00000093070"	0.16361522571266	0.351818181818182	0.4	"mid"
"ENSDARG00000093089"	0.195420633540648	0.861212121212121	0.9	"high"
"ENSDARG00000093111"	0.307623193229449	0.370909090909091	0.4	"mid"
"ENSDARG00000093157"	0.651477926429247	0.237928571428571	0.3	"mid"
"ENSDARG00000093176"	0.105829743238222	0.727272727272727	0.8	"mid"
"ENSDARG00000093186"	0.189224000833232	0.720863636363636	0.8	"mid"
"ENSDARG00000093193"	0.127696083133002	0.739305555555556	0.8	"mid"
"ENSDARG00000093199"	0.178580778681099	0.515454545454545	0.6	"mid"
"ENSDARG00000093214"	0.107607796376815	0.744090909090909	0.8	"mid"
"ENSDARG00000093235"	0.10810344268786	0.534772727272727	0.6	"mid"
"ENSDARG00000093253"	0.0566456176197707	0.265	0.3	"mid"
"ENSDARG00000093406"	0.0360027914086366	0.233928571428571	0.3	"mid"
"ENSDARG00000093413"	0.0401026265095583	0.643522727272727	0.7	"mid"
"ENSDARG00000093420"	0.0297727146367583	0.6695	0.7	"mid"
"ENSDARG00000093440"	0.0800808179959901	0.36	0.4	"mid"
"ENSDARG00000093448"	0.057996841599325	0.865	0.9	"high"
"ENSDARG00000093546"	0.274367122590988	0.718636363636364	0.8	"mid"
"ENSDARG00000093572"	0.110144086639936	0.605272727272727	0.7	"mid"
"ENSDARG00000093597"	0.225881256836811	0.623333333333333	0.7	"mid"
"ENSDARG00000093606"	0.0232357466899759	0.826388888888889	0.9	"high"
"ENSDARG00000093622"	0.151945219022315	0.793333333333333	0.8	"mid"
"ENSDARG00000093640"	0.122059506679423	0.85	0.9	"high"
"ENSDARG00000093658"	0.141910318351176	0.399666666666667	0.4	"mid"
"ENSDARG00000093659"	0.109896985686966	0.327878787878788	0.4	"mid"
"ENSDARG00000093684"	0.0981859053170114	0.535	0.6	"mid"
"ENSDARG00000093687"	0.166658682399054	0.415	0.5	"mid"
"ENSDARG00000093768"	0.0962997135058605	0.446923076923077	0.5	"mid"
"ENSDARG00000093773"	0.140752684006446	0.278	0.3	"mid"
"ENSDARG00000093774"	0.0985971614380213	0.910545454545455	1	"high"
"ENSDARG00000093821"	0.0921837326625254	0.446363636363636	0.5	"mid"
"ENSDARG00000093833"	0.054485097595001	0.348666666666667	0.4	"mid"
"ENSDARG00000093844"	0.0989926766496347	0.650909090909091	0.7	"mid"
"ENSDARG00000093864"	0.0497899851383027	0.423055555555556	0.5	"mid"
"ENSDARG00000093931"	0.0910753610261951	0.780769230769231	0.8	"mid"
"ENSDARG00000093945"	0.049444051608524	0.3125	0.4	"mid"
"ENSDARG00000093960"	0.253496082604436	0.655	0.7	"mid"
"ENSDARG00000093978"	0.0505207324499359	0.418181818181818	0.5	"mid"
"ENSDARG00000093999"	0.181711088180502	0.295707070707071	0.3	"mid"
"ENSDARG00000094002"	0.188906194631676	0.708809523809524	0.8	"mid"
"ENSDARG00000094010"	0.172057071753772	0.3825	0.4	"mid"
"ENSDARG00000094025"	0.125165127308304	0.421474358974359	0.5	"mid"
"ENSDARG00000094043"	0.181711088180502	0.311111111111111	0.4	"mid"
"ENSDARG00000094107"	0.181711088180502	0.447272727272727	0.5	"mid"
"ENSDARG00000094112"	0.186577054163558	0.39780303030303	0.4	"mid"
"ENSDARG00000094133"	0.231645368670299	0.697272727272727	0.7	"mid"
"ENSDARG00000094191"	0.0677791101807913	0.206477272727273	0.3	"mid"
"ENSDARG00000094204"	0.12384974271674	0.449090909090909	0.5	"mid"
"ENSDARG00000094210"	0.0821756641610152	0.764583333333333	0.8	"mid"
"ENSDARG00000094258"	0.096295424347093	0.244848484848485	0.3	"mid"
"ENSDARG00000094277"	0.13670245179888	0.499090909090909	0.5	"mid"
"ENSDARG00000094300"	0.0553581526366028	0.894861111111111	0.9	"high"
"ENSDARG00000094310"	0.0445716323245921	0.506416666666667	0.6	"mid"
"ENSDARG00000094324"	0.044732373233917	0.547323232323232	0.6	"mid"
"ENSDARG00000094345"	0.173081438570382	0.661666666666667	0.7	"mid"
"ENSDARG00000094370"	0.187692727687124	0.535833333333333	0.6	"mid"
"ENSDARG00000094380"	0.063811886255307	0.373650793650794	0.4	"mid"
"ENSDARG00000094433"	0.141446689480562	0.575454545454545	0.6	"mid"
"ENSDARG00000094438"	0.117736606685258	0.762727272727273	0.8	"mid"
"ENSDARG00000094451"	0.0770926443815967	0.643333333333333	0.7	"mid"
"ENSDARG00000094511"	0.129535299863733	0.779848484848485	0.8	"mid"
"ENSDARG00000094516"	0.0696153889224563	0.551888888888889	0.6	"mid"
"ENSDARG00000094557"	0.0939467200299187	0.877222222222222	0.9	"high"
"ENSDARG00000094578"	0.229786950774431	0.538125	0.6	"mid"
"ENSDARG00000094590"	0.0388366787433467	0.306527777777778	0.4	"mid"
"ENSDARG00000094616"	0.164713863014184	0.87	0.9	"high"
"ENSDARG00000094646"	0.0374415815558154	0.330909090909091	0.4	"mid"
"ENSDARG00000094673"	0.0188352351996659	0.6675	0.7	"mid"
"ENSDARG00000094695"	0.0817881444164554	0.386	0.4	"mid"
"ENSDARG00000094704"	0.0820632184013242	0.496363636363636	0.5	"mid"
"ENSDARG00000094709"	0.0124009210992103	0.512727272727273	0.6	"mid"
"ENSDARG00000094730"	0.131102756495567	0.425	0.5	"mid"
"ENSDARG00000094736"	0.148113385945691	0.383181818181818	0.4	"mid"
"ENSDARG00000094752"	0.0688198646190849	0.396666666666667	0.4	"mid"
"ENSDARG00000094809"	0.274367122590988	0.472857142857143	0.5	"mid"
"ENSDARG00000094833"	0.0744893457634097	0.60968253968254	0.7	"mid"
"ENSDARG00000094836"	0.0787753621485142	0.446818181818182	0.5	"mid"
"ENSDARG00000094854"	0.274367122590988	0.766666666666667	0.8	"mid"
"ENSDARG00000094857"	0.0638627911592527	0.66	0.7	"mid"
"ENSDARG00000094889"	0.0812378518863175	0.246363636363636	0.3	"mid"
"ENSDARG00000094965"	0.10420089293833	0.907090909090909	1	"high"
"ENSDARG00000094992"	0.0210596310887997	0.757222222222222	0.8	"mid"
"ENSDARG00000095007"	0.0610340516787224	0.382532467532468	0.4	"mid"
"ENSDARG00000095019"	0.0115996911478507	0.429090909090909	0.5	"mid"
"ENSDARG00000095046"	0.0672356036502469	0.696	0.7	"mid"
"ENSDARG00000095090"	0.216398785821325	0.542	0.6	"mid"
"ENSDARG00000095126"	0.164542592384206	0.500769230769231	0.6	"mid"
"ENSDARG00000095152"	0.0555266852993105	0.347777777777778	0.4	"mid"
"ENSDARG00000095157"	0.174149743905786	0.613409090909091	0.7	"mid"
"ENSDARG00000095193"	0.149898185773545	0.950833333333333	1	"high"
"ENSDARG00000095224"	0.0868004420600214	0.564545454545455	0.6	"mid"
"ENSDARG00000095283"	0.0740957038900064	0.385555555555556	0.4	"mid"
"ENSDARG00000095295"	0.307623193229449	0.397878787878788	0.4	"mid"
"ENSDARG00000095332"	0.0957125525886923	0.268181818181818	0.3	"mid"
"ENSDARG00000095339"	0.0565858365594603	0.394393939393939	0.4	"mid"
"ENSDARG00000095462"	0.122316558114825	0.459318181818182	0.5	"mid"
"ENSDARG00000095464"	0.101041826137169	0.371022727272727	0.4	"mid"
"ENSDARG00000095497"	0.0401993351238176	0.380037878787879	0.4	"mid"
"ENSDARG00000095538"	0.0753145795024305	0.377575757575758	0.4	"mid"
"ENSDARG00000095553"	0.0964187811560305	0.483642857142857	0.5	"mid"
"ENSDARG00000095580"	0.0733557826900415	0.593693181818182	0.6	"mid"
"ENSDARG00000095590"	0.264631502691504	0.623333333333333	0.7	"mid"
"ENSDARG00000095594"	0.124809729161763	0.822373737373737	0.9	"high"
"ENSDARG00000095615"	0.135008048750455	0.755	0.8	"mid"
"ENSDARG00000095623"	0.12703667900209	0.435194805194805	0.5	"mid"
"ENSDARG00000095627"	0.130261442085781	0.667777777777778	0.7	"mid"
"ENSDARG00000095643"	0.307623193229449	0.500113636363636	0.6	"mid"
"ENSDARG00000095675"	0.158992248346877	0.503846153846154	0.6	"mid"
"ENSDARG00000095695"	0.274367122590988	0.651767676767677	0.7	"mid"
"ENSDARG00000095705"	0.125748320876391	0.409230769230769	0.5	"mid"
"ENSDARG00000095751"	0.266526682384774	0.859785714285714	0.9	"high"
"ENSDARG00000095754"	0.110877675086211	0.476555555555556	0.5	"mid"
"ENSDARG00000095774"	0.182390555374094	0.679166666666667	0.7	"mid"
"ENSDARG00000095793"	0.132725018772843	0.68	0.7	"mid"
"ENSDARG00000095796"	0.2131820359814	0.528888888888889	0.6	"mid"
"ENSDARG00000095807"	0.205356633581965	0.851527777777778	0.9	"high"
"ENSDARG00000095830"	0.163923436175268	0.302222222222222	0.4	"mid"
"ENSDARG00000095863"	0.193550905301098	0.853636363636364	0.9	"high"
"ENSDARG00000095879"	0.0736558697082795	0.465113636363636	0.5	"mid"
"ENSDARG00000095904"	0.0123718078588661	0.297909090909091	0.3	"mid"
"ENSDARG00000095908"	0.0681129067418749	0.671111111111111	0.7	"mid"
"ENSDARG00000095930"	0.0380248633170779	0.518888888888889	0.6	"mid"
"ENSDARG00000095963"	0.189376005335117	0.756227272727273	0.8	"mid"
"ENSDARG00000096003"	0.0983283925357531	0.932	1	"high"
"ENSDARG00000096045"	0.101054609441612	0.449242424242424	0.5	"mid"
"ENSDARG00000096095"	0.207517266636761	0.777	0.8	"mid"
"ENSDARG00000096118"	0.0106297478809721	0.959	1	"high"
"ENSDARG00000096229"	0.112362203444077	0.545378787878788	0.6	"mid"
"ENSDARG00000096242"	0.0785265247219918	0.537777777777778	0.6	"mid"
"ENSDARG00000096249"	0.00346708820673189	0.472777777777778	0.5	"mid"
"ENSDARG00000096398"	0.0907331735553726	0.489090909090909	0.5	"mid"
"ENSDARG00000096411"	0.0988232307628116	0.3755	0.4	"mid"
"ENSDARG00000096454"	0.0186604711831433	0.717727272727273	0.8	"mid"
"ENSDARG00000096457"	0.062989716720966	0.335954545454545	0.4	"mid"
"ENSDARG00000096528"	0.0972759353272437	0.315454545454545	0.4	"mid"
"ENSDARG00000096546"	0.0481758880028741	0.407777777777778	0.5	"mid"
"ENSDARG00000096554"	0.178307061149366	0.63	0.7	"mid"
"ENSDARG00000096562"	0.117496467752312	0.811666666666667	0.9	"high"
"ENSDARG00000096575"	0.114071954926511	0.324545454545455	0.4	"mid"
"ENSDARG00000096603"	0.111245733704771	0.622727272727273	0.7	"mid"
"ENSDARG00000096631"	0.0659661869284454	0.409038461538462	0.5	"mid"
"ENSDARG00000096661"	0.0816787806527675	0.6025	0.7	"mid"
"ENSDARG00000096668"	0.0499496260894198	0.645666666666667	0.7	"mid"
"ENSDARG00000096714"	0.0545984410586741	0.454	0.5	"mid"
"ENSDARG00000096749"	0.13971242867957	0.434136363636364	0.5	"mid"
"ENSDARG00000096797"	0.0498772768934436	0.364545454545455	0.4	"mid"
"ENSDARG00000096829"	0.0731881746388502	0.611313131313131	0.7	"mid"
"ENSDARG00000096849"	0.0956891752173226	0.605166666666667	0.7	"mid"
"ENSDARG00000096979"	0.105030940388051	0.743787878787879	0.8	"mid"
"ENSDARG00000096995"	0.0925301057818052	0.489583333333333	0.5	"mid"
"ENSDARG00000097008"	0.0729460485590157	0.558888888888889	0.6	"mid"
"ENSDARG00000097017"	0.0448735019653296	0.659125874125874	0.7	"mid"
"ENSDARG00000097019"	0.217333118816265	0.473653846153846	0.5	"mid"
"ENSDARG00000097082"	0.116974518214688	0.61	0.7	"mid"
"ENSDARG00000097102"	0.0689579763367668	0.337142857142857	0.4	"mid"
"ENSDARG00000097110"	0.0599067229151965	0.352916666666667	0.4	"mid"
"ENSDARG00000097155"	0.122466843632099	0.600492424242424	0.7	"mid"
"ENSDARG00000097193"	0.149405102843523	0.532727272727273	0.6	"mid"
"ENSDARG00000097205"	0.0519650569473949	0.959583333333333	1	"high"
"ENSDARG00000097208"	0.0443338678258372	0.938333333333333	1	"high"
"ENSDARG00000097209"	0.148433866590602	0.86	0.9	"high"
"ENSDARG00000097236"	0.0697253171983064	0.280363636363636	0.3	"mid"
"ENSDARG00000097256"	0.0625118168843233	0.4875	0.5	"mid"
"ENSDARG00000097281"	0.164542592384206	0.374090909090909	0.4	"mid"
"ENSDARG00000097284"	0.0601317836038579	0.774	0.8	"mid"
"ENSDARG00000097299"	0.0688370694765879	0.569090909090909	0.6	"mid"
"ENSDARG00000097310"	0.114740659101202	0.583181818181818	0.6	"mid"
"ENSDARG00000097322"	0.0337596615799003	0.448571428571429	0.5	"mid"
"ENSDARG00000097346"	0.144726546008585	0.6305	0.7	"mid"
"ENSDARG00000097465"	0.144140421763287	0.4	0.4	"mid"
"ENSDARG00000097473"	0.136715570428732	0.601111111111111	0.7	"mid"
"ENSDARG00000097478"	0.0375082764755727	0.263388888888889	0.3	"mid"
"ENSDARG00000097483"	0.143909517284855	0.838714285714286	0.9	"high"
"ENSDARG00000097489"	0.121745085391369	0.556805555555556	0.6	"mid"
"ENSDARG00000097537"	0.0208628001918773	0.82625	0.9	"high"
"ENSDARG00000097556"	0.147417065802514	0.341666666666667	0.4	"mid"
"ENSDARG00000097559"	0.147417065802514	0.577272727272727	0.6	"mid"
"ENSDARG00000097591"	0.19954260678518	0.522916666666667	0.6	"mid"
"ENSDARG00000097615"	0.205784686935733	0.476262626262626	0.5	"mid"
"ENSDARG00000097620"	0.164542592384206	0.371666666666667	0.4	"mid"
"ENSDARG00000097630"	0.16419349155437	0.558055555555556	0.6	"mid"
"ENSDARG00000097639"	0.145849228659462	0.61797619047619	0.7	"mid"
"ENSDARG00000097660"	0.0265906785651226	0.456818181818182	0.5	"mid"
"ENSDARG00000097683"	0.101870500102887	0.636666666666667	0.7	"mid"
"ENSDARG00000097693"	0.206177571714266	0.716	0.8	"mid"
"ENSDARG00000097696"	0.0936521498056151	0.23275641025641	0.3	"mid"
"ENSDARG00000097718"	0.0620437637438842	0.703333333333333	0.8	"mid"
"ENSDARG00000097740"	0.146666352420136	0.571818181818182	0.6	"mid"
"ENSDARG00000097753"	0.162673345961281	0.696752136752137	0.7	"mid"
"ENSDARG00000097789"	0.169451814910549	0.834343434343434	0.9	"high"
"ENSDARG00000097808"	0.164542592384206	0.439166666666667	0.5	"mid"
"ENSDARG00000097824"	0.0392411162453528	0.395833333333333	0.4	"mid"
"ENSDARG00000097827"	0.0313930170997718	0.510979020979021	0.6	"mid"
"ENSDARG00000097845"	0.183539349878303	0.531666666666667	0.6	"mid"
"ENSDARG00000097855"	0.0939546404925519	0.566666666666667	0.6	"mid"
"ENSDARG00000097863"	0.0401993351238176	0.563636363636364	0.6	"mid"
"ENSDARG00000097877"	0.110280389778881	0.539090909090909	0.6	"mid"
"ENSDARG00000097897"	0.0699891776679713	0.302083333333333	0.4	"mid"
"ENSDARG00000097938"	0.106132291487791	0.640839160839161	0.7	"mid"
"ENSDARG00000098013"	0.0482091206076431	0.395555555555556	0.4	"mid"
"ENSDARG00000098017"	0.0963901247780064	0.478636363636364	0.5	"mid"
"ENSDARG00000098059"	0.0585404959136551	0.454318181818182	0.5	"mid"
"ENSDARG00000098074"	0.0857256478781115	0.304363636363636	0.4	"mid"
"ENSDARG00000098075"	0.0825970865773647	0.124444444444444	0.2	"low"
"ENSDARG00000098080"	0.0450976275899984	0.441818181818182	0.5	"mid"
"ENSDARG00000098099"	0.0896109914585735	0.66	0.7	"mid"
"ENSDARG00000098105"	0.0887796306968062	0.302386363636364	0.4	"mid"
"ENSDARG00000098108"	0.0696900188569048	0.827689393939394	0.9	"high"
"ENSDARG00000098112"	0.205704309842675	0.660833333333333	0.7	"mid"
"ENSDARG00000098114"	0.0632542896615967	0.188181818181818	0.2	"low"
"ENSDARG00000098129"	0.161897673623374	0.560606060606061	0.6	"mid"
"ENSDARG00000098130"	0.0373566788572772	0.527597402597403	0.6	"mid"
"ENSDARG00000098140"	0.0318884015489092	0.496642857142857	0.5	"mid"
"ENSDARG00000098141"	0.0739383105013483	0.462	0.5	"mid"
"ENSDARG00000098153"	0.0381180517699439	0.494545454545455	0.5	"mid"
"ENSDARG00000098158"	0.0533239022085557	0.672222222222222	0.7	"mid"
"ENSDARG00000098162"	0.152665984685241	0.502916666666667	0.6	"mid"
"ENSDARG00000098171"	0.170666441482732	0.508621794871795	0.6	"mid"
"ENSDARG00000098191"	0.151843262561588	0.616666666666667	0.7	"mid"
"ENSDARG00000098204"	0.158252248700163	0.94510101010101	1	"high"
"ENSDARG00000098209"	0.183218165694459	0.479	0.5	"mid"
"ENSDARG00000098224"	0.0622018474668689	0.395795454545455	0.4	"mid"
"ENSDARG00000098239"	0.106792556370948	0.557386363636364	0.6	"mid"
"ENSDARG00000098240"	0.0185189572384909	0.384583333333333	0.4	"mid"
"ENSDARG00000098247"	0.00976700291845299	0.288333333333333	0.3	"mid"
"ENSDARG00000098273"	0.0252139982667515	0.495833333333333	0.5	"mid"
"ENSDARG00000098304"	0.0302113267392281	0.187909090909091	0.2	"low"
"ENSDARG00000098312"	0.109928119145226	0.766	0.8	"mid"
"ENSDARG00000098315"	0.143430804081765	0.631111111111111	0.7	"mid"
"ENSDARG00000098317"	0.0630845359360321	0.351388888888889	0.4	"mid"
"ENSDARG00000098344"	0.0413658936845835	0.345	0.4	"mid"
"ENSDARG00000098349"	0.0400434181955855	0.588333333333333	0.6	"mid"
"ENSDARG00000098350"	0.0623410015678092	0.606666666666667	0.7	"mid"
"ENSDARG00000098361"	0.0514684894877616	0.501428571428571	0.6	"mid"
"ENSDARG00000098367"	0.00535671312150472	0.511103896103896	0.6	"mid"
"ENSDARG00000098368"	0.0492760694946947	0.3455	0.4	"mid"
"ENSDARG00000098375"	0.0698969775767043	0.353333333333333	0.4	"mid"
"ENSDARG00000098386"	0.0314894789144582	0.441090909090909	0.5	"mid"
"ENSDARG00000098391"	0.119603395327331	0.383333333333333	0.4	"mid"
"ENSDARG00000098392"	0.0701665953805108	0.2065	0.3	"mid"
"ENSDARG00000098414"	0.102981240291359	0.644	0.7	"mid"
"ENSDARG00000098433"	0.124630110474991	0.452277777777778	0.5	"mid"
"ENSDARG00000098438"	0.0357179211934288	0.325090909090909	0.4	"mid"
"ENSDARG00000098439"	0.0227506292267778	0.200606060606061	0.3	"mid"
"ENSDARG00000098441"	0.0979814142232267	0.363076923076923	0.4	"mid"
"ENSDARG00000098451"	0.14356821948414	0.444227272727273	0.5	"mid"
"ENSDARG00000098466"	0.00453953710515003	0.400916666666667	0.5	"mid"
"ENSDARG00000098475"	0.129759525840852	0.35	0.4	"mid"
"ENSDARG00000098481"	0.155181974579466	0.676868686868687	0.7	"mid"
"ENSDARG00000098486"	0.0328699015418148	0.29974025974026	0.3	"mid"
"ENSDARG00000098497"	0.00778055277457637	0.34	0.4	"mid"
"ENSDARG00000098526"	0.0542902672466768	0.385	0.4	"mid"
"ENSDARG00000098529"	0.0997360437006682	0.601428571428571	0.7	"mid"
"ENSDARG00000098538"	0.136032581529633	0.9125	1	"high"
"ENSDARG00000098573"	0.0525542583228036	0.499895104895105	0.5	"mid"
"ENSDARG00000098574"	0.0482086567934612	0.4235	0.5	"mid"
"ENSDARG00000098578"	0.0770836667020405	0.683636363636364	0.7	"mid"
"ENSDARG00000098588"	0.0572646859830141	0.42575	0.5	"mid"
"ENSDARG00000098589"	0.105232935077174	0.706212121212121	0.8	"mid"
"ENSDARG00000098592"	0.0594687870179058	0.44459595959596	0.5	"mid"
"ENSDARG00000098605"	0.0600929415083509	0.4475	0.5	"mid"
"ENSDARG00000098618"	0.130740333452118	0.440808080808081	0.5	"mid"
"ENSDARG00000098622"	0.0851562537077453	0.436868131868132	0.5	"mid"
"ENSDARG00000098623"	0.188874861484917	0.572653846153846	0.6	"mid"
"ENSDARG00000098639"	0.0344975272512694	0.650916666666667	0.7	"mid"
"ENSDARG00000098644"	0.0306246342293538	0.47	0.5	"mid"
"ENSDARG00000098645"	0.106620535937821	0.529027777777778	0.6	"mid"
"ENSDARG00000098646"	0.0333310474218759	0.777539682539683	0.8	"mid"
"ENSDARG00000098652"	0.0785183626911191	0.299545454545455	0.3	"mid"
"ENSDARG00000098669"	0.169028075952243	0.301818181818182	0.4	"mid"
"ENSDARG00000098671"	0.0730186463738164	0.198666666666667	0.2	"low"
"ENSDARG00000098724"	0.0888744801238003	0.612936507936508	0.7	"mid"
"ENSDARG00000098726"	0.000252851359526437	0.406863636363636	0.5	"mid"
"ENSDARG00000098739"	0.137677829075462	0.922727272727273	1	"high"
"ENSDARG00000098746"	0.127925247465056	0.72875	0.8	"mid"
"ENSDARG00000098749"	0.104597460495682	0.653076923076923	0.7	"mid"
"ENSDARG00000098753"	0.0190177369693699	0.329166666666667	0.4	"mid"
"ENSDARG00000098761"	0.138471237463691	0.852272727272727	0.9	"high"
"ENSDARG00000098766"	0.0250718743891885	0.790863636363636	0.8	"mid"
"ENSDARG00000098771"	0.0604033591041571	0.32175	0.4	"mid"
"ENSDARG00000098772"	0.108810919247504	0.745606060606061	0.8	"mid"
"ENSDARG00000098782"	0.0584798818704423	0.33875	0.4	"mid"
"ENSDARG00000098785"	0.0610468437137492	0.173333333333333	0.2	"low"
"ENSDARG00000098786"	0.114144528268929	0.411772727272727	0.5	"mid"
"ENSDARG00000098787"	0.207241327342684	0.458888888888889	0.5	"mid"
"ENSDARG00000098792"	0.0602044349408322	0.594444444444444	0.6	"mid"
"ENSDARG00000098802"	0.0668237254718941	0.590151515151515	0.6	"mid"
"ENSDARG00000098809"	0.0487776430514427	0.256666666666667	0.3	"mid"
"ENSDARG00000098813"	0.0834832842175999	0.151454545454545	0.2	"low"
"ENSDARG00000098825"	0.0446306686152775	0.824090909090909	0.9	"high"
"ENSDARG00000098832"	0.0436072702423704	0.726038961038961	0.8	"mid"
"ENSDARG00000098837"	0.150423205178861	0.973131313131313	1	"high"
"ENSDARG00000098838"	0.0587438013445907	0.407954545454545	0.5	"mid"
"ENSDARG00000098845"	0.0322890954830407	0.165555555555556	0.2	"low"
"ENSDARG00000098852"	0.0547469086645093	0.819272727272727	0.9	"high"
"ENSDARG00000098853"	0.0200113072694186	0.359393939393939	0.4	"mid"
"ENSDARG00000098855"	0.06993268437827	0.342474747474747	0.4	"mid"
"ENSDARG00000098874"	0.0376489876528641	0.178888888888889	0.2	"low"
"ENSDARG00000098880"	0.0981588566866288	0.353068181818182	0.4	"mid"
"ENSDARG00000098897"	0.01637078937507	0.401818181818182	0.5	"mid"
"ENSDARG00000098899"	0.189466871175279	0.857272727272727	0.9	"high"
"ENSDARG00000098902"	0.223806292780141	0.328006993006993	0.4	"mid"
"ENSDARG00000098903"	0.0620292980165344	0.417272727272727	0.5	"mid"
"ENSDARG00000098904"	0.127355594035929	0.367115384615385	0.4	"mid"
"ENSDARG00000098907"	0.0688587659425959	0.45	0.5	"mid"
"ENSDARG00000098916"	0.0459714353005563	0.157638888888889	0.2	"low"
"ENSDARG00000098919"	0.0541406803449753	0.349090909090909	0.4	"mid"
"ENSDARG00000098924"	0.051490261583971	0.1515	0.2	"low"
"ENSDARG00000098934"	0.113106612757842	0.752132867132867	0.8	"mid"
"ENSDARG00000098936"	0.0353029531860641	0.345833333333333	0.4	"mid"
"ENSDARG00000098942"	0.046524831665215	0.495340909090909	0.5	"mid"
"ENSDARG00000098946"	0.0974455584421637	0.746666666666667	0.8	"mid"
"ENSDARG00000098949"	0.201635737372695	0.417692307692308	0.5	"mid"
"ENSDARG00000098954"	0.0644893520891504	0.623	0.7	"mid"
"ENSDARG00000098972"	0.055976686686776	0.257727272727273	0.3	"mid"
"ENSDARG00000098992"	0.0413587310234704	0.421883116883117	0.5	"mid"
"ENSDARG00000099003"	0.161842687412029	0.406666666666667	0.5	"mid"
"ENSDARG00000099004"	0.0584069307652172	0.461416666666667	0.5	"mid"
"ENSDARG00000099021"	0.0442647201697422	0.395909090909091	0.4	"mid"
"ENSDARG00000099026"	0.139904243587477	0.641212121212121	0.7	"mid"
"ENSDARG00000099031"	0.11345780483666	0.441168831168831	0.5	"mid"
"ENSDARG00000099039"	0.0249788758987377	0.438611111111111	0.5	"mid"
"ENSDARG00000099045"	0.0551125649384182	0.383	0.4	"mid"
"ENSDARG00000099079"	0.025972526663181	0.686503496503497	0.7	"mid"
"ENSDARG00000099080"	0.0330408608006394	0.463	0.5	"mid"
"ENSDARG00000099101"	0.0617893130920687	0.911111111111111	1	"high"
"ENSDARG00000099106"	0.144666662697173	0.32025	0.4	"mid"
"ENSDARG00000099116"	0.102875145777756	0.343181818181818	0.4	"mid"
"ENSDARG00000099117"	0.149408582261218	0.301893939393939	0.4	"mid"
"ENSDARG00000099122"	0.0359626071195347	0.444115384615385	0.5	"mid"
"ENSDARG00000099129"	0.0342060982903222	0.746363636363636	0.8	"mid"
"ENSDARG00000099139"	0.0304181859496773	0.279666666666667	0.3	"mid"
"ENSDARG00000099143"	0.0665293482606149	0.291616161616162	0.3	"mid"
"ENSDARG00000099144"	0.103441826793169	0.541666666666667	0.6	"mid"
"ENSDARG00000099148"	0.0391118682055655	0.771666666666667	0.8	"mid"
"ENSDARG00000099155"	0.0473076870746394	0.562222222222222	0.6	"mid"
"ENSDARG00000099177"	0.111896064105802	0.398	0.4	"mid"
"ENSDARG00000099184"	0.034643629074013	0.450535714285714	0.5	"mid"
"ENSDARG00000099185"	0.127728542242775	0.761363636363636	0.8	"mid"
"ENSDARG00000099186"	0.0451100663869072	0.91	1	"high"
"ENSDARG00000099195"	0.106504639077165	0.717828282828283	0.8	"mid"
"ENSDARG00000099197"	0.00445737399913905	0.550050505050505	0.6	"mid"
"ENSDARG00000099203"	0.0745575409715277	0.538055555555556	0.6	"mid"
"ENSDARG00000099227"	0.021543025041088	0.442435897435897	0.5	"mid"
"ENSDARG00000099236"	0.0676917113714728	0.303589743589744	0.4	"mid"
"ENSDARG00000099240"	0.0340011546811997	0.467272727272727	0.5	"mid"
"ENSDARG00000099252"	0.128098279581352	0.523846153846154	0.6	"mid"
"ENSDARG00000099256"	0.0238977989563788	0.850277777777778	0.9	"high"
"ENSDARG00000099258"	0.0239930639593365	0.301653846153846	0.4	"mid"
"ENSDARG00000099266"	0.122601833484533	0.495555555555556	0.5	"mid"
"ENSDARG00000099273"	0.0563076317158792	0.1845	0.2	"low"
"ENSDARG00000099279"	0.114672894759303	0.385833333333333	0.4	"mid"
"ENSDARG00000099280"	0.117787102309262	0.619666666666667	0.7	"mid"
"ENSDARG00000099281"	0.167421679488938	0.466666666666667	0.5	"mid"
"ENSDARG00000099283"	0.0719057634584462	0.583333333333333	0.6	"mid"
"ENSDARG00000099291"	0.0984491193191428	0.574038461538461	0.6	"mid"
"ENSDARG00000099298"	0.140653767384288	0.780833333333333	0.8	"mid"
"ENSDARG00000099306"	0.106487209733339	0.493611111111111	0.5	"mid"
"ENSDARG00000099313"	0.0775054766835294	0.567227272727273	0.6	"mid"
"ENSDARG00000099315"	0.0534280254195382	0.6255	0.7	"mid"
"ENSDARG00000099322"	0.0513513609288279	0.478383838383838	0.5	"mid"
"ENSDARG00000099323"	0.0331770566224557	0.565833333333333	0.6	"mid"
"ENSDARG00000099325"	0.108810919247504	0.716666666666667	0.8	"mid"
"ENSDARG00000099331"	0.148113638557734	0.275714285714286	0.3	"mid"
"ENSDARG00000099336"	0.0793413146571856	0.671818181818182	0.7	"mid"
"ENSDARG00000099344"	0.0627398639650607	0.598571428571429	0.6	"mid"
"ENSDARG00000099351"	0.121992218365835	0.8995	0.9	"high"
"ENSDARG00000099358"	0.0419940390555841	0.450772727272727	0.5	"mid"
"ENSDARG00000099368"	0.0466629114114956	0.608611111111111	0.7	"mid"
"ENSDARG00000099371"	0.0820092254207304	0.607878787878788	0.7	"mid"
"ENSDARG00000099383"	0.0605979830117606	0.4145	0.5	"mid"
"ENSDARG00000099389"	0.0657100343085348	0.815714285714286	0.9	"high"
"ENSDARG00000099399"	0.157276926071591	0.92	1	"high"
"ENSDARG00000099409"	0.111568645827754	0.549924242424242	0.6	"mid"
"ENSDARG00000099412"	0.096493914178991	0.469090909090909	0.5	"mid"
"ENSDARG00000099430"	0.046063725892537	0.590454545454545	0.6	"mid"
"ENSDARG00000099431"	0.0371429736784647	0.8	0.8	"mid"
"ENSDARG00000099439"	0.0252061871511413	0.574583333333333	0.6	"mid"
"ENSDARG00000099445"	0.102947476856539	0.434583333333333	0.5	"mid"
"ENSDARG00000099455"	0.0115506300271782	0.389727272727273	0.4	"mid"
"ENSDARG00000099458"	0.0200911512923823	0.39	0.4	"mid"
"ENSDARG00000099465"	0.0985922370198079	0.870318181818182	0.9	"high"
"ENSDARG00000099478"	0.0354755056221668	0.260555555555556	0.3	"mid"
"ENSDARG00000099510"	0.0357944059287367	0.503863636363636	0.6	"mid"
"ENSDARG00000099517"	0.0333947993296224	0.825	0.9	"high"
"ENSDARG00000099518"	0.189720949911183	0.509090909090909	0.6	"mid"
"ENSDARG00000099519"	0.0801908358742296	0.436805555555556	0.5	"mid"
"ENSDARG00000099527"	0.0544914456044597	0.502727272727273	0.6	"mid"
"ENSDARG00000099528"	0.0608836531356977	0.404090909090909	0.5	"mid"
"ENSDARG00000099545"	0.0699108173095856	0.358566433566434	0.4	"mid"
"ENSDARG00000099555"	0.0704171593092402	0.767409090909091	0.8	"mid"
"ENSDARG00000099560"	0.075927407982985	0.4185	0.5	"mid"
"ENSDARG00000099563"	0.129111654916471	0.351111111111111	0.4	"mid"
"ENSDARG00000099579"	0.0420678162263133	0.440909090909091	0.5	"mid"
"ENSDARG00000099593"	0.140242139436851	0.362307692307692	0.4	"mid"
"ENSDARG00000099596"	0.109306709829705	0.544861111111111	0.6	"mid"
"ENSDARG00000099614"	0.0165833637946979	0.451730769230769	0.5	"mid"
"ENSDARG00000099624"	0.045263929202734	0.226010101010101	0.3	"mid"
"ENSDARG00000099631"	0.147554021796119	0.262272727272727	0.3	"mid"
"ENSDARG00000099639"	0.233539059933899	0.779090909090909	0.8	"mid"
"ENSDARG00000099640"	0.0105921168061164	0.769166666666667	0.8	"mid"
"ENSDARG00000099642"	0.0358356227314254	0.257651515151515	0.3	"mid"
"ENSDARG00000099651"	0.0334390389918015	0.457083333333333	0.5	"mid"
"ENSDARG00000099652"	0.047321280568848	0.740454545454545	0.8	"mid"
"ENSDARG00000099654"	0.162289232500455	0.657	0.7	"mid"
"ENSDARG00000099663"	0.0598792493576182	0.671363636363636	0.7	"mid"
"ENSDARG00000099664"	0.0617112432339515	0.175909090909091	0.2	"low"
"ENSDARG00000099667"	0.0726964183758248	0.574444444444444	0.6	"mid"
"ENSDARG00000099672"	0.0700772424656085	0.65530303030303	0.7	"mid"
"ENSDARG00000099675"	0.0733445040788783	0.347863247863248	0.4	"mid"
"ENSDARG00000099677"	0.0411070713688779	0.555714285714286	0.6	"mid"
"ENSDARG00000099684"	0.233539059933899	0.614444444444444	0.7	"mid"
"ENSDARG00000099689"	0.113263432602205	0.65	0.7	"mid"
"ENSDARG00000099690"	0.0962402705874946	0.581111111111111	0.6	"mid"
"ENSDARG00000099692"	0.0271741362749896	0.381	0.4	"mid"
"ENSDARG00000099694"	0.0367757353060881	0.519090909090909	0.6	"mid"
"ENSDARG00000099695"	0.0908936556079016	0.380909090909091	0.4	"mid"
"ENSDARG00000099705"	0.1082476983903	0.589059829059829	0.6	"mid"
"ENSDARG00000099715"	0.183209992153799	0.584863636363636	0.6	"mid"
"ENSDARG00000099719"	0.118881275985703	0.734227272727273	0.8	"mid"
"ENSDARG00000099722"	0.144625210717597	0.440649350649351	0.5	"mid"
"ENSDARG00000099724"	0.118871761449337	0.695244755244755	0.7	"mid"
"ENSDARG00000099729"	0.0293119631778732	0.485363636363636	0.5	"mid"
"ENSDARG00000099742"	0.103605671829628	0.449825174825175	0.5	"mid"
"ENSDARG00000099745"	0.0671200433058468	0.51	0.6	"mid"
"ENSDARG00000099749"	0.0441120355076276	0.409181818181818	0.5	"mid"
"ENSDARG00000099752"	0.0696491923294799	0.4525	0.5	"mid"
"ENSDARG00000099753"	0.0740228540238412	0.51482905982906	0.6	"mid"
"ENSDARG00000099757"	0.0368274718248211	0.646409090909091	0.7	"mid"
"ENSDARG00000099768"	0.131255959096218	0.295	0.3	"mid"
"ENSDARG00000099771"	0.0447710082334133	0.399583333333333	0.4	"mid"
"ENSDARG00000099774"	0.105261127528351	0.680545454545455	0.7	"mid"
"ENSDARG00000099776"	0.0370657692235098	0.867142857142857	0.9	"high"
"ENSDARG00000099779"	0.0588620340706458	0.51575	0.6	"mid"
"ENSDARG00000099786"	0.0688263231643098	0.524722222222222	0.6	"mid"
"ENSDARG00000099798"	0.0267337145846642	0.306	0.4	"mid"
"ENSDARG00000099811"	0.113263432602205	0.756222222222222	0.8	"mid"
"ENSDARG00000099812"	0.119745386864751	0.476666666666667	0.5	"mid"
"ENSDARG00000099814"	0.0446212614040908	0.643055555555555	0.7	"mid"
"ENSDARG00000099817"	0.06378582929799	0.523333333333333	0.6	"mid"
"ENSDARG00000099819"	0.125753116295568	0.529681818181818	0.6	"mid"
"ENSDARG00000099833"	0.164627378177608	0.50375	0.6	"mid"
"ENSDARG00000099850"	0.0361336022444348	0.3	0.3	"mid"
"ENSDARG00000099860"	0.0466199409447989	0.84375	0.9	"high"
"ENSDARG00000099870"	0.0831231567162878	0.955	1	"high"
"ENSDARG00000099874"	0.0597900311133227	0.6825	0.7	"mid"
"ENSDARG00000099877"	0.0701775456104781	0.403	0.5	"mid"
"ENSDARG00000099885"	0.122454461048534	0.589166666666667	0.6	"mid"
"ENSDARG00000099887"	0.136951819313397	0.573444444444444	0.6	"mid"
"ENSDARG00000099900"	0.0594182391927631	0.293076923076923	0.3	"mid"
"ENSDARG00000099915"	0.0723639607708465	0.876772727272727	0.9	"high"
"ENSDARG00000099918"	0.04696318512487	0.667727272727273	0.7	"mid"
"ENSDARG00000099921"	0.165860933712651	0.316161616161616	0.4	"mid"
"ENSDARG00000099927"	0.0139011328055852	0.49625	0.5	"mid"
"ENSDARG00000099954"	0.0991820488038486	0.609659090909091	0.7	"mid"
"ENSDARG00000099960"	0.0711415753422917	0.86075	0.9	"high"
"ENSDARG00000099966"	0.0088998731319784	0.596805555555556	0.6	"mid"
"ENSDARG00000099969"	0.0948404612653236	0.740909090909091	0.8	"mid"
"ENSDARG00000099972"	0.150267212448628	0.574583333333333	0.6	"mid"
"ENSDARG00000099974"	0.0504052768800636	0.815	0.9	"high"
"ENSDARG00000099985"	0.102240959783549	0.563884615384615	0.6	"mid"
"ENSDARG00000099996"	0.0483797333544166	0.292234848484848	0.3	"mid"
"ENSDARG00000099997"	0.106817076521622	0.724545454545455	0.8	"mid"
"ENSDARG00000100011"	0.0545835531712561	0.241428571428571	0.3	"mid"
"ENSDARG00000100013"	0.0269857554894697	0.193642857142857	0.2	"low"
"ENSDARG00000100020"	0.0339363385315192	0.783535353535354	0.8	"mid"
"ENSDARG00000100025"	0.196393292862421	0.509090909090909	0.6	"mid"
"ENSDARG00000100047"	0.0241447630518754	0.688833333333333	0.7	"mid"
"ENSDARG00000100051"	0.113263432602205	0.6725	0.7	"mid"
"ENSDARG00000100052"	0.153782255973195	0.755833333333333	0.8	"mid"
"ENSDARG00000100057"	0.0673538727505835	0.447	0.5	"mid"
"ENSDARG00000100060"	0.0501962284888555	0.43275	0.5	"mid"
"ENSDARG00000100083"	0.136222623247654	0.166363636363636	0.2	"low"
"ENSDARG00000100088"	0.0889179249611737	0.353181818181818	0.4	"mid"
"ENSDARG00000100095"	0.155181974579466	0.518076923076923	0.6	"mid"
"ENSDARG00000100097"	0.0185071010528482	0.602222222222222	0.7	"mid"
"ENSDARG00000100104"	0.143769165801266	0.586944444444444	0.6	"mid"
"ENSDARG00000100108"	0.0140491413975084	0.112651515151515	0.2	"low"
"ENSDARG00000100114"	0.0153665971517797	0.339136363636364	0.4	"mid"
"ENSDARG00000100116"	0.0769677617182729	0.697916666666667	0.7	"mid"
"ENSDARG00000100129"	0.0308981445450901	0.342991452991453	0.4	"mid"
"ENSDARG00000100139"	0.14718940226611	0.3355	0.4	"mid"
"ENSDARG00000100149"	0.0584047820964785	0.758989898989899	0.8	"mid"
"ENSDARG00000100170"	0.122594345298877	0.4145	0.5	"mid"
"ENSDARG00000100186"	0.158350137069983	0.474318181818182	0.5	"mid"
"ENSDARG00000100188"	0.0495970854231034	0.86625	0.9	"high"
"ENSDARG00000100206"	0.0747744130732185	0.527063492063492	0.6	"mid"
"ENSDARG00000100209"	0.0691398306262196	0.443131313131313	0.5	"mid"
"ENSDARG00000100222"	0.0764451776224866	0.504444444444444	0.6	"mid"
"ENSDARG00000100227"	0.0632707731037341	0.50625	0.6	"mid"
"ENSDARG00000100236"	0.183017867242175	0.475	0.5	"mid"
"ENSDARG00000100242"	0.0602717390275758	0.5	0.5	"mid"
"ENSDARG00000100244"	0.0104479060051178	0.499090909090909	0.5	"mid"
"ENSDARG00000100248"	0.128676408693718	0.793636363636364	0.8	"mid"
"ENSDARG00000100260"	0.0869970997340384	0.382386363636364	0.4	"mid"
"ENSDARG00000100264"	0.0727420971129995	0.604166666666667	0.7	"mid"
"ENSDARG00000100292"	0.16195866884083	0.665318181818182	0.7	"mid"
"ENSDARG00000100293"	0.102858613617852	0.521666666666667	0.6	"mid"
"ENSDARG00000100313"	0.0317736525605621	0.410545454545455	0.5	"mid"
"ENSDARG00000100317"	0.0712466910315954	0.53375	0.6	"mid"
"ENSDARG00000100332"	0.0516260560322474	0.888181818181818	0.9	"high"
"ENSDARG00000100336"	0.0742521778793665	0.605	0.7	"mid"
"ENSDARG00000100359"	0.0387715821997505	0.283535353535354	0.3	"mid"
"ENSDARG00000100363"	0.0473196390361263	0.424	0.5	"mid"
"ENSDARG00000100372"	0.0564322930176113	0.280324675324675	0.3	"mid"
"ENSDARG00000100374"	0.0841255324832399	0.2	0.2	"low"
"ENSDARG00000100376"	0.0654316373536549	0.577772727272727	0.6	"mid"
"ENSDARG00000100383"	0.261318343312139	0.355952380952381	0.4	"mid"
"ENSDARG00000100385"	0.0851291490880136	0.52650641025641	0.6	"mid"
"ENSDARG00000100394"	0.132115836961295	0.150252525252525	0.2	"low"
"ENSDARG00000100397"	0.0546123779941539	0.191944444444444	0.2	"low"
"ENSDARG00000100406"	0.124858593793664	0.863701298701299	0.9	"high"
"ENSDARG00000100407"	0.00224546356182389	0.249954545454545	0.3	"mid"
"ENSDARG00000100419"	0.0414459570557611	0.321493506493506	0.4	"mid"
"ENSDARG00000100435"	0.0484284599587583	0.234090909090909	0.3	"mid"
"ENSDARG00000100440"	0.200178309901105	0.514444444444444	0.6	"mid"
"ENSDARG00000100452"	0.097471430911762	0.412954545454545	0.5	"mid"
"ENSDARG00000100455"	0.0970621730604381	0.473181818181818	0.5	"mid"
"ENSDARG00000100481"	0.093858005464306	0.450909090909091	0.5	"mid"
"ENSDARG00000100482"	0.0815196266413018	0.703333333333333	0.8	"mid"
"ENSDARG00000100494"	0.0170853861056725	0.655590909090909	0.7	"mid"
"ENSDARG00000100498"	0.152658412734972	0.697777777777778	0.7	"mid"
"ENSDARG00000100504"	0.0697989001683257	0.845606060606061	0.9	"high"
"ENSDARG00000100505"	0.0667723470015424	0.443504273504274	0.5	"mid"
"ENSDARG00000100513"	0.0324875126263756	0.668257575757576	0.7	"mid"
"ENSDARG00000100515"	0.042447585491063	0.8075	0.9	"high"
"ENSDARG00000100524"	0.0433580582915504	0.528809523809524	0.6	"mid"
"ENSDARG00000100528"	0.0458304982533001	0.684444444444444	0.7	"mid"
"ENSDARG00000100529"	0.0498833501756201	0.607222222222222	0.7	"mid"
"ENSDARG00000100531"	0.102282935908104	0.561616161616162	0.6	"mid"
"ENSDARG00000100536"	0.0705593590135406	0.437045454545455	0.5	"mid"
"ENSDARG00000100548"	0.17889945465706	0.295833333333333	0.3	"mid"
"ENSDARG00000100552"	0.130558276671748	0.608035714285714	0.7	"mid"
"ENSDARG00000100553"	0.0724473467858348	0.261409090909091	0.3	"mid"
"ENSDARG00000100555"	0.198116151803605	0.393	0.4	"mid"
"ENSDARG00000100558"	0.0867716646432872	0.825	0.9	"high"
"ENSDARG00000100564"	0.116705667636185	0.561818181818182	0.6	"mid"
"ENSDARG00000100584"	0.189676760873342	0.621	0.7	"mid"
"ENSDARG00000100614"	0.307623193229449	0.657227272727273	0.7	"mid"
"ENSDARG00000100623"	0.00901205536269697	0.4025	0.5	"mid"
"ENSDARG00000100633"	0.0508724756126924	0.209220779220779	0.3	"mid"
"ENSDARG00000100635"	0.148731579110795	0.877070707070707	0.9	"high"
"ENSDARG00000100657"	0.117854423066244	0.498831168831169	0.5	"mid"
"ENSDARG00000100666"	0.0626246860868592	0.496439393939394	0.5	"mid"
"ENSDARG00000100677"	0.11981726247678	0.408333333333333	0.5	"mid"
"ENSDARG00000100691"	0.118150163609534	0.599090909090909	0.6	"mid"
"ENSDARG00000100693"	0.0454650346656503	0.537272727272727	0.6	"mid"
"ENSDARG00000100698"	0.0651844773069961	0.751111111111111	0.8	"mid"
"ENSDARG00000100709"	0.124440404579703	0.44	0.5	"mid"
"ENSDARG00000100718"	0.0603733477770866	0.485833333333333	0.5	"mid"
"ENSDARG00000100719"	0.135708551022631	0.508	0.6	"mid"
"ENSDARG00000100731"	0.136367684281455	0.433636363636364	0.5	"mid"
"ENSDARG00000100741"	0.0670601335918611	0.543636363636364	0.6	"mid"
"ENSDARG00000100753"	0.109595102168549	0.516363636363636	0.6	"mid"
"ENSDARG00000100766"	0.0360367985047239	0.42969696969697	0.5	"mid"
"ENSDARG00000100773"	0.0103843970375028	0.690590909090909	0.7	"mid"
"ENSDARG00000100774"	0.0742085429688533	0.263333333333333	0.3	"mid"
"ENSDARG00000100782"	0.129462213544026	0.763333333333333	0.8	"mid"
"ENSDARG00000100789"	0.124209486385775	0.768737373737374	0.8	"mid"
"ENSDARG00000100792"	0.103963757300135	0.586363636363636	0.6	"mid"
"ENSDARG00000100794"	0.0764644525750564	0.8775	0.9	"high"
"ENSDARG00000100818"	0.0910237854518288	0.869944444444444	0.9	"high"
"ENSDARG00000100822"	0.0899761058196647	0.606363636363636	0.7	"mid"
"ENSDARG00000100823"	0.131653058952497	0.822272727272727	0.9	"high"
"ENSDARG00000100825"	0.00218944553388929	0.401136363636364	0.5	"mid"
"ENSDARG00000100826"	0.0962857960492493	0.950833333333333	1	"high"
"ENSDARG00000100844"	0.152171150222621	0.724166666666667	0.8	"mid"
"ENSDARG00000100850"	0.0377913237951152	0.4675	0.5	"mid"
"ENSDARG00000100851"	0.0146963724415632	0.370909090909091	0.4	"mid"
"ENSDARG00000100854"	0.00599061263817681	0.784285714285714	0.8	"mid"
"ENSDARG00000100867"	0.0407008033091459	0.286727272727273	0.3	"mid"
"ENSDARG00000100897"	0.0998440443173774	0.512916666666667	0.6	"mid"
"ENSDARG00000100915"	0.189613321534779	0.354475524475524	0.4	"mid"
"ENSDARG00000100916"	0.111726635291768	0.479	0.5	"mid"
"ENSDARG00000100918"	0.127169321725471	0.69	0.7	"mid"
"ENSDARG00000100938"	0.0837460084573444	0.496363636363636	0.5	"mid"
"ENSDARG00000100940"	0.0123418919042208	0.422936507936508	0.5	"mid"
"ENSDARG00000100944"	0.0958125453410004	0.498977272727273	0.5	"mid"
"ENSDARG00000100946"	0.207289449965374	0.382166666666667	0.4	"mid"
"ENSDARG00000100952"	0.0460253958720096	0.569916666666667	0.6	"mid"
"ENSDARG00000100965"	0.0809501127259115	0.548989898989899	0.6	"mid"
"ENSDARG00000100968"	0.23488199235511	0.779646464646465	0.8	"mid"
"ENSDARG00000100990"	0.0808808574653584	0.501060606060606	0.6	"mid"
"ENSDARG00000101008"	0.0995546255044434	0.521818181818182	0.6	"mid"
"ENSDARG00000101009"	0.0635001640615528	0.394545454545455	0.4	"mid"
"ENSDARG00000101010"	0.113893816613391	0.681090909090909	0.7	"mid"
"ENSDARG00000101014"	0.125407054305386	0.631666666666667	0.7	"mid"
"ENSDARG00000101029"	0.0350914884266638	0.445166666666667	0.5	"mid"
"ENSDARG00000101032"	0.233167935601842	0.473068181818182	0.5	"mid"
"ENSDARG00000101034"	0.0763322543348249	0.610833333333333	0.7	"mid"
"ENSDARG00000101037"	0.0279210942628395	0.537638888888889	0.6	"mid"
"ENSDARG00000101040"	0.191720556405329	0.751954545454546	0.8	"mid"
"ENSDARG00000101043"	0.0801050661947003	0.62	0.7	"mid"
"ENSDARG00000101044"	0.148113385945691	0.429833333333333	0.5	"mid"
"ENSDARG00000101050"	0.15172458937842	0.365	0.4	"mid"
"ENSDARG00000101051"	0.0949798185871034	0.896883116883117	0.9	"high"
"ENSDARG00000101059"	0.0597908416298618	0.574242424242424	0.6	"mid"
"ENSDARG00000101060"	0.108928367256502	0.703412698412698	0.8	"mid"
"ENSDARG00000101061"	0.0853202129217732	0.237727272727273	0.3	"mid"
"ENSDARG00000101063"	0.141632949568023	0.46	0.5	"mid"
"ENSDARG00000101072"	0.0455416630638258	0.4525	0.5	"mid"
"ENSDARG00000101074"	0.0181616438414111	0.223333333333333	0.3	"mid"
"ENSDARG00000101076"	0.0444170331429189	0.680857142857143	0.7	"mid"
"ENSDARG00000101080"	0.0692650191381862	0.591168831168831	0.6	"mid"
"ENSDARG00000101081"	0.0296057684260743	0.101944444444444	0.2	"low"
"ENSDARG00000101085"	0.0535747154327064	0.478392857142857	0.5	"mid"
"ENSDARG00000101089"	0.0544303099059131	0.46	0.5	"mid"
"ENSDARG00000101106"	0.0988880068032086	0.313636363636364	0.4	"mid"
"ENSDARG00000101110"	0.133346222022051	0.652424242424242	0.7	"mid"
"ENSDARG00000101115"	0.0335562016223648	0.408409090909091	0.5	"mid"
"ENSDARG00000101116"	0.0225028060937625	0.236454545454545	0.3	"mid"
"ENSDARG00000101120"	0.0322930615386643	0.275444444444444	0.3	"mid"
"ENSDARG00000101127"	0.0304406659509293	0.611704545454546	0.7	"mid"
"ENSDARG00000101135"	0.0694408068821353	0.557545454545455	0.6	"mid"
"ENSDARG00000101139"	0.0955207506283908	0.557020202020202	0.6	"mid"
"ENSDARG00000101144"	0.132281735386086	0.36925	0.4	"mid"
"ENSDARG00000101161"	0.0985429546071012	0.549090909090909	0.6	"mid"
"ENSDARG00000101169"	0.105240650490317	0.491818181818182	0.5	"mid"
"ENSDARG00000101170"	0.0811511008463832	0.696666666666667	0.7	"mid"
"ENSDARG00000101178"	0.138714457567532	0.757525252525252	0.8	"mid"
"ENSDARG00000101195"	0.100178695070016	0.59375	0.6	"mid"
"ENSDARG00000101205"	0.126136019830502	0.393636363636364	0.4	"mid"
"ENSDARG00000101206"	0.137846942859977	0.583538461538462	0.6	"mid"
"ENSDARG00000101209"	0.100707034887109	0.737954545454545	0.8	"mid"
"ENSDARG00000101214"	0.141744908626482	0.638484848484848	0.7	"mid"
"ENSDARG00000101215"	0.069641925230795	0.473	0.5	"mid"
"ENSDARG00000101216"	0.0183964958665303	0.428	0.5	"mid"
"ENSDARG00000101234"	0.0568267533524929	0.421111111111111	0.5	"mid"
"ENSDARG00000101236"	0.138356667840445	0.401111111111111	0.5	"mid"
"ENSDARG00000101239"	0.0709457303200079	0.862638888888889	0.9	"high"
"ENSDARG00000101244"	0.0721011655966305	0.468	0.5	"mid"
"ENSDARG00000101259"	0.0906091265144144	0.66489898989899	0.7	"mid"
"ENSDARG00000101260"	0.0686769184492647	0.275	0.3	"mid"
"ENSDARG00000101277"	0.0791794530198323	0.282	0.3	"mid"
"ENSDARG00000101285"	0.0128132511301357	0.511666666666667	0.6	"mid"
"ENSDARG00000101289"	0.0728966280658901	0.607272727272727	0.7	"mid"
"ENSDARG00000101290"	0.113263432602205	0.702	0.8	"mid"
"ENSDARG00000101291"	0.116408957176052	0.524545454545455	0.6	"mid"
"ENSDARG00000101293"	0.0342341990652494	0.27125	0.3	"mid"
"ENSDARG00000101295"	0.0249117809017289	0.165808080808081	0.2	"low"
"ENSDARG00000101300"	0.0769195062690177	0.475454545454545	0.5	"mid"
"ENSDARG00000101306"	0.0735309552464421	0.359545454545455	0.4	"mid"
"ENSDARG00000101317"	0.0639237468180529	0.554603174603175	0.6	"mid"
"ENSDARG00000101319"	0.148113638557734	0.349090909090909	0.4	"mid"
"ENSDARG00000101323"	0.0785482590400381	0.450555555555556	0.5	"mid"
"ENSDARG00000101331"	0.164409741856931	0.694444444444444	0.7	"mid"
"ENSDARG00000101332"	0.0403634736397699	0.534166666666667	0.6	"mid"
"ENSDARG00000101334"	0.0650473516477385	0.382222222222222	0.4	"mid"
"ENSDARG00000101341"	0.118442725920389	0.375192307692308	0.4	"mid"
"ENSDARG00000101362"	0.0760079692774151	0.897575757575758	0.9	"high"
"ENSDARG00000101367"	0.120611239641219	0.716785714285714	0.8	"mid"
"ENSDARG00000101377"	0.191390060146456	0.308333333333333	0.4	"mid"
"ENSDARG00000101413"	0.0260568374576548	0.73530303030303	0.8	"mid"
"ENSDARG00000101422"	0.0743265913580005	0.556883116883117	0.6	"mid"
"ENSDARG00000101423"	0.160516960893761	0.541818181818182	0.6	"mid"
"ENSDARG00000101431"	0.111087010003851	0.531931818181818	0.6	"mid"
"ENSDARG00000101438"	0.042965887119019	0.588412698412698	0.6	"mid"
"ENSDARG00000101443"	0.0369498306637648	0.503333333333333	0.6	"mid"
"ENSDARG00000101446"	0.0300362242529967	0.396666666666667	0.4	"mid"
"ENSDARG00000101456"	0.110423610901374	0.589545454545455	0.6	"mid"
"ENSDARG00000101471"	0.0836329333760275	0.572954545454545	0.6	"mid"
"ENSDARG00000101472"	0.110989250228532	0.589285714285714	0.6	"mid"
"ENSDARG00000101474"	0.118972301983078	0.276298701298701	0.3	"mid"
"ENSDARG00000101479"	0.164251989827365	0.826363636363636	0.9	"high"
"ENSDARG00000101481"	0.0782605798318022	0.535151515151515	0.6	"mid"
"ENSDARG00000101482"	0.0665992839614728	0.72	0.8	"mid"
"ENSDARG00000101485"	0.0382165590362133	0.324861111111111	0.4	"mid"
"ENSDARG00000101495"	0.129602999965506	0.343111888111888	0.4	"mid"
"ENSDARG00000101507"	0.0661798026699965	0.648333333333333	0.7	"mid"
"ENSDARG00000101510"	0.0159041544395971	0.550909090909091	0.6	"mid"
"ENSDARG00000101521"	0.00951027303220018	0.942166666666667	1	"high"
"ENSDARG00000101534"	0.0281005248883038	0.255	0.3	"mid"
"ENSDARG00000101535"	0.0749733818469129	0.959230769230769	1	"high"
"ENSDARG00000101557"	0.10037091985199	0.309090909090909	0.4	"mid"
"ENSDARG00000101560"	0.017567318921977	0.462454545454545	0.5	"mid"
"ENSDARG00000101561"	0.0673596406065083	0.558333333333333	0.6	"mid"
"ENSDARG00000101562"	0.114590014966028	0.335454545454545	0.4	"mid"
"ENSDARG00000101567"	0.0463932042666294	0.22451048951049	0.3	"mid"
"ENSDARG00000101578"	0.083420798461519	0.676883116883117	0.7	"mid"
"ENSDARG00000101585"	0.0363464919292506	0.846904761904762	0.9	"high"
"ENSDARG00000101593"	0.148113638557734	0.4675	0.5	"mid"
"ENSDARG00000101595"	0.117455275549774	0.748181818181818	0.8	"mid"
"ENSDARG00000101602"	0.105407257639086	0.315416666666667	0.4	"mid"
"ENSDARG00000101606"	0.0225696502957583	0.502833333333333	0.6	"mid"
"ENSDARG00000101611"	0.0641774275724353	0.5	0.5	"mid"
"ENSDARG00000101619"	0.104284301580725	0.52	0.6	"mid"
"ENSDARG00000101622"	0.110342452520534	0.389431818181818	0.4	"mid"
"ENSDARG00000101624"	0.0632715391167685	0.196060606060606	0.2	"low"
"ENSDARG00000101626"	0.00147829233572712	0.430189393939394	0.5	"mid"
"ENSDARG00000101631"	0.0481521149470445	0.35	0.4	"mid"
"ENSDARG00000101637"	0.0456188142926689	0.690673076923077	0.7	"mid"
"ENSDARG00000101645"	0.0946459452431219	0.962777777777778	1	"high"
"ENSDARG00000101652"	0.228277742692949	0.368181818181818	0.4	"mid"
"ENSDARG00000101669"	0.0915831261202598	0.423	0.5	"mid"
"ENSDARG00000101670"	0.115581213061385	0.632727272727273	0.7	"mid"
"ENSDARG00000101679"	0.133830257833518	0.496666666666667	0.5	"mid"
"ENSDARG00000101680"	0.0129333088928001	0.513636363636364	0.6	"mid"
"ENSDARG00000101690"	0.164542592384206	0.59	0.6	"mid"
"ENSDARG00000101697"	0.115591455649448	0.658636363636364	0.7	"mid"
"ENSDARG00000101701"	0.0384339256567488	0.474545454545455	0.5	"mid"
"ENSDARG00000101707"	0.0872772126475372	0.724107142857143	0.8	"mid"
"ENSDARG00000101713"	0.0773858586905547	0.473727272727273	0.5	"mid"
"ENSDARG00000101719"	0.0978363560692315	0.475863636363636	0.5	"mid"
"ENSDARG00000101733"	0.0661339556041783	0.498730158730159	0.5	"mid"
"ENSDARG00000101735"	0.0261674873831394	0.656	0.7	"mid"
"ENSDARG00000101749"	0.141986985367798	0.792	0.8	"mid"
"ENSDARG00000101752"	0.0647434332871782	0.440852272727273	0.5	"mid"
"ENSDARG00000101755"	0.0192184485890109	0.807987012987013	0.9	"high"
"ENSDARG00000101759"	0.0460081500825917	0.495757575757576	0.5	"mid"
"ENSDARG00000101776"	0.0492106238950176	0.356681818181818	0.4	"mid"
"ENSDARG00000101777"	0.0930274789747043	0.707045454545455	0.8	"mid"
"ENSDARG00000101778"	0.0675017987159378	0.606923076923077	0.7	"mid"
"ENSDARG00000101791"	0.0910237854518288	0.407386363636364	0.5	"mid"
"ENSDARG00000101794"	0.0665829256858114	0.86020202020202	0.9	"high"
"ENSDARG00000101799"	0.0907389648877754	0.469388888888889	0.5	"mid"
"ENSDARG00000101858"	0.0745400308733653	0.536363636363636	0.6	"mid"
"ENSDARG00000101877"	0.146026596944552	0.328583333333333	0.4	"mid"
"ENSDARG00000101886"	0.115259637069199	0.4025	0.5	"mid"
"ENSDARG00000101888"	0.0819831348369788	0.446818181818182	0.5	"mid"
"ENSDARG00000101892"	0.250230424983294	0.637272727272727	0.7	"mid"
"ENSDARG00000101900"	0.0504538329833407	0.318888888888889	0.4	"mid"
"ENSDARG00000101908"	0.0417309460711928	0.434166666666667	0.5	"mid"
"ENSDARG00000101910"	0.175159371654888	0.481909090909091	0.5	"mid"
"ENSDARG00000101914"	0.104602835804119	0.59984126984127	0.6	"mid"
"ENSDARG00000101936"	0.0589433512050559	0.62405303030303	0.7	"mid"
"ENSDARG00000101942"	0.0443877796728467	0.314242424242424	0.4	"mid"
"ENSDARG00000101947"	0.028851645918093	0.299	0.3	"mid"
"ENSDARG00000101952"	0.113037986905404	0.533666666666667	0.6	"mid"
"ENSDARG00000101959"	0.0438513077694953	0.542	0.6	"mid"
"ENSDARG00000101961"	0.0455720150211454	0.424848484848485	0.5	"mid"
"ENSDARG00000101963"	0.149890126833391	0.410075757575758	0.5	"mid"
"ENSDARG00000101967"	0.0246704756683659	0.294090909090909	0.3	"mid"
"ENSDARG00000101975"	0.176266236645444	0.373333333333333	0.4	"mid"
"ENSDARG00000101979"	0.190587537561998	0.413	0.5	"mid"
"ENSDARG00000101982"	0.0436493190513211	0.314772727272727	0.4	"mid"
"ENSDARG00000101984"	0.0224788598255207	0.520238095238095	0.6	"mid"
"ENSDARG00000101986"	0.0425599663439115	0.369166666666667	0.4	"mid"
"ENSDARG00000101996"	0.0255632780728814	0.291277777777778	0.3	"mid"
"ENSDARG00000101999"	0.050727055992889	0.260340909090909	0.3	"mid"
"ENSDARG00000102009"	0.00846303897252207	0.21375	0.3	"mid"
"ENSDARG00000102020"	0.156116683210735	0.706666666666667	0.8	"mid"
"ENSDARG00000102024"	0.0691131713508321	0.1395	0.2	"low"
"ENSDARG00000102026"	0.0612830323477259	0.36461038961039	0.4	"mid"
"ENSDARG00000102047"	0.00413733989313974	0.627272727272727	0.7	"mid"
"ENSDARG00000102048"	0.101880449105741	0.771464646464647	0.8	"mid"
"ENSDARG00000102056"	0.0749474928777321	0.427777777777778	0.5	"mid"
"ENSDARG00000102060"	0.0854088389859839	0.521666666666667	0.6	"mid"
"ENSDARG00000102068"	0.0920441487344869	0.447350427350427	0.5	"mid"
"ENSDARG00000102076"	0.113263432602205	0.911111111111111	1	"high"
"ENSDARG00000102106"	0.117433072897033	0.867777777777778	0.9	"high"
"ENSDARG00000102115"	0.103454288404322	0.465795454545455	0.5	"mid"
"ENSDARG00000102116"	0.307623193229449	0.429	0.5	"mid"
"ENSDARG00000102118"	0.225264523832328	0.367	0.4	"mid"
"ENSDARG00000102119"	0.174490637274007	0.720833333333333	0.8	"mid"
"ENSDARG00000102128"	0.082759441256998	0.63275	0.7	"mid"
"ENSDARG00000102129"	0.0417355206578122	0.313909090909091	0.4	"mid"
"ENSDARG00000102144"	0.127160337871848	0.530272727272727	0.6	"mid"
"ENSDARG00000102145"	0.0686890589764131	0.387083333333333	0.4	"mid"
"ENSDARG00000102153"	0.0682844039884548	0.341111111111111	0.4	"mid"
"ENSDARG00000102195"	0.0825196902085201	0.233333333333333	0.3	"mid"
"ENSDARG00000102202"	0.135213091502246	0.561111111111111	0.6	"mid"
"ENSDARG00000102229"	0.0818089648546279	0.278461538461538	0.3	"mid"
"ENSDARG00000102234"	0.106206138426101	0.251722222222222	0.3	"mid"
"ENSDARG00000102249"	0.0683639893792284	0.463318181818182	0.5	"mid"
"ENSDARG00000102254"	0.034534505049501	0.607777777777778	0.7	"mid"
"ENSDARG00000102257"	0.0835067205662382	0.576681818181818	0.6	"mid"
"ENSDARG00000102261"	0.1115355656505	0.757363636363636	0.8	"mid"
"ENSDARG00000102271"	0.113263432602205	0.727727272727273	0.8	"mid"
"ENSDARG00000102274"	0.0809967206088715	0.522019230769231	0.6	"mid"
"ENSDARG00000102294"	0.00917501987284348	0.295416666666667	0.3	"mid"
"ENSDARG00000102295"	0.091809208012458	0.222727272727273	0.3	"mid"
"ENSDARG00000102307"	0.0229243071812937	0.29327380952381	0.3	"mid"
"ENSDARG00000102308"	0.0572491459865159	0.377727272727273	0.4	"mid"
"ENSDARG00000102332"	0.149148781934841	0.659666666666667	0.7	"mid"
"ENSDARG00000102340"	0.059940794794498	0.401853146853147	0.5	"mid"
"ENSDARG00000102362"	0.0494791095344998	0.542318181818182	0.6	"mid"
"ENSDARG00000102366"	0.107621281129055	0.3775	0.4	"mid"
"ENSDARG00000102367"	0.0508250403193626	0.455318181818182	0.5	"mid"
"ENSDARG00000102387"	0.0559960060930887	0.244047619047619	0.3	"mid"
"ENSDARG00000102394"	0.0173231866496355	0.650416666666667	0.7	"mid"
"ENSDARG00000102402"	0.0705783228762275	0.407444444444444	0.5	"mid"
"ENSDARG00000102403"	0.0374062480620558	0.5	0.5	"mid"
"ENSDARG00000102412"	0.126034821785117	0.465505050505051	0.5	"mid"
"ENSDARG00000102415"	0.112923157780622	0.501111111111111	0.6	"mid"
"ENSDARG00000102417"	0.0132319861285319	0.269166666666667	0.3	"mid"
"ENSDARG00000102441"	0.0149164114044361	0.307765151515151	0.4	"mid"
"ENSDARG00000102442"	0.0587737801530419	0.614494949494949	0.7	"mid"
"ENSDARG00000102452"	0.0302161578723582	0.531111111111111	0.6	"mid"
"ENSDARG00000102453"	0.0396297238917366	0.184848484848485	0.2	"low"
"ENSDARG00000102458"	0.0744937393635311	0.279384615384615	0.3	"mid"
"ENSDARG00000102463"	0.141057936723032	0.314772727272727	0.4	"mid"
"ENSDARG00000102470"	0.082134938919028	0.313383838383838	0.4	"mid"
"ENSDARG00000102493"	0.201222264563183	0.287916666666667	0.3	"mid"
"ENSDARG00000102505"	0.0426126906239504	0.479772727272727	0.5	"mid"
"ENSDARG00000102511"	0.0301224079880105	0.376363636363636	0.4	"mid"
"ENSDARG00000102512"	0.10742421106042	0.46875	0.5	"mid"
"ENSDARG00000102525"	0.0627267454167983	0.5325	0.6	"mid"
"ENSDARG00000102531"	0.0114892919207728	0.774128787878788	0.8	"mid"
"ENSDARG00000102538"	0.0409513192385832	0.2325	0.3	"mid"
"ENSDARG00000102546"	0.0412045271672806	0.328106060606061	0.4	"mid"
"ENSDARG00000102554"	0.173553094579419	0.555726495726496	0.6	"mid"
"ENSDARG00000102555"	0.122348646430258	0.705	0.8	"mid"
"ENSDARG00000102558"	0.0480111893626324	0.5175	0.6	"mid"
"ENSDARG00000102569"	0.0178948726163808	0.303	0.4	"mid"
"ENSDARG00000102571"	0.0287578479803586	0.102727272727273	0.2	"low"
"ENSDARG00000102572"	0.149562219377619	0.920972222222222	1	"high"
"ENSDARG00000102578"	0.0591793957841463	0.43	0.5	"mid"
"ENSDARG00000102587"	0.0307788010197914	0.4725	0.5	"mid"
"ENSDARG00000102588"	0.130938753644765	0.406628787878788	0.5	"mid"
"ENSDARG00000102590"	0.0333462143798173	0.382272727272727	0.4	"mid"
"ENSDARG00000102599"	0.0844626604408173	0.201666666666667	0.3	"mid"
"ENSDARG00000102608"	0.142333150480935	0.36900641025641	0.4	"mid"
"ENSDARG00000102612"	0.0539393359353924	0.5	0.5	"mid"
"ENSDARG00000102615"	0.0679135712642339	0.413	0.5	"mid"
"ENSDARG00000102624"	0.0768542589964536	0.629	0.7	"mid"
"ENSDARG00000102626"	0.0725958065397498	0.733636363636364	0.8	"mid"
"ENSDARG00000102634"	0.0554847619224482	0.845384615384615	0.9	"high"
"ENSDARG00000102636"	0.0890226846850253	0.371212121212121	0.4	"mid"
"ENSDARG00000102643"	0.0254637361611192	0.583535353535354	0.6	"mid"
"ENSDARG00000102645"	0.0406199039188437	0.480961538461538	0.5	"mid"
"ENSDARG00000102674"	0.0496225827570065	0.581818181818182	0.6	"mid"
"ENSDARG00000102696"	0.0406731968139147	0.32	0.4	"mid"
"ENSDARG00000102701"	0.0519238757569894	0.4625	0.5	"mid"
"ENSDARG00000102705"	0.086670184375405	0.341022727272727	0.4	"mid"
"ENSDARG00000102717"	0.109108702777413	0.272777777777778	0.3	"mid"
"ENSDARG00000102722"	0.124858593793664	0.874292929292929	0.9	"high"
"ENSDARG00000102736"	0.0773919382999695	0.317676767676768	0.4	"mid"
"ENSDARG00000102741"	0.0657039996749105	0.628787878787879	0.7	"mid"
"ENSDARG00000102744"	0.0944518861701661	0.330318181818182	0.4	"mid"
"ENSDARG00000102746"	0.0409170496521419	0.746388888888889	0.8	"mid"
"ENSDARG00000102750"	0.145678791033893	0.478636363636364	0.5	"mid"
"ENSDARG00000102758"	0.110746841523765	0.534090909090909	0.6	"mid"
"ENSDARG00000102762"	0.10128421792897	0.378760683760684	0.4	"mid"
"ENSDARG00000102765"	0.0271995873086161	0.755594405594406	0.8	"mid"
"ENSDARG00000102766"	0.0789665106029755	0.520227272727273	0.6	"mid"
"ENSDARG00000102769"	0.0664021237934263	0.599343434343434	0.6	"mid"
"ENSDARG00000102776"	0.121004544760593	0.594125	0.6	"mid"
"ENSDARG00000102777"	0.0568440787013632	0.658531468531468	0.7	"mid"
"ENSDARG00000102783"	0.0690179700809089	0.286958041958042	0.3	"mid"
"ENSDARG00000102793"	0.100634838896504	0.514924242424242	0.6	"mid"
"ENSDARG00000102798"	0.0219365817073395	0.684545454545455	0.7	"mid"
"ENSDARG00000102800"	0.164542592384206	0.255	0.3	"mid"
"ENSDARG00000102802"	0.150090407357635	0.604545454545454	0.7	"mid"
"ENSDARG00000102808"	0.0432111240057991	0.712384615384615	0.8	"mid"
"ENSDARG00000102810"	0.0604297617900109	0.572083333333333	0.6	"mid"
"ENSDARG00000102820"	0.0364737607555737	0.402159090909091	0.5	"mid"
"ENSDARG00000102822"	0.057955609030212	0.751969696969697	0.8	"mid"
"ENSDARG00000102824"	0.0292946360513626	0.365	0.4	"mid"
"ENSDARG00000102825"	0.0174189528312536	0.277142857142857	0.3	"mid"
"ENSDARG00000102827"	0.0331250008534036	0.506363636363636	0.6	"mid"
"ENSDARG00000102832"	0.0588391179277542	0.816833333333333	0.9	"high"
"ENSDARG00000102846"	0.0791665562520485	0.361136363636364	0.4	"mid"
"ENSDARG00000102868"	0.113263432602205	0.792	0.8	"mid"
"ENSDARG00000102874"	0.0915731030733408	0.318928571428571	0.4	"mid"
"ENSDARG00000102877"	0.114974805276607	0.494292929292929	0.5	"mid"
"ENSDARG00000102878"	0.0579214170754245	0.311753246753247	0.4	"mid"
"ENSDARG00000102887"	0.071280831244293	0.544583333333333	0.6	"mid"
"ENSDARG00000102889"	0.0100307909027941	0.308055555555556	0.4	"mid"
"ENSDARG00000102893"	0.0459459159807485	0.431031746031746	0.5	"mid"
"ENSDARG00000102896"	0.0288040480755184	0.252	0.3	"mid"
"ENSDARG00000102906"	0.0423343571463829	0.437142857142857	0.5	"mid"
"ENSDARG00000102908"	0.143927456719482	0.405416666666667	0.5	"mid"
"ENSDARG00000102912"	0.130048729159462	0.55	0.6	"mid"
"ENSDARG00000102924"	0.111824346611267	0.456581196581197	0.5	"mid"
"ENSDARG00000102929"	0.191894091689678	0.575138888888889	0.6	"mid"
"ENSDARG00000102934"	0.132849861172045	0.68	0.7	"mid"
"ENSDARG00000102937"	0.089967693811438	0.487727272727273	0.5	"mid"
"ENSDARG00000102950"	0.148113638557734	0.354722222222222	0.4	"mid"
"ENSDARG00000102960"	0.0757209321645074	0.263333333333333	0.3	"mid"
"ENSDARG00000102963"	0.0587294797078413	0.337	0.4	"mid"
"ENSDARG00000102964"	0.0854102206987249	0.480634920634921	0.5	"mid"
"ENSDARG00000102974"	0.0960521580406351	0.306666666666667	0.4	"mid"
"ENSDARG00000102975"	0.0414702951575858	0.519083333333333	0.6	"mid"
"ENSDARG00000102977"	0.0640843230224501	0.771111111111111	0.8	"mid"
"ENSDARG00000102978"	0.00887577725732137	0.105858585858586	0.2	"low"
"ENSDARG00000102981"	0.165025793931808	0.903636363636364	1	"high"
"ENSDARG00000102986"	0.113012263893621	0.55	0.6	"mid"
"ENSDARG00000102987"	0.0433603670389121	0.170166666666667	0.2	"low"
"ENSDARG00000102995"	0.0230635753025934	0.7625	0.8	"mid"
"ENSDARG00000102997"	0.106698606303906	0.353766233766234	0.4	"mid"
"ENSDARG00000102998"	0.0328017890851355	0.630909090909091	0.7	"mid"
"ENSDARG00000103004"	0.0873545569034365	0.34575	0.4	"mid"
"ENSDARG00000103025"	0.0552732298271008	0.7225	0.8	"mid"
"ENSDARG00000103026"	0.0807561007671884	0.474848484848485	0.5	"mid"
"ENSDARG00000103027"	0.0694731409582083	0.334888888888889	0.4	"mid"
"ENSDARG00000103032"	0.00663326159592737	0.843333333333333	0.9	"high"
"ENSDARG00000103052"	0.102092411387019	0.286767676767677	0.3	"mid"
"ENSDARG00000103057"	0.0597502628438958	0.27225	0.3	"mid"
"ENSDARG00000103066"	0.0106860059294784	0.45	0.5	"mid"
"ENSDARG00000103092"	0.0426530261035671	0.455	0.5	"mid"
"ENSDARG00000103093"	0.0921214472082728	0.353	0.4	"mid"
"ENSDARG00000103095"	0.0499549778807303	0.416780303030303	0.5	"mid"
"ENSDARG00000103099"	0.0930980864845748	0.456363636363636	0.5	"mid"
"ENSDARG00000103114"	0.0861134247786336	0.298333333333333	0.3	"mid"
"ENSDARG00000103117"	0.118341121259347	0.608888888888889	0.7	"mid"
"ENSDARG00000103127"	0.0454946410403611	0.296045454545455	0.3	"mid"
"ENSDARG00000103129"	0.120167441957851	0.442272727272727	0.5	"mid"
"ENSDARG00000103134"	0.0636707848171788	0.442575757575758	0.5	"mid"
"ENSDARG00000103135"	0.0348831845883368	0.893181818181818	0.9	"high"
"ENSDARG00000103137"	0.101326347335411	0.521111111111111	0.6	"mid"
"ENSDARG00000103145"	0.0139049824433571	0.699924242424242	0.7	"mid"
"ENSDARG00000103149"	0.0338906676702412	0.476298701298701	0.5	"mid"
"ENSDARG00000103156"	0.0677853858440417	0.663333333333333	0.7	"mid"
"ENSDARG00000103163"	0.0547656634308698	0.278545454545455	0.3	"mid"
"ENSDARG00000103173"	0.0870558142884031	0.353787878787879	0.4	"mid"
"ENSDARG00000103181"	0.146252567859902	0.667272727272727	0.7	"mid"
"ENSDARG00000103187"	0.164493255487137	0.891666666666667	0.9	"high"
"ENSDARG00000103198"	0.0635464862113838	0.431363636363636	0.5	"mid"
"ENSDARG00000103200"	0.0515029386234475	0.187681818181818	0.2	"low"
"ENSDARG00000103203"	0.0167752413984367	0.40525974025974	0.5	"mid"
"ENSDARG00000103207"	0.0616839472448011	0.631666666666667	0.7	"mid"
"ENSDARG00000103211"	0.0535610960990288	0.886666666666667	0.9	"high"
"ENSDARG00000103220"	0.0614408650185641	0.587166666666667	0.6	"mid"
"ENSDARG00000103226"	0.0570507523391311	0.90520202020202	1	"high"
"ENSDARG00000103234"	0.0273913957747529	0.72175	0.8	"mid"
"ENSDARG00000103235"	0.0977209665436528	0.404090909090909	0.5	"mid"
"ENSDARG00000103251"	0.0582241163157041	0.467272727272727	0.5	"mid"
"ENSDARG00000103253"	0.160229670905779	0.355681818181818	0.4	"mid"
"ENSDARG00000103266"	0.0896463196627875	0.45961038961039	0.5	"mid"
"ENSDARG00000103271"	0.0720109741055152	0.59531746031746	0.6	"mid"
"ENSDARG00000103277"	0.0613303073197288	0.97	1	"high"
"ENSDARG00000103288"	0.0366265607772581	0.852727272727273	0.9	"high"
"ENSDARG00000103295"	0.157908351456185	0.605476190476191	0.7	"mid"
"ENSDARG00000103308"	0.0792779478758554	0.7	0.7	"mid"
"ENSDARG00000103313"	0.0482996585679916	0.281538461538462	0.3	"mid"
"ENSDARG00000103318"	0.0859393934270708	0.363269230769231	0.4	"mid"
"ENSDARG00000103320"	0.0511355263856265	0.649666666666667	0.7	"mid"
"ENSDARG00000103336"	0.113263432602205	0.751111111111111	0.8	"mid"
"ENSDARG00000103340"	0.053607137957955	0.336262626262626	0.4	"mid"
"ENSDARG00000103361"	0.0444594332651497	0.2375	0.3	"mid"
"ENSDARG00000103370"	0.057629459539006	0.3855	0.4	"mid"
"ENSDARG00000103379"	0.0257956339007734	0.306363636363636	0.4	"mid"
"ENSDARG00000103394"	0.0386239372977926	0.595	0.6	"mid"
"ENSDARG00000103398"	0.136105344530231	0.294166666666667	0.3	"mid"
"ENSDARG00000103403"	0.032677159562314	0.456628787878788	0.5	"mid"
"ENSDARG00000103404"	0.0152145947783453	0.376919191919192	0.4	"mid"
"ENSDARG00000103409"	0.0459317481824448	0.699	0.7	"mid"
"ENSDARG00000103432"	0.0315631470205981	0.808454545454545	0.9	"high"
"ENSDARG00000103444"	0.108810919247504	0.728	0.8	"mid"
"ENSDARG00000103453"	0.0606604286985943	0.484166666666667	0.5	"mid"
"ENSDARG00000103454"	0.113061131897045	0.393030303030303	0.4	"mid"
"ENSDARG00000103457"	0.129757173488704	0.445654761904762	0.5	"mid"
"ENSDARG00000103462"	0.0340282644210757	0.457692307692308	0.5	"mid"
"ENSDARG00000103472"	0.0220612285921032	0.329363636363636	0.4	"mid"
"ENSDARG00000103479"	0.0509131357971738	0.494090909090909	0.5	"mid"
"ENSDARG00000103483"	0.170922055215603	0.5175	0.6	"mid"
"ENSDARG00000103484"	0.0760928448464006	0.362142857142857	0.4	"mid"
"ENSDARG00000103503"	0.0659120145481231	0.453333333333333	0.5	"mid"
"ENSDARG00000103505"	0.0190356935223575	0.509346153846154	0.6	"mid"
"ENSDARG00000103511"	0.0673886352629239	0.24979797979798	0.3	"mid"
"ENSDARG00000103516"	0.0622942249711414	0.369272727272727	0.4	"mid"
"ENSDARG00000103522"	0.166404740200763	0.718555555555556	0.8	"mid"
"ENSDARG00000103523"	0.104711187134644	0.471111111111111	0.5	"mid"
"ENSDARG00000103533"	0.175999500139446	0.310909090909091	0.4	"mid"
"ENSDARG00000103537"	0.095397929343065	0.500357142857143	0.6	"mid"
"ENSDARG00000103542"	0.140425249391459	0.56	0.6	"mid"
"ENSDARG00000103543"	0.0981324924829757	0.268257575757576	0.3	"mid"
"ENSDARG00000103546"	0.015270979039812	0.4	0.4	"mid"
"ENSDARG00000103553"	0.00835311330058427	0.442727272727273	0.5	"mid"
"ENSDARG00000103554"	0.0439927254103914	0.54	0.6	"mid"
"ENSDARG00000103566"	0.0547474169922788	0.314285714285714	0.4	"mid"
"ENSDARG00000103578"	0.0121420197050019	0.428181818181818	0.5	"mid"
"ENSDARG00000103589"	0.0644983002365362	0.763888888888889	0.8	"mid"
"ENSDARG00000103591"	0.170132111352225	0.444285714285714	0.5	"mid"
"ENSDARG00000103594"	0.109036593464256	0.257386363636364	0.3	"mid"
"ENSDARG00000103606"	0.0327887539488946	0.694431818181818	0.7	"mid"
"ENSDARG00000103610"	0.0440295636747922	0.2525	0.3	"mid"
"ENSDARG00000103612"	0.0331927850011756	0.566909090909091	0.6	"mid"
"ENSDARG00000103614"	0.114333185306528	0.360151515151515	0.4	"mid"
"ENSDARG00000103619"	0.145777037738062	0.21	0.3	"mid"
"ENSDARG00000103634"	0.13571937373754	0.913143939393939	1	"high"
"ENSDARG00000103643"	0.0593174695762806	0.462222222222222	0.5	"mid"
"ENSDARG00000103648"	0.0679865817870031	0.517166666666667	0.6	"mid"
"ENSDARG00000103659"	0.121125992159305	0.568006993006993	0.6	"mid"
"ENSDARG00000103670"	0.0819935129370364	0.286742424242424	0.3	"mid"
"ENSDARG00000103677"	0.111568645827754	0.512222222222222	0.6	"mid"
"ENSDARG00000103679"	0.0952794205017937	0.540808080808081	0.6	"mid"
"ENSDARG00000103683"	0.0968882998261356	0.396263736263736	0.4	"mid"
"ENSDARG00000103684"	0.0781472093003747	0.333333333333333	0.4	"mid"
"ENSDARG00000103687"	0.124153614939616	0.709090909090909	0.8	"mid"
"ENSDARG00000103690"	0.0762325363809067	0.452916666666667	0.5	"mid"
"ENSDARG00000103691"	0.0858276111326604	0.416318181818182	0.5	"mid"
"ENSDARG00000103692"	0.0950417740028193	0.624444444444444	0.7	"mid"
"ENSDARG00000103697"	0.0270334246486994	0.462525252525253	0.5	"mid"
"ENSDARG00000103712"	0.0422307239990036	0.523166666666667	0.6	"mid"
"ENSDARG00000103713"	0.162029276204381	0.457692307692308	0.5	"mid"
"ENSDARG00000103714"	0.0191918065576365	0.51510101010101	0.6	"mid"
"ENSDARG00000103718"	0.0479203817868843	0.43	0.5	"mid"
"ENSDARG00000103732"	0.068535451066309	0.347142857142857	0.4	"mid"
"ENSDARG00000103736"	0.0736493099047435	0.384142857142857	0.4	"mid"
"ENSDARG00000103740"	0.109061827138467	0.710454545454545	0.8	"mid"
"ENSDARG00000103743"	0.0873578677322397	0.723916666666667	0.8	"mid"
"ENSDARG00000103744"	0.0741141728949238	0.6425	0.7	"mid"
"ENSDARG00000103746"	0.0748448102618656	0.413	0.5	"mid"
"ENSDARG00000103747"	0.0459474465529067	0.636103896103896	0.7	"mid"
"ENSDARG00000103748"	0.0883149995990302	0.307	0.4	"mid"
"ENSDARG00000103751"	0.164542592384206	0.375	0.4	"mid"
"ENSDARG00000103759"	0.0782256766476685	0.617467532467532	0.7	"mid"
"ENSDARG00000103783"	0.0703432030030154	0.501818181818182	0.6	"mid"
"ENSDARG00000103785"	0.119758584552426	0.65	0.7	"mid"
"ENSDARG00000103787"	0.0347086172964327	0.214343434343434	0.3	"mid"
"ENSDARG00000103795"	0.148113638557734	0.275454545454545	0.3	"mid"
"ENSDARG00000103800"	0.00800102827224678	0.556	0.6	"mid"
"ENSDARG00000103811"	0.0585295987836845	0.518590909090909	0.6	"mid"
"ENSDARG00000103824"	0.0659410676964073	0.811666666666667	0.9	"high"
"ENSDARG00000103831"	0.0250317038560058	0.517159090909091	0.6	"mid"
"ENSDARG00000103833"	0.113263432602205	0.752	0.8	"mid"
"ENSDARG00000103834"	0.0394696251174468	0.939583333333333	1	"high"
"ENSDARG00000103840"	0.0331582221287542	0.602272727272727	0.7	"mid"
"ENSDARG00000103845"	0.045167232594967	0.409935897435897	0.5	"mid"
"ENSDARG00000103848"	0.0385488720652179	0.244444444444444	0.3	"mid"
"ENSDARG00000103851"	0.102678257705679	0.559583333333333	0.6	"mid"
"ENSDARG00000103856"	0.150255316389394	0.519363636363636	0.6	"mid"
"ENSDARG00000103878"	0.105456628461337	0.808181818181818	0.9	"high"
"ENSDARG00000103889"	0.138285732843416	0.39530303030303	0.4	"mid"
"ENSDARG00000103893"	0.021669685408901	0.344090909090909	0.4	"mid"
"ENSDARG00000103902"	0.0558976481244848	0.377857142857143	0.4	"mid"
"ENSDARG00000103914"	0.0869772581809609	0.648712121212121	0.7	"mid"
"ENSDARG00000103915"	0.0439156369167337	0.392636363636364	0.4	"mid"
"ENSDARG00000103919"	0.0701944026436409	0.57375	0.6	"mid"
"ENSDARG00000103922"	0.0503235342005917	0.466818181818182	0.5	"mid"
"ENSDARG00000103924"	0.0870350885185209	0.422	0.5	"mid"
"ENSDARG00000103926"	0.0854696567851087	0.448888888888889	0.5	"mid"
"ENSDARG00000103929"	0.112593735587774	0.79	0.8	"mid"
"ENSDARG00000103937"	0.0358342111685723	0.25	0.3	"mid"
"ENSDARG00000103947"	0.068752876627557	0.288181818181818	0.3	"mid"
"ENSDARG00000103957"	0.028032955426229	0.409935064935065	0.5	"mid"
"ENSDARG00000103959"	0.0165138462961836	0.273333333333333	0.3	"mid"
"ENSDARG00000103962"	0.0445584146945212	0.533636363636364	0.6	"mid"
"ENSDARG00000103969"	0.0243056483112744	0.633	0.7	"mid"
"ENSDARG00000103977"	0.167967928639873	0.215555555555556	0.3	"mid"
"ENSDARG00000103978"	0.0500150051212824	0.604545454545454	0.7	"mid"
"ENSDARG00000103980"	0.0785444572789709	0.861111111111111	0.9	"high"
"ENSDARG00000103984"	0.0540508647184113	0.416083333333333	0.5	"mid"
"ENSDARG00000103996"	0.094502779376065	0.478333333333333	0.5	"mid"
"ENSDARG00000104018"	0.0950692665771906	0.607666666666667	0.7	"mid"
"ENSDARG00000104022"	0.0709001078012689	0.466363636363636	0.5	"mid"
"ENSDARG00000104028"	0.227160437047042	0.614226190476191	0.7	"mid"
"ENSDARG00000104030"	0.0291843775897456	0.158831168831169	0.2	"low"
"ENSDARG00000104031"	0.11713746738263	0.507777777777778	0.6	"mid"
"ENSDARG00000104034"	0.0823572197534033	0.5145	0.6	"mid"
"ENSDARG00000104042"	0.081718901606564	0.662	0.7	"mid"
"ENSDARG00000104043"	0.0718138571667777	0.872070707070707	0.9	"high"
"ENSDARG00000104047"	0.157587115292947	0.786590909090909	0.8	"mid"
"ENSDARG00000104065"	0.148113385945691	0.4575	0.5	"mid"
"ENSDARG00000104069"	0.0641023019390647	0.837571428571429	0.9	"high"
"ENSDARG00000104071"	0.0632323294392639	0.925714285714286	1	"high"
"ENSDARG00000104076"	0.0635136011513094	0.473636363636364	0.5	"mid"
"ENSDARG00000104085"	0.0442920372740943	0.227	0.3	"mid"
"ENSDARG00000104100"	0.0535005741665478	0.401111111111111	0.5	"mid"
"ENSDARG00000104105"	0.0869866382294792	0.559166666666667	0.6	"mid"
"ENSDARG00000104108"	0.0977408357617026	0.565	0.6	"mid"
"ENSDARG00000104110"	0.0536582115079555	0.746666666666667	0.8	"mid"
"ENSDARG00000104111"	0.13446188267869	0.253535353535354	0.3	"mid"
"ENSDARG00000104114"	0.0781720335344453	0.427777777777778	0.5	"mid"
"ENSDARG00000104117"	0.0280116714066173	0.560654761904762	0.6	"mid"
"ENSDARG00000104118"	0.108491269902977	0.417373737373737	0.5	"mid"
"ENSDARG00000104128"	0.0453016404915266	0.706666666666667	0.8	"mid"
"ENSDARG00000104129"	0.0898899300832193	0.899469696969697	0.9	"high"
"ENSDARG00000104130"	0.0513668071525498	0.386515151515151	0.4	"mid"
"ENSDARG00000104139"	0.0174695670045291	0.680166666666667	0.7	"mid"
"ENSDARG00000104149"	0.00335531650489308	0.259863636363636	0.3	"mid"
"ENSDARG00000104170"	0.0904794137304391	0.814615384615385	0.9	"high"
"ENSDARG00000104172"	0.159388829907191	0.429166666666667	0.5	"mid"
"ENSDARG00000104173"	0.049148885036548	0.138076923076923	0.2	"low"
"ENSDARG00000104197"	0.142913104616361	0.650454545454545	0.7	"mid"
"ENSDARG00000104221"	0.148985956827949	0.41968253968254	0.5	"mid"
"ENSDARG00000104223"	0.0574157758586648	0.437575757575758	0.5	"mid"
"ENSDARG00000104225"	0.0538729292173469	0.795714285714286	0.8	"mid"
"ENSDARG00000104227"	0.0746821495248557	0.709848484848485	0.8	"mid"
"ENSDARG00000104228"	0.0717133599270192	0.428611111111111	0.5	"mid"
"ENSDARG00000104230"	0.0180410374585646	0.215174825174825	0.3	"mid"
"ENSDARG00000104242"	0.0596848516748603	0.336038961038961	0.4	"mid"
"ENSDARG00000104244"	0.0251948980929052	0.495454545454545	0.5	"mid"
"ENSDARG00000104246"	0.0845521323583364	0.314444444444444	0.4	"mid"
"ENSDARG00000104251"	0.0459365494151212	0.3875	0.4	"mid"
"ENSDARG00000104256"	0.121163050687891	0.74	0.8	"mid"
"ENSDARG00000104267"	0.12017623150488	0.586923076923077	0.6	"mid"
"ENSDARG00000104274"	0.0963752091378287	0.580833333333333	0.6	"mid"
"ENSDARG00000104280"	0.0669458723750523	0.665	0.7	"mid"
"ENSDARG00000104285"	0.023672265162722	0.246	0.3	"mid"
"ENSDARG00000104287"	0.154860397912344	0.297202797202797	0.3	"mid"
"ENSDARG00000104292"	0.0862410678130005	0.726363636363636	0.8	"mid"
"ENSDARG00000104300"	0.123261081557402	0.605454545454545	0.7	"mid"
"ENSDARG00000104314"	0.169464586396386	0.645454545454546	0.7	"mid"
"ENSDARG00000104315"	0.0577279137134995	0.53540404040404	0.6	"mid"
"ENSDARG00000104325"	0.0878302580326363	0.428888888888889	0.5	"mid"
"ENSDARG00000104340"	0.0844950626025817	0.662698412698413	0.7	"mid"
"ENSDARG00000104342"	0.0233966625097233	0.301060606060606	0.4	"mid"
"ENSDARG00000104343"	0.0497798912019851	0.274545454545455	0.3	"mid"
"ENSDARG00000104344"	0.111575071325761	0.345833333333333	0.4	"mid"
"ENSDARG00000104353"	0.035079916650809	0.698333333333333	0.7	"mid"
"ENSDARG00000104359"	0.155181974579466	0.476153846153846	0.5	"mid"
"ENSDARG00000104367"	0.15887415537621	0.436785714285714	0.5	"mid"
"ENSDARG00000104370"	0.0966262502705707	0.590909090909091	0.6	"mid"
"ENSDARG00000104374"	0.172197067138992	0.703	0.8	"mid"
"ENSDARG00000104384"	0.128651165774972	0.804141414141414	0.9	"high"
"ENSDARG00000104396"	0.123871355231698	0.646916666666667	0.7	"mid"
"ENSDARG00000104399"	0.177912748539198	0.845454545454545	0.9	"high"
"ENSDARG00000104401"	0.0553239061412097	0.400277777777778	0.5	"mid"
"ENSDARG00000104404"	0.0766738108598544	0.526863636363636	0.6	"mid"
"ENSDARG00000104409"	0.0615631797656877	0.431414141414141	0.5	"mid"
"ENSDARG00000104413"	0.0433005154400413	0.505	0.6	"mid"
"ENSDARG00000104431"	0.0459354702917998	0.655	0.7	"mid"
"ENSDARG00000104437"	0.0573528742019886	0.147833333333333	0.2	"low"
"ENSDARG00000104439"	0.0855885541881968	0.738863636363636	0.8	"mid"
"ENSDARG00000104453"	0.0771448037195189	0.224848484848485	0.3	"mid"
"ENSDARG00000104458"	0.070493254927292	0.449305555555556	0.5	"mid"
"ENSDARG00000104467"	0.144472781056457	0.663636363636364	0.7	"mid"
"ENSDARG00000104470"	0.105735496440903	0.655227272727273	0.7	"mid"
"ENSDARG00000104474"	0.240187105616094	0.4225	0.5	"mid"
"ENSDARG00000104478"	0.0834610350381487	0.582272727272727	0.6	"mid"
"ENSDARG00000104485"	0.0472515055015999	0.307142857142857	0.4	"mid"
"ENSDARG00000104487"	0.10035782923182	0.615454545454545	0.7	"mid"
"ENSDARG00000104495"	0.0927794131996625	0.698	0.7	"mid"
"ENSDARG00000104508"	0.0537046076488757	0.486136363636364	0.5	"mid"
"ENSDARG00000104517"	0.0936983713424589	0.840959595959596	0.9	"high"
"ENSDARG00000104530"	0.0736532595603454	0.314861111111111	0.4	"mid"
"ENSDARG00000104531"	0.0837690027151064	0.456988636363636	0.5	"mid"
"ENSDARG00000104537"	0.126441534188898	0.943333333333333	1	"high"
"ENSDARG00000104538"	0.0435014579179139	0.443939393939394	0.5	"mid"
"ENSDARG00000104541"	0.075361698689275	0.482222222222222	0.5	"mid"
"ENSDARG00000104542"	0.105999384076363	0.372651515151515	0.4	"mid"
"ENSDARG00000104555"	0.0914338900170771	0.628409090909091	0.7	"mid"
"ENSDARG00000104568"	0.0811185061974894	0.445714285714286	0.5	"mid"
"ENSDARG00000104571"	0.0473647611206037	0.535064935064935	0.6	"mid"
"ENSDARG00000104573"	0.0411418073599038	0.497954545454545	0.5	"mid"
"ENSDARG00000104609"	0.0610367705088765	0.497222222222222	0.5	"mid"
"ENSDARG00000104636"	0.0578606703968708	0.456666666666667	0.5	"mid"
"ENSDARG00000104640"	0.307623193229449	0.507272727272727	0.6	"mid"
"ENSDARG00000104647"	0.0340864317774312	0.793846153846154	0.8	"mid"
"ENSDARG00000104649"	0.128920785393324	0.342222222222222	0.4	"mid"
"ENSDARG00000104654"	0.114079937951576	0.924545454545455	1	"high"
"ENSDARG00000104660"	0.0857016613810161	0.228863636363636	0.3	"mid"
"ENSDARG00000104664"	0.0509479021128355	0.499659090909091	0.5	"mid"
"ENSDARG00000104665"	0.0756809603862533	0.679090909090909	0.7	"mid"
"ENSDARG00000104682"	0.00631528176238964	0.517222222222222	0.6	"mid"
"ENSDARG00000104687"	0.096481778975442	0.841666666666667	0.9	"high"
"ENSDARG00000104693"	0.208503616610379	0.441444444444444	0.5	"mid"
"ENSDARG00000104696"	0.235372607002609	0.483222222222222	0.5	"mid"
"ENSDARG00000104702"	0.0559127131272718	0.582857142857143	0.6	"mid"
"ENSDARG00000104709"	0.071113533636156	0.269393939393939	0.3	"mid"
"ENSDARG00000104716"	0.107938816181494	0.795555555555556	0.8	"mid"
"ENSDARG00000104719"	0.0662629546175041	0.5175	0.6	"mid"
"ENSDARG00000104722"	0.0227217085534342	0.824734848484848	0.9	"high"
"ENSDARG00000104726"	0.101793224986137	0.749583333333333	0.8	"mid"
"ENSDARG00000104733"	0.067695067152214	0.61280303030303	0.7	"mid"
"ENSDARG00000104752"	0.128903197944995	0.583333333333333	0.6	"mid"
"ENSDARG00000104768"	0.0400701990684316	0.48952380952381	0.5	"mid"
"ENSDARG00000104771"	0.0502443646508797	0.3265	0.4	"mid"
"ENSDARG00000104775"	0.144073032349586	0.993333333333333	1	"high"
"ENSDARG00000104783"	0.147841624750612	0.486818181818182	0.5	"mid"
"ENSDARG00000104795"	0.143486383874911	0.894305555555555	0.9	"high"
"ENSDARG00000104801"	0.0144370485599142	0.70925	0.8	"mid"
"ENSDARG00000104806"	0.010988460595418	0.292409090909091	0.3	"mid"
"ENSDARG00000104807"	0.0972759353272437	0.5975	0.6	"mid"
"ENSDARG00000104808"	0.0769917856246367	0.606333333333333	0.7	"mid"
"ENSDARG00000104817"	0.0778165271465112	0.393282828282828	0.4	"mid"
"ENSDARG00000104820"	0.0632393464906232	0.3035	0.4	"mid"
"ENSDARG00000104831"	0.116377936396411	0.395714285714286	0.4	"mid"
"ENSDARG00000104835"	0.0469474719109472	0.531	0.6	"mid"
"ENSDARG00000104837"	0.040150798979559	0.51	0.6	"mid"
"ENSDARG00000104846"	0.125743127358174	0.621010101010101	0.7	"mid"
"ENSDARG00000104856"	0.191894091689678	0.52625	0.6	"mid"
"ENSDARG00000104861"	0.0555973931750615	0.245416666666667	0.3	"mid"
"ENSDARG00000104871"	0.0273685317984582	0.329166666666667	0.4	"mid"
"ENSDARG00000104889"	0.0118110134293993	0.385333333333333	0.4	"mid"
"ENSDARG00000104891"	0.199238720863172	0.498055555555556	0.5	"mid"
"ENSDARG00000104901"	0.0353785334156086	0.374166666666667	0.4	"mid"
"ENSDARG00000104924"	0.138628363158761	0.617532467532468	0.7	"mid"
"ENSDARG00000104936"	0.114844096703012	0.573636363636364	0.6	"mid"
"ENSDARG00000104938"	0.0603411398664749	0.430909090909091	0.5	"mid"
"ENSDARG00000104976"	0.178512808921045	0.602727272727273	0.7	"mid"
"ENSDARG00000104992"	0.249514759704383	0.814861111111111	0.9	"high"
"ENSDARG00000104996"	0.0309551333976598	0.305666666666667	0.4	"mid"
"ENSDARG00000105009"	0.0530086919119983	0.319227272727273	0.4	"mid"
"ENSDARG00000105010"	0.0743448830069125	0.296083916083916	0.3	"mid"
"ENSDARG00000105011"	0.10486358609846	0.4275	0.5	"mid"
"ENSDARG00000105012"	0.0845617048390161	0.477905982905983	0.5	"mid"
"ENSDARG00000105014"	0.0715919441266292	0.271818181818182	0.3	"mid"
"ENSDARG00000105018"	0.117822412533984	0.400454545454545	0.5	"mid"
"ENSDARG00000105034"	0.0615536360432435	0.490961538461538	0.5	"mid"
"ENSDARG00000105035"	0.0395005171519959	0.47780303030303	0.5	"mid"
"ENSDARG00000105037"	0.0250415677803295	0.436666666666667	0.5	"mid"
"ENSDARG00000105040"	0.091617820523482	0.575454545454545	0.6	"mid"
"ENSDARG00000105043"	0.183209992153799	0.837777777777778	0.9	"high"
"ENSDARG00000105045"	0.0354769072344353	0.471607142857143	0.5	"mid"
"ENSDARG00000105046"	0.0858934274076115	0.684166666666667	0.7	"mid"
"ENSDARG00000105068"	0.154240460885759	0.753333333333333	0.8	"mid"
"ENSDARG00000105071"	0.0513386605232845	0.738333333333333	0.8	"mid"
"ENSDARG00000105073"	0.148113638557734	0.319090909090909	0.4	"mid"
"ENSDARG00000105083"	0.0184799299073068	0.335288461538462	0.4	"mid"
"ENSDARG00000105088"	0.0300892165492877	0.325181818181818	0.4	"mid"
"ENSDARG00000105098"	0.0119485011304465	0.467222222222222	0.5	"mid"
"ENSDARG00000105112"	0.015991022125932	0.664722222222222	0.7	"mid"
"ENSDARG00000105116"	0.0659945699860723	0.818555555555556	0.9	"high"
"ENSDARG00000105117"	0.055517890142233	0.446515151515152	0.5	"mid"
"ENSDARG00000105118"	0.147243986271771	0.708181818181818	0.8	"mid"
"ENSDARG00000105134"	0.0651072614686019	0.4195	0.5	"mid"
"ENSDARG00000105136"	0.126622262216636	0.360681818181818	0.4	"mid"
"ENSDARG00000105142"	0.0593973886164681	0.558681818181818	0.6	"mid"
"ENSDARG00000105154"	0.104862877257099	0.876025641025641	0.9	"high"
"ENSDARG00000105159"	0.0470284621601787	0.299384615384615	0.3	"mid"
"ENSDARG00000105177"	0.0436660517231675	0.322181818181818	0.4	"mid"
"ENSDARG00000105185"	0.113879182823319	0.506022727272727	0.6	"mid"
"ENSDARG00000105187"	0.0855325426885067	0.677619047619048	0.7	"mid"
"ENSDARG00000105190"	0.0354175753724177	0.359772727272727	0.4	"mid"
"ENSDARG00000105195"	0.0565778303215176	0.560277777777778	0.6	"mid"
"ENSDARG00000105206"	0.053419833174339	0.351856060606061	0.4	"mid"
"ENSDARG00000105215"	0.0866938126327578	0.498181818181818	0.5	"mid"
"ENSDARG00000105223"	0.0704730808498621	0.552	0.6	"mid"
"ENSDARG00000105231"	0.0781258506787851	0.145833333333333	0.2	"low"
"ENSDARG00000105232"	0.191894091689678	0.794166666666667	0.8	"mid"
"ENSDARG00000105243"	0.0115506300271782	0.486507936507937	0.5	"mid"
"ENSDARG00000105281"	0.0300902784733791	0.613636363636364	0.7	"mid"
"ENSDARG00000105286"	0.0639071082886044	0.446785714285714	0.5	"mid"
"ENSDARG00000105287"	0.0673917751994763	0.762272727272727	0.8	"mid"
"ENSDARG00000105288"	0.057260396982377	0.419090909090909	0.5	"mid"
"ENSDARG00000105295"	0.147909509786004	0.397777777777778	0.4	"mid"
"ENSDARG00000105321"	0.124179956603958	0.41048951048951	0.5	"mid"
"ENSDARG00000105335"	0.187692727687124	0.888888888888889	0.9	"high"
"ENSDARG00000105346"	0.195103697100718	0.942727272727273	1	"high"
"ENSDARG00000105380"	0.0967338817092289	0.631538461538461	0.7	"mid"
"ENSDARG00000105389"	0.0670441060146051	0.783772727272727	0.8	"mid"
"ENSDARG00000105405"	0.192254588172894	0.627820512820513	0.7	"mid"
"ENSDARG00000105424"	0.145692466059548	0.5425	0.6	"mid"
"ENSDARG00000105450"	0.0949640335965173	0.5925	0.6	"mid"
"ENSDARG00000105473"	0.189794609316648	0.41825	0.5	"mid"
"ENSDARG00000105503"	0.105146665040985	0.762777777777778	0.8	"mid"
"ENSDARG00000105527"	0.0375648596932529	0.252166666666667	0.3	"mid"
"ENSDARG00000105529"	0.117143724234692	0.32	0.4	"mid"
"ENSDARG00000105532"	0.0772340857565821	0.2675	0.3	"mid"
"ENSDARG00000105643"	0.189439411592069	0.784431818181818	0.8	"mid"
"ENSDARG00000105644"	0.111645019033817	0.339681818181818	0.4	"mid"
"ENSDARG00000105669"	0.076586705171808	0.371863636363636	0.4	"mid"
"ENSDARG00000105713"	0.164542592384206	0.32	0.4	"mid"
"ENSDARG00000105748"	0.0900512629723965	0.396863636363636	0.4	"mid"
"ENSDARG00000105816"	0.164542592384206	0.430772727272727	0.5	"mid"
"ENSDARG00000105831"	0.164542592384206	0.409444444444444	0.5	"mid"
"ENSDARG00000105834"	0.164542592384206	0.585340909090909	0.6	"mid"
"ENSDARG00000106529"	0.0539563951174923	0.813333333333333	0.9	"high"
"ENSDARG00000106745"	0.0835635644312445	0.511136363636364	0.6	"mid"
"ENSDARG00000107385"	0.099503522866676	0.403333333333333	0.5	"mid"
"ENSDARG00000107511"	0.0940103585207265	0.21	0.3	"mid"
"ENSDARG00000107526"	0.110480531281042	0.422222222222222	0.5	"mid"
"ENSDARG00000107534"	0.20567704353066	0.434772727272727	0.5	"mid"
"ENSDARG00000108332"	0.307623193229449	0.341666666666667	0.4	"mid"
"ENSDARG00000108441"	0.148113385945691	0.384545454545455	0.4	"mid"
"ENSDARG00000108937"	0.178331831865545	0.3605	0.4	"mid"
"ENSDARG00000108939"	0.0330108840691433	0.7495	0.8	"mid"
"ENSDARG00000109289"	0.194710878474206	0.251858974358974	0.3	"mid"
"ENSDARG00000109337"	0.0560345990326799	0.57625	0.6	"mid"
"ENSDARG00000109510"	0.0592999800189342	0.336954545454545	0.4	"mid"
"ENSDARG00000109597"	0.177012719539827	0.445	0.5	"mid"
"ENSDARG00000109646"	0.226795205667393	0.480909090909091	0.5	"mid"
"ENSDARG00000109678"	0.144069442834414	0.928116883116883	1	"high"
"ENSDARG00000109686"	0.210183422952224	0.509583333333333	0.6	"mid"
"ENSDARG00000109715"	0.0735272339842856	0.2775	0.3	"mid"
"ENSDARG00000109820"	0.0378063658530542	0.199242424242424	0.2	"low"
"ENSDARG00000109830"	0.0736747858754404	0.409409090909091	0.5	"mid"
"ENSDARG00000109961"	0.0548019926912666	0.477083333333333	0.5	"mid"
"ENSDARG00000109974"	0.124244039717547	0.422622377622378	0.5	"mid"
"ENSDARG00000110069"	0.0768821641763479	0.587	0.6	"mid"
"ENSDARG00000110147"	0.0937652753738231	0.278080808080808	0.3	"mid"
"ENSDARG00000110186"	0.206290214399918	0.927777777777778	1	"high"
"ENSDARG00000110240"	0.111790872894795	0.492402597402597	0.5	"mid"
"ENSDARG00000110288"	0.307623193229449	0.479583333333333	0.5	"mid"
"ENSDARG00000110298"	0.0915979995648997	0.583	0.6	"mid"
"ENSDARG00000110325"	0.155388457523882	0.455454545454545	0.5	"mid"
"ENSDARG00000110361"	0.166513975840064	0.6025	0.7	"mid"
"ENSDARG00000110496"	0.11267608357067	0.693636363636364	0.7	"mid"
"ENSDARG00000110528"	0.0687587883819714	0.146071428571429	0.2	"low"
"ENSDARG00000110581"	0.0463561137141235	0.455416666666667	0.5	"mid"
"ENSDARG00000110608"	0.0894807429051205	0.845833333333333	0.9	"high"
"ENSDARG00000110654"	0.0776535142487016	0.393214285714286	0.4	"mid"
"ENSDARG00000110700"	0.140426493359407	0.207777777777778	0.3	"mid"
"ENSDARG00000110836"	0.157390466680267	0.341818181818182	0.4	"mid"
"ENSDARG00000110963"	0.0562436864092561	0.571818181818182	0.6	"mid"
"ENSDARG00000110991"	0.0715711384647472	0.408461538461538	0.5	"mid"
"ENSDARG00000111040"	0.00992718534356133	0.855454545454545	0.9	"high"
"ENSDARG00000111091"	0.123832151261542	0.559428571428571	0.6	"mid"
"ENSDARG00000111106"	0.0379734090401997	0.295	0.3	"mid"
"ENSDARG00000111107"	0.05437851493688	0.72	0.8	"mid"
"ENSDARG00000111188"	0.0887442349576872	0.628181818181818	0.7	"mid"
"ENSDARG00000111235"	0.112673673184193	0.293232323232323	0.3	"mid"
"ENSDARG00000111240"	0.127991848338451	0.894166666666667	0.9	"high"
"ENSDARG00000111357"	0.212011077020305	0.654083333333333	0.7	"mid"
"ENSDARG00000111588"	0.0671620601740829	0.3185	0.4	"mid"
"ENSDARG00000111612"	0.0387791213058046	0.632416666666667	0.7	"mid"
"ENSDARG00000111714"	0.108924209364888	0.723636363636364	0.8	"mid"
"ENSDARG00000111747"	0.166589685887576	0.472857142857143	0.5	"mid"
"ENSDARG00000111785"	0.0288518805180322	0.462424242424242	0.5	"mid"
"ENSDARG00000111877"	0.0603795620374044	0.469545454545455	0.5	"mid"
"ENSDARG00000112087"	0.0457318973666076	0.476818181818182	0.5	"mid"
"ENSDARG00000112125"	0.242142442925921	0.763333333333333	0.8	"mid"
"ENSDARG00000112145"	0.148113385945691	0.561666666666667	0.6	"mid"
"ENSDARG00000112165"	0.148454452025517	0.342361111111111	0.4	"mid"
"ENSDARG00000112234"	0.103659899102118	0.845833333333333	0.9	"high"
"ENSDARG00000112452"	0.0608745316325303	0.422	0.5	"mid"
"ENSDARG00000112476"	0.126903710623256	0.374055555555556	0.4	"mid"
"ENSDARG00000112579"	0.13797090376555	0.461919191919192	0.5	"mid"
"ENSDARG00000112644"	0.0868042660674305	0.735833333333333	0.8	"mid"
"ENSDARG00000112667"	0.0705802808192564	0.404059829059829	0.5	"mid"
"ENSDARG00000112670"	0.165252586224109	0.670555555555556	0.7	"mid"
"ENSDARG00000112751"	0.131119893419737	0.72	0.8	"mid"
"ENSDARG00000112931"	0.100557027630786	0.809415584415584	0.9	"high"
"ENSDARG00000113009"	0.034632600138228	0.398181818181818	0.4	"mid"
"ENSDARG00000113411"	0.0303467290235842	0.723333333333333	0.8	"mid"
"ENSDARG00000113425"	0.190754505889571	0.696666666666667	0.7	"mid"
"ENSDARG00000113503"	0.209103544641639	0.463674242424242	0.5	"mid"
"ENSDARG00000113572"	0.307623193229449	0.612833333333333	0.7	"mid"
"ENSDARG00000113771"	0.0192278820058838	0.241428571428571	0.3	"mid"
"ENSDARG00000113801"	0.122810454853237	0.7275	0.8	"mid"
"ENSDARG00000113858"	0.105166830823316	0.976363636363636	1	"high"
"ENSDARG00000113899"	0.025699188103477	0.340409090909091	0.4	"mid"
"ENSDARG00000113961"	0.0959439553848397	0.440769230769231	0.5	"mid"
"ENSDARG00000113969"	0.0200973779330413	0.535909090909091	0.6	"mid"
"ENSDARG00000113977"	0.0821756641610152	0.884416666666667	0.9	"high"
"ENSDARG00000114038"	0.242019825880746	0.424285714285714	0.5	"mid"
"ENSDARG00000114063"	0.131581049430161	0.5745	0.6	"mid"
"ENSDARG00000114067"	0.0360508562403924	0.274292929292929	0.3	"mid"
"ENSDARG00000114237"	0.0790547501659784	0.754545454545455	0.8	"mid"
"ENSDARG00000114245"	0.07229945184758	0.707361111111111	0.8	"mid"
"ENSDARG00000114425"	0.0433142645317635	0.312132867132867	0.4	"mid"
"ENSDARG00000114451"	0.122964515954246	0.701987179487179	0.8	"mid"
"ENSDARG00000114508"	0.0516007156884335	0.344772727272727	0.4	"mid"
"ENSDARG00000114549"	0.0617565693946253	0.533181818181818	0.6	"mid"
"ENSDARG00000114552"	0.138722927470164	0.360909090909091	0.4	"mid"
"ENSDARG00000114589"	0.102935210373657	0.444545454545455	0.5	"mid"
"ENSDARG00000114670"	0.0618277185476334	0.629401709401709	0.7	"mid"
"ENSDARG00000114695"	0.0930740820598133	0.774111111111111	0.8	"mid"
"ENSDARG00000114760"	0.157947389677743	0.735584415584416	0.8	"mid"
"ENSDARG00000114885"	0.0872557186572785	0.41038961038961	0.5	"mid"
"ENSDARG00000115161"	0.177012719539827	0.955555555555555	1	"high"
"ENSDARG00000115174"	0.0595064526363131	0.429090909090909	0.5	"mid"
"ENSDARG00000115205"	0.178580778681099	0.704791666666667	0.8	"mid"
"ENSDARG00000115222"	0.0867039263929869	0.368	0.4	"mid"
"ENSDARG00000115266"	0.0447400590475124	0.542727272727273	0.6	"mid"
"ENSDARG00000115301"	0.0761899722691349	0.369	0.4	"mid"
"ENSDARG00000115383"	0.0143038667881718	0.2895	0.3	"mid"
"ENSDARG00000115421"	0.0799343302492023	0.220545454545455	0.3	"mid"
"ENSDARG00000115545"	0.0575661775962297	0.831	0.9	"high"
"ENSDARG00000115610"	0.191696258535128	0.865642857142857	0.9	"high"
"ENSDARG00000115657"	0.0251546246796981	0.37675	0.4	"mid"
"ENSDARG00000115817"	0.178580778681099	0.617142857142857	0.7	"mid"
"ENSDARG00000115862"	0.0616873811298655	0.503181818181818	0.6	"mid"
"ENSDARG00000115987"	0.0443191225327608	0.803272727272727	0.9	"high"
"ENSDARG00000116005"	0.178580778681099	0.554444444444444	0.6	"mid"
"ENSDARG00000116058"	0.0188476100423382	0.488636363636364	0.5	"mid"
"ENSDARG00000116193"	0.190754505889571	0.804285714285714	0.9	"high"
"ENSDARG00000116334"	0.100765796306445	0.748636363636364	0.8	"mid"
"ENSDARG00000116344"	0.215581069026766	0.514166666666667	0.6	"mid"
"ENSDARG00000116378"	0.274367122590988	0.776161616161616	0.8	"mid"
"ENSDARG00000116618"	0.307623193229449	0.375153846153846	0.4	"mid"
"ENSDARG00000116649"	0.00555915797899083	0.297272727272727	0.3	"mid"
"ENSDARG00000116680"	0.0807023418916882	0.580555555555555	0.6	"mid"
"ENSDARG00000116743"	0.0495970854231034	0.932727272727273	1	"high"
"ENSDARG00000116765"	0.148113385945691	0.461	0.5	"mid"
"ENSDARG00000116835"	0.0499070472933646	0.450909090909091	0.5	"mid"
"ENSDARG00000117089"	1e-04	0.435909090909091	0.5	"mid"
"ENSDARG00000117130"	0.0885746922357616	0.550959595959596	0.6	"mid"
