"VarCategory"	"GOBPID"	"Term"	"MeanPvalue"	"NConditions"	"EnrichmentTest"	"TestDirection"
"LV"	"GO:0000070"	"mitotic sister chromatid segregation"	0.00712214297339281	1	"GOStats"	"enrichment"
"LV"	"GO:0000075"	"cell cycle checkpoint"	0.0068187877070765	1	"GOStats"	"enrichment"
"LV"	"GO:0000187"	"activation of MAPK activity"	0.00956886533931881	1	"GOStats"	"enrichment"
"LV"	"GO:0000209"	"protein polyubiquitination"	0.00176165579276249	4	"GOStats"	"enrichment"
"LV"	"GO:0000226"	"microtubule cytoskeleton organization"	0.00369937965088613	1	"GOStats"	"enrichment"
"LV"	"GO:0000245"	"spliceosomal complex assembly"	0.000435686479344728	1	"GOStats"	"enrichment"
"LV"	"GO:0000278"	"mitotic cell cycle"	0.00217842849225832	1	"GOStats"	"enrichment"
"LV"	"GO:0000280"	"nuclear division"	0.00269873694398725	2	"GOStats"	"enrichment"
"LV"	"GO:0000281"	"mitotic cytokinesis"	6.54081308287324e-05	1	"GOStats"	"enrichment"
"LV"	"GO:0000349"	"generation of catalytic spliceosome for first transesterification step"	0.00568854853542824	1	"GOStats"	"enrichment"
"LV"	"GO:0000375"	"RNA splicing, via transesterification reactions"	0.000831783248701782	7	"GOStats"	"enrichment"
"LV"	"GO:0000380"	"alternative mRNA splicing, via spliceosome"	0.00459874432967139	2	"GOStats"	"enrichment"
"LV"	"GO:0000381"	"regulation of alternative mRNA splicing, via spliceosome"	0.00384125623312351	2	"GOStats"	"enrichment"
"LV"	"GO:0000393"	"spliceosomal conformational changes to generate catalytic conformation"	0.00412601611060417	1	"GOStats"	"enrichment"
"LV"	"GO:0000398"	"mRNA splicing, via spliceosome"	0.000837365967474064	7	"GOStats"	"enrichment"
"LV"	"GO:0000413"	"protein peptidyl-prolyl isomerization"	0.00925003369415512	1	"GOStats"	"enrichment"
"LV"	"GO:0000460"	"maturation of 5.8S rRNA"	0.00575848036194548	1	"GOStats"	"enrichment"
"LV"	"GO:0000470"	"maturation of LSU-rRNA"	0.00177299146656246	1	"GOStats"	"enrichment"
"LV"	"GO:0000723"	"telomere maintenance"	0.00488291262364282	2	"GOStats"	"enrichment"
"LV"	"GO:0000725"	"recombinational repair"	0.00797826746728608	1	"GOStats"	"enrichment"
"LV"	"GO:0000726"	"non-recombinational repair"	0.00790208228872163	1	"GOStats"	"enrichment"
"LV"	"GO:0000902"	"cell morphogenesis"	0.00859934139030261	1	"GOStats"	"enrichment"
"LV"	"GO:0000910"	"cytokinesis"	7.30549086449702e-07	1	"GOStats"	"enrichment"
"LV"	"GO:0000956"	"nuclear-transcribed mRNA catabolic process"	0.00381405784489429	2	"GOStats"	"enrichment"
"LV"	"GO:0001101"	"response to acid chemical"	0.00176362890233577	1	"GOStats"	"enrichment"
"LV"	"GO:0001510"	"RNA methylation"	0.000674944508394779	1	"GOStats"	"enrichment"
"LV"	"GO:0001561"	"fatty acid alpha-oxidation"	0.00700637109723575	1	"GOStats"	"enrichment"
"LV"	"GO:0001654"	"eye development"	0.00939447799472667	1	"GOStats"	"enrichment"
"LV"	"GO:0001731"	"formation of translation preinitiation complex"	0.00215628880598731	2	"GOStats"	"enrichment"
"LV"	"GO:0001840"	"neural plate development"	0.00854842304479332	1	"GOStats"	"enrichment"
"LV"	"GO:0001947"	"heart looping"	0.00374043948108301	1	"GOStats"	"enrichment"
"LV"	"GO:0002040"	"sprouting angiogenesis"	0.00498099420629869	1	"GOStats"	"enrichment"
"LV"	"GO:0002090"	"regulation of receptor internalization"	0.00140049245611191	2	"GOStats"	"enrichment"
"LV"	"GO:0002097"	"tRNA wobble base modification"	0.0081601107286847	1	"GOStats"	"enrichment"
"LV"	"GO:0002285"	"lymphocyte activation involved in immune response"	0.00723178597859854	1	"GOStats"	"enrichment"
"LV"	"GO:0002444"	"myeloid leukocyte mediated immunity"	0.00427630339523056	1	"GOStats"	"enrichment"
"LV"	"GO:0002520"	"immune system development"	0.00357812860200242	1	"GOStats"	"enrichment"
"LV"	"GO:0003007"	"heart morphogenesis"	0.000926033594795649	1	"GOStats"	"enrichment"
"LV"	"GO:0003140"	"determination of left/right asymmetry in lateral mesoderm"	0.00503837617534798	1	"GOStats"	"enrichment"
"LV"	"GO:0003143"	"embryonic heart tube morphogenesis"	0.0060953333850876	1	"GOStats"	"enrichment"
"LV"	"GO:0003179"	"heart valve morphogenesis"	0.00984059686331006	1	"GOStats"	"enrichment"
"LV"	"GO:0003208"	"cardiac ventricle morphogenesis"	0.00491596579435093	1	"GOStats"	"enrichment"
"LV"	"GO:0003365"	"establishment of cell polarity involved in ameboidal cell migration"	0.00136673699174439	1	"GOStats"	"enrichment"
"LV"	"GO:0006024"	"glycosaminoglycan biosynthetic process"	0.00139122014785182	1	"GOStats"	"enrichment"
"LV"	"GO:0006047"	"UDP-N-acetylglucosamine metabolic process"	0.00368531099329348	1	"GOStats"	"enrichment"
"LV"	"GO:0006098"	"pentose-phosphate shunt"	0.00893758421724547	1	"GOStats"	"enrichment"
"LV"	"GO:0006139"	"nucleobase-containing compound metabolic process"	0.00164436755768102	1	"GOStats"	"enrichment"
"LV"	"GO:0006259"	"DNA metabolic process"	0.00600706122786812	2	"GOStats"	"enrichment"
"LV"	"GO:0006260"	"DNA replication"	0.00896285123859407	1	"GOStats"	"enrichment"
"LV"	"GO:0006271"	"DNA strand elongation involved in DNA replication"	0.00575662300789518	1	"GOStats"	"enrichment"
"LV"	"GO:0006281"	"DNA repair"	0.00378546176929976	3	"GOStats"	"enrichment"
"LV"	"GO:0006282"	"regulation of DNA repair"	0.00403970596372207	2	"GOStats"	"enrichment"
"LV"	"GO:0006284"	"base-excision repair"	0.00697625319984251	1	"GOStats"	"enrichment"
"LV"	"GO:0006296"	"nucleotide-excision repair, DNA incision, 5'-to lesion"	0.00710135957316765	1	"GOStats"	"enrichment"
"LV"	"GO:0006301"	"postreplication repair"	0.00573160296742113	1	"GOStats"	"enrichment"
"LV"	"GO:0006302"	"double-strand break repair"	0.00206482737645151	1	"GOStats"	"enrichment"
"LV"	"GO:0006303"	"double-strand break repair via nonhomologous end joining"	0.000364125718607188	2	"GOStats"	"enrichment"
"LV"	"GO:0006323"	"DNA packaging"	0.00857879981840955	1	"GOStats"	"enrichment"
"LV"	"GO:0006325"	"chromatin organization"	0.00260249807001723	6	"GOStats"	"enrichment"
"LV"	"GO:0006337"	"nucleosome disassembly"	0.00738544299258829	1	"GOStats"	"enrichment"
"LV"	"GO:0006338"	"chromatin remodeling"	0.00535766462824341	1	"GOStats"	"enrichment"
"LV"	"GO:0006351"	"transcription, DNA-templated"	0.00463351613200668	1	"GOStats"	"enrichment"
"LV"	"GO:0006352"	"DNA-templated transcription, initiation"	0.00891868330286997	1	"GOStats"	"enrichment"
"LV"	"GO:0006355"	"regulation of transcription, DNA-templated"	0.00783888402747391	2	"GOStats"	"enrichment"
"LV"	"GO:0006367"	"transcription initiation from RNA polymerase II promoter"	0.00716466442457567	3	"GOStats"	"enrichment"
"LV"	"GO:0006368"	"transcription elongation from RNA polymerase II promoter"	0.00614487144669476	2	"GOStats"	"enrichment"
"LV"	"GO:0006370"	"7-methylguanosine mRNA capping"	0.00354954024970783	1	"GOStats"	"enrichment"
"LV"	"GO:0006378"	"mRNA polyadenylation"	0.000637510526958722	2	"GOStats"	"enrichment"
"LV"	"GO:0006382"	"adenosine to inosine editing"	0.00686331382864803	1	"GOStats"	"enrichment"
"LV"	"GO:0006383"	"transcription by RNA polymerase III"	0.00857683449553765	1	"GOStats"	"enrichment"
"LV"	"GO:0006396"	"RNA processing"	0.00133369490549946	6	"GOStats"	"enrichment"
"LV"	"GO:0006397"	"mRNA processing"	0.0049794343246755	2	"GOStats"	"enrichment"
"LV"	"GO:0006403"	"RNA localization"	0.00231881141164059	1	"GOStats"	"enrichment"
"LV"	"GO:0006405"	"RNA export from nucleus"	0.00163768740532488	1	"GOStats"	"enrichment"
"LV"	"GO:0006406"	"mRNA export from nucleus"	0.00598941184948757	1	"GOStats"	"enrichment"
"LV"	"GO:0006412"	"translation"	0.00197142548538522	1	"GOStats"	"enrichment"
"LV"	"GO:0006413"	"translational initiation"	0.00550992117207367	2	"GOStats"	"enrichment"
"LV"	"GO:0006417"	"regulation of translation"	0.000146264629894609	1	"GOStats"	"enrichment"
"LV"	"GO:0006464"	"cellular protein modification process"	0.00335418940138223	10	"GOStats"	"enrichment"
"LV"	"GO:0006468"	"protein phosphorylation"	0.00735646748044653	1	"GOStats"	"enrichment"
"LV"	"GO:0006470"	"protein dephosphorylation"	0.00468482709522648	1	"GOStats"	"enrichment"
"LV"	"GO:0006474"	"N-terminal protein amino acid acetylation"	0.00576136257945563	1	"GOStats"	"enrichment"
"LV"	"GO:0006479"	"protein methylation"	0.00528377021706635	1	"GOStats"	"enrichment"
"LV"	"GO:0006487"	"protein N-linked glycosylation"	0.00433588795731978	1	"GOStats"	"enrichment"
"LV"	"GO:0006490"	"oligosaccharide-lipid intermediate biosynthetic process"	0.00247545966748945	1	"GOStats"	"enrichment"
"LV"	"GO:0006493"	"protein O-linked glycosylation"	0.00970359802454207	1	"GOStats"	"enrichment"
"LV"	"GO:0006506"	"GPI anchor biosynthetic process"	0.00306294513918884	3	"GOStats"	"enrichment"
"LV"	"GO:0006508"	"proteolysis"	0.0034686941755359	2	"GOStats"	"enrichment"
"LV"	"GO:0006511"	"ubiquitin-dependent protein catabolic process"	0.00243320500015386	4	"GOStats"	"enrichment"
"LV"	"GO:0006518"	"peptide metabolic process"	0.00516504903158755	2	"GOStats"	"enrichment"
"LV"	"GO:0006606"	"protein import into nucleus"	0.00101050743854549	1	"GOStats"	"enrichment"
"LV"	"GO:0006611"	"protein export from nucleus"	0.00123490321152228	1	"GOStats"	"enrichment"
"LV"	"GO:0006612"	"protein targeting to membrane"	0.0037937682819245	1	"GOStats"	"enrichment"
"LV"	"GO:0006644"	"phospholipid metabolic process"	0.00584536104273912	1	"GOStats"	"enrichment"
"LV"	"GO:0006664"	"glycolipid metabolic process"	0.00263320133390184	2	"GOStats"	"enrichment"
"LV"	"GO:0006670"	"sphingosine metabolic process"	0.00475293241296784	2	"GOStats"	"enrichment"
"LV"	"GO:0006725"	"cellular aromatic compound metabolic process"	0.000215718319786934	3	"GOStats"	"enrichment"
"LV"	"GO:0006739"	"NADP metabolic process"	0.00189434059552343	1	"GOStats"	"enrichment"
"LV"	"GO:0006807"	"nitrogen compound metabolic process"	0.0043363578905588	6	"GOStats"	"enrichment"
"LV"	"GO:0006810"	"transport"	0.00386923000803087	1	"GOStats"	"enrichment"
"LV"	"GO:0006820"	"anion transport"	0.00178202011713746	1	"GOStats"	"enrichment"
"LV"	"GO:0006836"	"neurotransmitter transport"	0.00299990855566833	1	"GOStats"	"enrichment"
"LV"	"GO:0006878"	"cellular copper ion homeostasis"	0.00588955013629587	2	"GOStats"	"enrichment"
"LV"	"GO:0006886"	"intracellular protein transport"	0.00406807432048215	6	"GOStats"	"enrichment"
"LV"	"GO:0006887"	"exocytosis"	0.00794338637882188	2	"GOStats"	"enrichment"
"LV"	"GO:0006888"	"endoplasmic reticulum to Golgi vesicle-mediated transport"	0.00239447544312974	2	"GOStats"	"enrichment"
"LV"	"GO:0006890"	"retrograde vesicle-mediated transport, Golgi to endoplasmic reticulum"	0.00157565979291251	2	"GOStats"	"enrichment"
"LV"	"GO:0006891"	"intra-Golgi vesicle-mediated transport"	0.00278693994419398	2	"GOStats"	"enrichment"
"LV"	"GO:0006892"	"post-Golgi vesicle-mediated transport"	0.00532727137926291	4	"GOStats"	"enrichment"
"LV"	"GO:0006893"	"Golgi to plasma membrane transport"	0.00122168898232	3	"GOStats"	"enrichment"
"LV"	"GO:0006896"	"Golgi to vacuole transport"	0.00891591841476823	1	"GOStats"	"enrichment"
"LV"	"GO:0006897"	"endocytosis"	0.00270026469830361	1	"GOStats"	"enrichment"
"LV"	"GO:0006898"	"receptor-mediated endocytosis"	0.00748960816206737	1	"GOStats"	"enrichment"
"LV"	"GO:0006904"	"vesicle docking involved in exocytosis"	0.00261154821059623	1	"GOStats"	"enrichment"
"LV"	"GO:0006906"	"vesicle fusion"	0.00371583150079597	5	"GOStats"	"enrichment"
"LV"	"GO:0006913"	"nucleocytoplasmic transport"	0.00160937507711632	2	"GOStats"	"enrichment"
"LV"	"GO:0006914"	"autophagy"	0.00372366218420923	2	"GOStats"	"enrichment"
"LV"	"GO:0006919"	"activation of cysteine-type endopeptidase activity involved in apoptotic process"	0.00526712737605465	1	"GOStats"	"enrichment"
"LV"	"GO:0006974"	"cellular response to DNA damage stimulus"	0.00412544323557163	3	"GOStats"	"enrichment"
"LV"	"GO:0006986"	"response to unfolded protein"	0.00472285770236089	1	"GOStats"	"enrichment"
"LV"	"GO:0006996"	"organelle organization"	0.00192284344115938	6	"GOStats"	"enrichment"
"LV"	"GO:0006997"	"nucleus organization"	0.00924708830909131	1	"GOStats"	"enrichment"
"LV"	"GO:0007017"	"microtubule-based process"	0.00483872244007025	1	"GOStats"	"enrichment"
"LV"	"GO:0007018"	"microtubule-based movement"	0.000565402951850948	1	"GOStats"	"enrichment"
"LV"	"GO:0007020"	"microtubule nucleation"	0.00104991514279456	2	"GOStats"	"enrichment"
"LV"	"GO:0007021"	"tubulin complex assembly"	0.00363803254439413	1	"GOStats"	"enrichment"
"LV"	"GO:0007030"	"Golgi organization"	0.000167969320365459	1	"GOStats"	"enrichment"
"LV"	"GO:0007031"	"peroxisome organization"	0.00853260760035947	1	"GOStats"	"enrichment"
"LV"	"GO:0007034"	"vacuolar transport"	0.00536300099164734	5	"GOStats"	"enrichment"
"LV"	"GO:0007049"	"cell cycle"	0.000510186733687585	1	"GOStats"	"enrichment"
"LV"	"GO:0007052"	"mitotic spindle organization"	0.00472518351026803	2	"GOStats"	"enrichment"
"LV"	"GO:0007062"	"sister chromatid cohesion"	0.00603376329176116	3	"GOStats"	"enrichment"
"LV"	"GO:0007088"	"regulation of mitotic nuclear division"	0.00713256089215394	1	"GOStats"	"enrichment"
"LV"	"GO:0007093"	"mitotic cell cycle checkpoint"	0.00357768300445282	1	"GOStats"	"enrichment"
"LV"	"GO:0007094"	"mitotic spindle assembly checkpoint"	0.00571290058394219	1	"GOStats"	"enrichment"
"LV"	"GO:0007097"	"nuclear migration"	0.00906661315951483	1	"GOStats"	"enrichment"
"LV"	"GO:0007100"	"mitotic centrosome separation"	0.0062395602113087	2	"GOStats"	"enrichment"
"LV"	"GO:0007163"	"establishment or maintenance of cell polarity"	0.00284262300109044	1	"GOStats"	"enrichment"
"LV"	"GO:0007216"	"G protein-coupled glutamate receptor signaling pathway"	0.00932051994037624	1	"GOStats"	"enrichment"
"LV"	"GO:0007218"	"neuropeptide signaling pathway"	0.000648805602607443	1	"GOStats"	"enrichment"
"LV"	"GO:0007220"	"Notch receptor processing"	0.00606721408159728	1	"GOStats"	"enrichment"
"LV"	"GO:0007229"	"integrin-mediated signaling pathway"	0.00197049038511871	1	"GOStats"	"enrichment"
"LV"	"GO:0007268"	"chemical synaptic transmission"	0.00331837666479461	2	"GOStats"	"enrichment"
"LV"	"GO:0007269"	"neurotransmitter secretion"	0.000991603703058787	1	"GOStats"	"enrichment"
"LV"	"GO:0007271"	"synaptic transmission, cholinergic"	0.00689383507838655	1	"GOStats"	"enrichment"
"LV"	"GO:0007272"	"ensheathment of neurons"	0.00528931841938593	1	"GOStats"	"enrichment"
"LV"	"GO:0007275"	"multicellular organism development"	0.00880008529954138	1	"GOStats"	"enrichment"
"LV"	"GO:0007346"	"regulation of mitotic cell cycle"	0.00403673199403511	1	"GOStats"	"enrichment"
"LV"	"GO:0007411"	"axon guidance"	0.0040264840817097	1	"GOStats"	"enrichment"
"LV"	"GO:0007420"	"brain development"	0.00498922844084086	1	"GOStats"	"enrichment"
"LV"	"GO:0007601"	"visual perception"	0.00469510977055668	3	"GOStats"	"enrichment"
"LV"	"GO:0008033"	"tRNA processing"	0.00672638659100373	2	"GOStats"	"enrichment"
"LV"	"GO:0008090"	"retrograde axonal transport"	0.00555749094901673	1	"GOStats"	"enrichment"
"LV"	"GO:0008104"	"protein localization"	0.00364082102331395	4	"GOStats"	"enrichment"
"LV"	"GO:0008608"	"attachment of spindle microtubules to kinetochore"	0.00436042408969605	2	"GOStats"	"enrichment"
"LV"	"GO:0009057"	"macromolecule catabolic process"	0.00323774448974343	4	"GOStats"	"enrichment"
"LV"	"GO:0009059"	"macromolecule biosynthetic process"	0.00217243756457093	1	"GOStats"	"enrichment"
"LV"	"GO:0009060"	"aerobic respiration"	0.00145759219029726	1	"GOStats"	"enrichment"
"LV"	"GO:0009083"	"branched-chain amino acid catabolic process"	0.00567346769665834	1	"GOStats"	"enrichment"
"LV"	"GO:0009100"	"glycoprotein metabolic process"	0.00345896288808598	1	"GOStats"	"enrichment"
"LV"	"GO:0009101"	"glycoprotein biosynthetic process"	0.00524743494674976	2	"GOStats"	"enrichment"
"LV"	"GO:0009138"	"pyrimidine nucleoside diphosphate metabolic process"	0.00700637109723575	1	"GOStats"	"enrichment"
"LV"	"GO:0009416"	"response to light stimulus"	0.0043807080465558	1	"GOStats"	"enrichment"
"LV"	"GO:0009653"	"anatomical structure morphogenesis"	0.00644138906315374	2	"GOStats"	"enrichment"
"LV"	"GO:0009987"	"cellular process"	0.00335384112881125	3	"GOStats"	"enrichment"
"LV"	"GO:0010165"	"response to X-ray"	0.00834389526171659	1	"GOStats"	"enrichment"
"LV"	"GO:0010212"	"response to ionizing radiation"	0.00400890713546071	1	"GOStats"	"enrichment"
"LV"	"GO:0010269"	"response to selenium ion"	0.00692435155333884	1	"GOStats"	"enrichment"
"LV"	"GO:0010467"	"gene expression"	0.000245116461849917	2	"GOStats"	"enrichment"
"LV"	"GO:0010468"	"regulation of gene expression"	0.00213572143853385	1	"GOStats"	"enrichment"
"LV"	"GO:0010498"	"proteasomal protein catabolic process"	0.00389141821618262	3	"GOStats"	"enrichment"
"LV"	"GO:0010499"	"proteasomal ubiquitin-independent protein catabolic process"	0.00458401626593061	2	"GOStats"	"enrichment"
"LV"	"GO:0010556"	"regulation of macromolecule biosynthetic process"	0.00581163712498536	1	"GOStats"	"enrichment"
"LV"	"GO:0010559"	"regulation of glycoprotein biosynthetic process"	0.00273896510021417	2	"GOStats"	"enrichment"
"LV"	"GO:0010564"	"regulation of cell cycle process"	0.00506966566612918	1	"GOStats"	"enrichment"
"LV"	"GO:0010595"	"positive regulation of endothelial cell migration"	0.00923990657648336	1	"GOStats"	"enrichment"
"LV"	"GO:0010629"	"negative regulation of gene expression"	0.00177273713891667	1	"GOStats"	"enrichment"
"LV"	"GO:0010632"	"regulation of epithelial cell migration"	0.00598618025613719	1	"GOStats"	"enrichment"
"LV"	"GO:0010821"	"regulation of mitochondrion organization"	0.00737943512764687	1	"GOStats"	"enrichment"
"LV"	"GO:0010842"	"retina layer formation"	0.00145759219029726	1	"GOStats"	"enrichment"
"LV"	"GO:0010970"	"transport along microtubule"	0.00873320314160026	1	"GOStats"	"enrichment"
"LV"	"GO:0012501"	"programmed cell death"	0.00524522956714425	1	"GOStats"	"enrichment"
"LV"	"GO:0014003"	"oligodendrocyte development"	0.00101283502278671	1	"GOStats"	"enrichment"
"LV"	"GO:0014013"	"regulation of gliogenesis"	0.00380418739794115	1	"GOStats"	"enrichment"
"LV"	"GO:0015031"	"protein transport"	0.00330298569370606	3	"GOStats"	"enrichment"
"LV"	"GO:0015833"	"peptide transport"	0.00207370953962782	6	"GOStats"	"enrichment"
"LV"	"GO:0015919"	"peroxisomal membrane transport"	0.00182417304676722	1	"GOStats"	"enrichment"
"LV"	"GO:0016043"	"cellular component organization"	0.00317836739035422	1	"GOStats"	"enrichment"
"LV"	"GO:0016049"	"cell growth"	0.0054652479551503	1	"GOStats"	"enrichment"
"LV"	"GO:0016050"	"vesicle organization"	0.00441386136771341	1	"GOStats"	"enrichment"
"LV"	"GO:0016070"	"RNA metabolic process"	0.00177771367827861	1	"GOStats"	"enrichment"
"LV"	"GO:0016071"	"mRNA metabolic process"	0.000576925143843766	6	"GOStats"	"enrichment"
"LV"	"GO:0016072"	"rRNA metabolic process"	0.00634271259179073	2	"GOStats"	"enrichment"
"LV"	"GO:0016079"	"synaptic vesicle exocytosis"	0.00279631239391769	1	"GOStats"	"enrichment"
"LV"	"GO:0016192"	"vesicle-mediated transport"	0.00274129207617714	7	"GOStats"	"enrichment"
"LV"	"GO:0016197"	"endosomal transport"	0.00268002430340279	6	"GOStats"	"enrichment"
"LV"	"GO:0016226"	"iron-sulfur cluster assembly"	0.00781435491341389	1	"GOStats"	"enrichment"
"LV"	"GO:0016241"	"regulation of macroautophagy"	0.00542008130291149	1	"GOStats"	"enrichment"
"LV"	"GO:0016246"	"RNA interference"	0.00896723933932578	1	"GOStats"	"enrichment"
"LV"	"GO:0016267"	"O-glycan processing, core 1"	0.00700616428066666	1	"GOStats"	"enrichment"
"LV"	"GO:0016311"	"dephosphorylation"	0.00952340737710159	1	"GOStats"	"enrichment"
"LV"	"GO:0016482"	"cytosolic transport"	0.00589924851864318	3	"GOStats"	"enrichment"
"LV"	"GO:0016556"	"mRNA modification"	0.00955889931488978	1	"GOStats"	"enrichment"
"LV"	"GO:0016567"	"protein ubiquitination"	0.00463218045908372	3	"GOStats"	"enrichment"
"LV"	"GO:0016570"	"histone modification"	0.000396918606278501	1	"GOStats"	"enrichment"
"LV"	"GO:0016579"	"protein deubiquitination"	0.00450354944274142	2	"GOStats"	"enrichment"
"LV"	"GO:0016601"	"Rac protein signal transduction"	0.00232050494589103	1	"GOStats"	"enrichment"
"LV"	"GO:0016925"	"protein sumoylation"	0.00206696415494695	1	"GOStats"	"enrichment"
"LV"	"GO:0017158"	"regulation of calcium ion-dependent exocytosis"	0.00106151934279648	1	"GOStats"	"enrichment"
"LV"	"GO:0017196"	"N-terminal peptidyl-methionine acetylation"	0.000294822155355186	1	"GOStats"	"enrichment"
"LV"	"GO:0018008"	"N-terminal peptidyl-glycine N-myristoylation"	0.00722053166609306	1	"GOStats"	"enrichment"
"LV"	"GO:0018027"	"peptidyl-lysine dimethylation"	0.00854716890243552	1	"GOStats"	"enrichment"
"LV"	"GO:0018130"	"heterocycle biosynthetic process"	0.0076652085318013	1	"GOStats"	"enrichment"
"LV"	"GO:0018193"	"peptidyl-amino acid modification"	0.00284575199075023	1	"GOStats"	"enrichment"
"LV"	"GO:0018205"	"peptidyl-lysine modification"	0.00514248167387558	4	"GOStats"	"enrichment"
"LV"	"GO:0018377"	"protein myristoylation"	0.00722053166609306	1	"GOStats"	"enrichment"
"LV"	"GO:0019058"	"viral life cycle"	0.00738544299258829	1	"GOStats"	"enrichment"
"LV"	"GO:0019219"	"regulation of nucleobase-containing compound metabolic process"	0.00539938034806202	1	"GOStats"	"enrichment"
"LV"	"GO:0019427"	"acetyl-CoA biosynthetic process from acetate"	0.00720901129383275	1	"GOStats"	"enrichment"
"LV"	"GO:0019438"	"aromatic compound biosynthetic process"	0.00988667358179886	1	"GOStats"	"enrichment"
"LV"	"GO:0019538"	"protein metabolic process"	0.0023549916446993	5	"GOStats"	"enrichment"
"LV"	"GO:0019748"	"secondary metabolic process"	0.00854716890243552	1	"GOStats"	"enrichment"
"LV"	"GO:0019751"	"polyol metabolic process"	0.00503134722136176	1	"GOStats"	"enrichment"
"LV"	"GO:0019941"	"modification-dependent protein catabolic process"	0.000660051214954777	4	"GOStats"	"enrichment"
"LV"	"GO:0021508"	"floor plate formation"	0.00423721296170441	2	"GOStats"	"enrichment"
"LV"	"GO:0021538"	"epithalamus development"	0.00223527510283189	1	"GOStats"	"enrichment"
"LV"	"GO:0021545"	"cranial nerve development"	0.00576586875797501	1	"GOStats"	"enrichment"
"LV"	"GO:0021551"	"central nervous system morphogenesis"	0.000689619693710524	1	"GOStats"	"enrichment"
"LV"	"GO:0021871"	"forebrain regionalization"	0.00738544299258829	1	"GOStats"	"enrichment"
"LV"	"GO:0021982"	"pineal gland development"	0.0075589838771476	1	"GOStats"	"enrichment"
"LV"	"GO:0021986"	"habenula development"	0.00609146511112008	1	"GOStats"	"enrichment"
"LV"	"GO:0022008"	"neurogenesis"	4.22519837124462e-05	1	"GOStats"	"enrichment"
"LV"	"GO:0022402"	"cell cycle process"	0.00453067381541568	2	"GOStats"	"enrichment"
"LV"	"GO:0022607"	"cellular component assembly"	0.00138737302252812	1	"GOStats"	"enrichment"
"LV"	"GO:0022613"	"ribonucleoprotein complex biogenesis"	0.0014990106569132	2	"GOStats"	"enrichment"
"LV"	"GO:0023061"	"signal release"	0.00374759856684803	1	"GOStats"	"enrichment"
"LV"	"GO:0030030"	"cell projection organization"	0.00211317115594267	1	"GOStats"	"enrichment"
"LV"	"GO:0030031"	"cell projection assembly"	0.0035484325452587	1	"GOStats"	"enrichment"
"LV"	"GO:0030071"	"regulation of mitotic metaphase/anaphase transition"	0.00310605168815706	2	"GOStats"	"enrichment"
"LV"	"GO:0030097"	"hemopoiesis"	0.00397692498752004	1	"GOStats"	"enrichment"
"LV"	"GO:0030163"	"protein catabolic process"	0.00339790218800949	4	"GOStats"	"enrichment"
"LV"	"GO:0030182"	"neuron differentiation"	0.00026709361868948	1	"GOStats"	"enrichment"
"LV"	"GO:0030219"	"megakaryocyte differentiation"	0.00711235899363563	1	"GOStats"	"enrichment"
"LV"	"GO:0030225"	"macrophage differentiation"	0.00723178597859854	1	"GOStats"	"enrichment"
"LV"	"GO:0030433"	"ubiquitin-dependent ERAD pathway"	0.000754322932185716	1	"GOStats"	"enrichment"
"LV"	"GO:0030518"	"intracellular steroid hormone receptor signaling pathway"	0.00317144116099164	1	"GOStats"	"enrichment"
"LV"	"GO:0030705"	"cytoskeleton-dependent intracellular transport"	0.000763077359398878	1	"GOStats"	"enrichment"
"LV"	"GO:0030968"	"endoplasmic reticulum unfolded protein response"	0.000932759221253309	1	"GOStats"	"enrichment"
"LV"	"GO:0031023"	"microtubule organizing center organization"	0.00488673067989679	2	"GOStats"	"enrichment"
"LV"	"GO:0031053"	"primary miRNA processing"	0.00567397837869022	1	"GOStats"	"enrichment"
"LV"	"GO:0031056"	"regulation of histone modification"	0.00917899402536983	1	"GOStats"	"enrichment"
"LV"	"GO:0031057"	"negative regulation of histone modification"	0.00900138140058105	1	"GOStats"	"enrichment"
"LV"	"GO:0031098"	"stress-activated protein kinase signaling cascade"	0.00344565771312143	1	"GOStats"	"enrichment"
"LV"	"GO:0031103"	"axon regeneration"	0.00997960855862593	1	"GOStats"	"enrichment"
"LV"	"GO:0031109"	"microtubule polymerization or depolymerization"	0.00069256868981528	1	"GOStats"	"enrichment"
"LV"	"GO:0031113"	"regulation of microtubule polymerization"	0.00606721408159728	1	"GOStats"	"enrichment"
"LV"	"GO:0031114"	"regulation of microtubule depolymerization"	0.00388448403251304	1	"GOStats"	"enrichment"
"LV"	"GO:0031123"	"RNA 3'-end processing"	0.00572076746190675	3	"GOStats"	"enrichment"
"LV"	"GO:0031124"	"mRNA 3'-end processing"	0.00519865198401531	3	"GOStats"	"enrichment"
"LV"	"GO:0031175"	"neuron projection development"	0.00659912051513509	1	"GOStats"	"enrichment"
"LV"	"GO:0031326"	"regulation of cellular biosynthetic process"	0.006785293768756	1	"GOStats"	"enrichment"
"LV"	"GO:0031396"	"regulation of protein ubiquitination"	0.00709086216972485	2	"GOStats"	"enrichment"
"LV"	"GO:0031577"	"spindle checkpoint"	0.00571290058394219	1	"GOStats"	"enrichment"
"LV"	"GO:0032006"	"regulation of TOR signaling"	0.00173641349892763	1	"GOStats"	"enrichment"
"LV"	"GO:0032012"	"regulation of ARF protein signal transduction"	0.00556685248399122	1	"GOStats"	"enrichment"
"LV"	"GO:0032088"	"negative regulation of NF-kappaB transcription factor activity"	0.00101100638096935	1	"GOStats"	"enrichment"
"LV"	"GO:0032233"	"positive regulation of actin filament bundle assembly"	0.00619388201783059	1	"GOStats"	"enrichment"
"LV"	"GO:0032259"	"methylation"	5.01056001183136e-09	1	"GOStats"	"enrichment"
"LV"	"GO:0032273"	"positive regulation of protein polymerization"	0.00942169167776783	1	"GOStats"	"enrichment"
"LV"	"GO:0032402"	"melanosome transport"	0.00455770694198178	2	"GOStats"	"enrichment"
"LV"	"GO:0032438"	"melanosome organization"	0.00626257928356101	1	"GOStats"	"enrichment"
"LV"	"GO:0032446"	"protein modification by small protein conjugation"	0.00497316850421035	4	"GOStats"	"enrichment"
"LV"	"GO:0032456"	"endocytic recycling"	0.00581567599951486	1	"GOStats"	"enrichment"
"LV"	"GO:0032488"	"Cdc42 protein signal transduction"	0.00626257928356101	1	"GOStats"	"enrichment"
"LV"	"GO:0032511"	"late endosome to vacuole transport via multivesicular body sorting pathway"	0.0054720335341262	3	"GOStats"	"enrichment"
"LV"	"GO:0032774"	"RNA biosynthetic process"	0.00776500405728472	1	"GOStats"	"enrichment"
"LV"	"GO:0032776"	"DNA methylation on cytosine"	0.00711235899363563	1	"GOStats"	"enrichment"
"LV"	"GO:0032956"	"regulation of actin cytoskeleton organization"	0.000898274606408049	1	"GOStats"	"enrichment"
"LV"	"GO:0032968"	"positive regulation of transcription elongation from RNA polymerase II promoter"	0.00553318058687097	1	"GOStats"	"enrichment"
"LV"	"GO:0032979"	"protein insertion into mitochondrial inner membrane from matrix"	0.00552660309911571	1	"GOStats"	"enrichment"
"LV"	"GO:0032984"	"protein-containing complex disassembly"	0.00414791274195864	1	"GOStats"	"enrichment"
"LV"	"GO:0032988"	"ribonucleoprotein complex disassembly"	0.00711235899363563	1	"GOStats"	"enrichment"
"LV"	"GO:0033036"	"macromolecule localization"	0.00292720436264471	3	"GOStats"	"enrichment"
"LV"	"GO:0033043"	"regulation of organelle organization"	0.00239024665951303	1	"GOStats"	"enrichment"
"LV"	"GO:0033044"	"regulation of chromosome organization"	0.0085965836736047	1	"GOStats"	"enrichment"
"LV"	"GO:0033045"	"regulation of sister chromatid segregation"	0.00840890444478196	1	"GOStats"	"enrichment"
"LV"	"GO:0033046"	"negative regulation of sister chromatid segregation"	0.00188697327373234	1	"GOStats"	"enrichment"
"LV"	"GO:0033047"	"regulation of mitotic sister chromatid segregation"	0.000595904284015282	1	"GOStats"	"enrichment"
"LV"	"GO:0033059"	"cellular pigmentation"	0.00382415202737607	2	"GOStats"	"enrichment"
"LV"	"GO:0033209"	"tumor necrosis factor-mediated signaling pathway"	0.00125807465898277	1	"GOStats"	"enrichment"
"LV"	"GO:0033365"	"protein localization to organelle"	0.00396493843349553	2	"GOStats"	"enrichment"
"LV"	"GO:0033504"	"floor plate development"	0.00240912385697786	1	"GOStats"	"enrichment"
"LV"	"GO:0033554"	"cellular response to stress"	0.00379390866457303	2	"GOStats"	"enrichment"
"LV"	"GO:0034244"	"negative regulation of transcription elongation from RNA polymerase II promoter"	0.00306934411397408	2	"GOStats"	"enrichment"
"LV"	"GO:0034470"	"ncRNA processing"	0.00492793013875454	3	"GOStats"	"enrichment"
"LV"	"GO:0034599"	"cellular response to oxidative stress"	0.00551463311327612	1	"GOStats"	"enrichment"
"LV"	"GO:0034613"	"cellular protein localization"	0.00449802236188997	6	"GOStats"	"enrichment"
"LV"	"GO:0034614"	"cellular response to reactive oxygen species"	0.00923990657648336	1	"GOStats"	"enrichment"
"LV"	"GO:0034622"	"cellular protein-containing complex assembly"	0.000184318788712698	1	"GOStats"	"enrichment"
"LV"	"GO:0034641"	"cellular nitrogen compound metabolic process"	0.000344661537261082	4	"GOStats"	"enrichment"
"LV"	"GO:0034645"	"cellular macromolecule biosynthetic process"	0.00351516314854729	2	"GOStats"	"enrichment"
"LV"	"GO:0034660"	"ncRNA metabolic process"	0.0033990049729084	1	"GOStats"	"enrichment"
"LV"	"GO:0034968"	"histone lysine methylation"	0.00910571794477554	1	"GOStats"	"enrichment"
"LV"	"GO:0035050"	"embryonic heart tube development"	0.00101729372650436	1	"GOStats"	"enrichment"
"LV"	"GO:0035195"	"gene silencing by miRNA"	0.00514906427765618	1	"GOStats"	"enrichment"
"LV"	"GO:0035269"	"protein O-linked mannosylation"	0.00829051011671744	1	"GOStats"	"enrichment"
"LV"	"GO:0035493"	"SNARE complex assembly"	0.00495890066064502	1	"GOStats"	"enrichment"
"LV"	"GO:0035518"	"histone H2A monoubiquitination"	0.0087201699646674	1	"GOStats"	"enrichment"
"LV"	"GO:0035821"	"modulation of process of other organism"	0.00738544299258829	1	"GOStats"	"enrichment"
"LV"	"GO:0035967"	"cellular response to topologically incorrect protein"	0.00563343325020159	1	"GOStats"	"enrichment"
"LV"	"GO:0036211"	"protein modification process"	0.00495769932354857	2	"GOStats"	"enrichment"
"LV"	"GO:0036260"	"RNA capping"	0.00921761789366871	1	"GOStats"	"enrichment"
"LV"	"GO:0036368"	"cone photoresponse recovery"	0.00143704114492417	1	"GOStats"	"enrichment"
"LV"	"GO:0036503"	"ERAD pathway"	0.00351763893932725	3	"GOStats"	"enrichment"
"LV"	"GO:0039022"	"pronephric duct development"	0.000450603672995981	1	"GOStats"	"enrichment"
"LV"	"GO:0042113"	"B cell activation"	0.00359321880509282	2	"GOStats"	"enrichment"
"LV"	"GO:0042147"	"retrograde transport, endosome to Golgi"	0.00397830022090625	5	"GOStats"	"enrichment"
"LV"	"GO:0042158"	"lipoprotein biosynthetic process"	0.00712328437637925	1	"GOStats"	"enrichment"
"LV"	"GO:0042254"	"ribosome biogenesis"	0.00515088301481584	3	"GOStats"	"enrichment"
"LV"	"GO:0042256"	"mature ribosome assembly"	0.00692435155333884	1	"GOStats"	"enrichment"
"LV"	"GO:0042407"	"cristae formation"	0.00188697327373234	1	"GOStats"	"enrichment"
"LV"	"GO:0042438"	"melanin biosynthetic process"	0.00700616428066666	1	"GOStats"	"enrichment"
"LV"	"GO:0042461"	"photoreceptor cell development"	0.00579123030380011	1	"GOStats"	"enrichment"
"LV"	"GO:0042462"	"eye photoreceptor cell development"	0.00369445035341986	1	"GOStats"	"enrichment"
"LV"	"GO:0042552"	"myelination"	0.00413255482055607	1	"GOStats"	"enrichment"
"LV"	"GO:0042693"	"muscle cell fate commitment"	0.00923990657648336	1	"GOStats"	"enrichment"
"LV"	"GO:0042766"	"nucleosome mobilization"	0.00711235899363563	1	"GOStats"	"enrichment"
"LV"	"GO:0042769"	"DNA damage response, detection of DNA damage"	0.00606721408159728	1	"GOStats"	"enrichment"
"LV"	"GO:0042795"	"snRNA transcription by RNA polymerase II"	0.000715501427727387	1	"GOStats"	"enrichment"
"LV"	"GO:0042796"	"snRNA transcription by RNA polymerase III"	0.00485338451715994	1	"GOStats"	"enrichment"
"LV"	"GO:0042886"	"amide transport"	0.00454776821567336	3	"GOStats"	"enrichment"
"LV"	"GO:0042982"	"amyloid precursor protein metabolic process"	0.00923990657648336	1	"GOStats"	"enrichment"
"LV"	"GO:0043039"	"tRNA aminoacylation"	0.00324140835516623	2	"GOStats"	"enrichment"
"LV"	"GO:0043043"	"peptide biosynthetic process"	0.00775426719219257	1	"GOStats"	"enrichment"
"LV"	"GO:0043044"	"ATP-dependent chromatin remodeling"	0.00493185356381918	4	"GOStats"	"enrichment"
"LV"	"GO:0043154"	"negative regulation of cysteine-type endopeptidase activity involved in apoptotic process"	0.00140529691717503	1	"GOStats"	"enrichment"
"LV"	"GO:0043161"	"proteasome-mediated ubiquitin-dependent protein catabolic process"	0.00216215205760626	7	"GOStats"	"enrichment"
"LV"	"GO:0043162"	"ubiquitin-dependent protein catabolic process via the multivesicular body sorting pathway"	0.00932051994037624	1	"GOStats"	"enrichment"
"LV"	"GO:0043280"	"positive regulation of cysteine-type endopeptidase activity involved in apoptotic process"	0.00805648363453799	1	"GOStats"	"enrichment"
"LV"	"GO:0043412"	"macromolecule modification"	0.00155491643751317	11	"GOStats"	"enrichment"
"LV"	"GO:0043413"	"macromolecule glycosylation"	0.00125944287289904	1	"GOStats"	"enrichment"
"LV"	"GO:0043414"	"macromolecule methylation"	0.00755369497339038	1	"GOStats"	"enrichment"
"LV"	"GO:0043473"	"pigmentation"	0.00775317457697389	1	"GOStats"	"enrichment"
"LV"	"GO:0043476"	"pigment accumulation"	0.00723667708245368	1	"GOStats"	"enrichment"
"LV"	"GO:0043484"	"regulation of RNA splicing"	0.00513401843629825	4	"GOStats"	"enrichment"
"LV"	"GO:0043506"	"regulation of JUN kinase activity"	0.00606721408159728	1	"GOStats"	"enrichment"
"LV"	"GO:0043518"	"negative regulation of DNA damage response, signal transduction by p53 class mediator"	0.00653699576400826	2	"GOStats"	"enrichment"
"LV"	"GO:0043524"	"negative regulation of neuron apoptotic process"	0.00855725118972859	1	"GOStats"	"enrichment"
"LV"	"GO:0043543"	"protein acylation"	0.00482248383154393	1	"GOStats"	"enrichment"
"LV"	"GO:0043574"	"peroxisomal transport"	0.00904391350598391	1	"GOStats"	"enrichment"
"LV"	"GO:0043604"	"amide biosynthetic process"	0.000510917134980766	1	"GOStats"	"enrichment"
"LV"	"GO:0043632"	"modification-dependent macromolecule catabolic process"	0.0017126738816599	5	"GOStats"	"enrichment"
"LV"	"GO:0043666"	"regulation of phosphoprotein phosphatase activity"	0.00663927814888871	2	"GOStats"	"enrichment"
"LV"	"GO:0043687"	"post-translational protein modification"	0.00388448403251304	1	"GOStats"	"enrichment"
"LV"	"GO:0043984"	"histone H4-K16 acetylation"	0.0057673557435654	2	"GOStats"	"enrichment"
"LV"	"GO:0044089"	"positive regulation of cellular component biogenesis"	0.00591070226832604	1	"GOStats"	"enrichment"
"LV"	"GO:0044237"	"cellular metabolic process"	0.000333808299025063	1	"GOStats"	"enrichment"
"LV"	"GO:0044238"	"primary metabolic process"	0.000215203674997889	3	"GOStats"	"enrichment"
"LV"	"GO:0044248"	"cellular catabolic process"	0.00250895380010507	3	"GOStats"	"enrichment"
"LV"	"GO:0044255"	"cellular lipid metabolic process"	0.00293383429027049	1	"GOStats"	"enrichment"
"LV"	"GO:0044257"	"cellular protein catabolic process"	0.00211116818775269	4	"GOStats"	"enrichment"
"LV"	"GO:0044260"	"cellular macromolecule metabolic process"	0.000211759894589137	5	"GOStats"	"enrichment"
"LV"	"GO:0044265"	"cellular macromolecule catabolic process"	0.00643718897263707	2	"GOStats"	"enrichment"
"LV"	"GO:0044267"	"cellular protein metabolic process"	0.00869079783674417	2	"GOStats"	"enrichment"
"LV"	"GO:0044271"	"cellular nitrogen compound biosynthetic process"	0.00514271552200486	1	"GOStats"	"enrichment"
"LV"	"GO:0045022"	"early endosome to late endosome transport"	0.00434932492066341	1	"GOStats"	"enrichment"
"LV"	"GO:0045048"	"protein insertion into ER membrane"	0.00188697327373234	1	"GOStats"	"enrichment"
"LV"	"GO:0045050"	"protein insertion into ER membrane by stop-transfer membrane-anchor sequence"	0.0038048435939851	1	"GOStats"	"enrichment"
"LV"	"GO:0045117"	"azole transmembrane transport"	0.00689383507838655	1	"GOStats"	"enrichment"
"LV"	"GO:0045184"	"establishment of protein localization"	0.00350452830641226	6	"GOStats"	"enrichment"
"LV"	"GO:0045190"	"isotype switching"	0.00720901129383275	1	"GOStats"	"enrichment"
"LV"	"GO:0045471"	"response to ethanol"	0.00896723933932578	1	"GOStats"	"enrichment"
"LV"	"GO:0045494"	"photoreceptor cell maintenance"	0.000509219089196298	1	"GOStats"	"enrichment"
"LV"	"GO:0045732"	"positive regulation of protein catabolic process"	0.00236325704438159	1	"GOStats"	"enrichment"
"LV"	"GO:0045739"	"positive regulation of DNA repair"	0.00761020728178589	1	"GOStats"	"enrichment"
"LV"	"GO:0045747"	"positive regulation of Notch signaling pathway"	0.00956235689582537	1	"GOStats"	"enrichment"
"LV"	"GO:0045840"	"positive regulation of mitotic nuclear division"	0.00534178883988059	1	"GOStats"	"enrichment"
"LV"	"GO:0045860"	"positive regulation of protein kinase activity"	0.0047110451623654	1	"GOStats"	"enrichment"
"LV"	"GO:0045899"	"positive regulation of RNA polymerase II transcription preinitiation complex assembly"	0.00299958538947406	4	"GOStats"	"enrichment"
"LV"	"GO:0045944"	"positive regulation of transcription by RNA polymerase II"	0.00593471382266467	3	"GOStats"	"enrichment"
"LV"	"GO:0046048"	"UDP metabolic process"	0.00700637109723575	1	"GOStats"	"enrichment"
"LV"	"GO:0046467"	"membrane lipid biosynthetic process"	0.00644208575424533	1	"GOStats"	"enrichment"
"LV"	"GO:0046474"	"glycerophospholipid biosynthetic process"	0.00430153601767784	5	"GOStats"	"enrichment"
"LV"	"GO:0046483"	"heterocycle metabolic process"	0.00196579798311729	4	"GOStats"	"enrichment"
"LV"	"GO:0046488"	"phosphatidylinositol metabolic process"	0.00371434757087515	1	"GOStats"	"enrichment"
"LV"	"GO:0046835"	"carbohydrate phosphorylation"	0.0038048435939851	1	"GOStats"	"enrichment"
"LV"	"GO:0046907"	"intracellular transport"	0.00271146079424532	5	"GOStats"	"enrichment"
"LV"	"GO:0048024"	"regulation of mRNA splicing, via spliceosome"	0.00704630415285014	1	"GOStats"	"enrichment"
"LV"	"GO:0048193"	"Golgi vesicle transport"	0.00442629495755021	1	"GOStats"	"enrichment"
"LV"	"GO:0048211"	"Golgi vesicle docking"	0.00710135957316765	1	"GOStats"	"enrichment"
"LV"	"GO:0048262"	"determination of dorsal/ventral asymmetry"	0.00988308302037095	1	"GOStats"	"enrichment"
"LV"	"GO:0048264"	"determination of ventral identity"	0.00188697327373234	1	"GOStats"	"enrichment"
"LV"	"GO:0048268"	"clathrin coat assembly"	0.00511033352313878	1	"GOStats"	"enrichment"
"LV"	"GO:0048278"	"vesicle docking"	0.00975517167472038	1	"GOStats"	"enrichment"
"LV"	"GO:0048280"	"vesicle fusion with Golgi apparatus"	0.00921761789366871	1	"GOStats"	"enrichment"
"LV"	"GO:0048284"	"organelle fusion"	0.00334330001942767	5	"GOStats"	"enrichment"
"LV"	"GO:0048285"	"organelle fission"	0.00301786613367892	1	"GOStats"	"enrichment"
"LV"	"GO:0048557"	"embryonic digestive tract morphogenesis"	0.00700637109723575	1	"GOStats"	"enrichment"
"LV"	"GO:0048565"	"digestive tract development"	0.00616817023282664	1	"GOStats"	"enrichment"
"LV"	"GO:0048666"	"neuron development"	0.00574220220935548	2	"GOStats"	"enrichment"
"LV"	"GO:0048699"	"generation of neurons"	0.00585366875458136	1	"GOStats"	"enrichment"
"LV"	"GO:0048729"	"tissue morphogenesis"	0.00727667888676854	1	"GOStats"	"enrichment"
"LV"	"GO:0048845"	"venous blood vessel morphogenesis"	0.00485338451715994	1	"GOStats"	"enrichment"
"LV"	"GO:0048880"	"sensory system development"	0.000688544634565052	1	"GOStats"	"enrichment"
"LV"	"GO:0048882"	"lateral line development"	0.00782067365716074	1	"GOStats"	"enrichment"
"LV"	"GO:0050657"	"nucleic acid transport"	0.00112740582538069	1	"GOStats"	"enrichment"
"LV"	"GO:0050684"	"regulation of mRNA processing"	0.00416061421523134	4	"GOStats"	"enrichment"
"LV"	"GO:0050686"	"negative regulation of mRNA processing"	0.00750648622624354	1	"GOStats"	"enrichment"
"LV"	"GO:0050794"	"regulation of cellular process"	0.000878222714362223	1	"GOStats"	"enrichment"
"LV"	"GO:0050806"	"positive regulation of synaptic transmission"	0.00598618025613719	1	"GOStats"	"enrichment"
"LV"	"GO:0050877"	"nervous system process"	0.00290854390216436	3	"GOStats"	"enrichment"
"LV"	"GO:0050910"	"detection of mechanical stimulus involved in sensory perception of sound"	0.00139866849348839	1	"GOStats"	"enrichment"
"LV"	"GO:0050974"	"detection of mechanical stimulus involved in sensory perception"	0.00552660309911571	1	"GOStats"	"enrichment"
"LV"	"GO:0050982"	"detection of mechanical stimulus"	0.000982164130290277	1	"GOStats"	"enrichment"
"LV"	"GO:0051028"	"mRNA transport"	0.00891868330286997	1	"GOStats"	"enrichment"
"LV"	"GO:0051052"	"regulation of DNA metabolic process"	0.00570851034999613	1	"GOStats"	"enrichment"
"LV"	"GO:0051098"	"regulation of binding"	0.00956235689582537	1	"GOStats"	"enrichment"
"LV"	"GO:0051128"	"regulation of cellular component organization"	0.00843744051663598	1	"GOStats"	"enrichment"
"LV"	"GO:0051130"	"positive regulation of cellular component organization"	0.00811332310976937	1	"GOStats"	"enrichment"
"LV"	"GO:0051173"	"positive regulation of nitrogen compound metabolic process"	0.00724289665137049	2	"GOStats"	"enrichment"
"LV"	"GO:0051179"	"localization"	0.0019371985134601	1	"GOStats"	"enrichment"
"LV"	"GO:0051225"	"spindle assembly"	0.0039864668704953	4	"GOStats"	"enrichment"
"LV"	"GO:0051234"	"establishment of localization"	0.00274485509941833	1	"GOStats"	"enrichment"
"LV"	"GO:0051236"	"establishment of RNA localization"	0.00112740582538069	1	"GOStats"	"enrichment"
"LV"	"GO:0051260"	"protein homooligomerization"	0.007032933178233	1	"GOStats"	"enrichment"
"LV"	"GO:0051276"	"chromosome organization"	0.00499769962339917	5	"GOStats"	"enrichment"
"LV"	"GO:0051292"	"nuclear pore complex assembly"	0.00711235899363563	1	"GOStats"	"enrichment"
"LV"	"GO:0051301"	"cell division"	0.00286697680142251	2	"GOStats"	"enrichment"
"LV"	"GO:0051306"	"mitotic sister chromatid separation"	0.00986618636778598	1	"GOStats"	"enrichment"
"LV"	"GO:0051321"	"meiotic cell cycle"	0.00427384064848362	1	"GOStats"	"enrichment"
"LV"	"GO:0051489"	"regulation of filopodium assembly"	0.00117740158762031	1	"GOStats"	"enrichment"
"LV"	"GO:0051491"	"positive regulation of filopodium assembly"	0.00558935999349814	1	"GOStats"	"enrichment"
"LV"	"GO:0051561"	"positive regulation of mitochondrial calcium ion concentration"	0.00310201521238002	1	"GOStats"	"enrichment"
"LV"	"GO:0051603"	"proteolysis involved in cellular protein catabolic process"	0.00377131455804401	5	"GOStats"	"enrichment"
"LV"	"GO:0051604"	"protein maturation"	0.00501947514644846	1	"GOStats"	"enrichment"
"LV"	"GO:0051640"	"organelle localization"	0.00330671276872569	3	"GOStats"	"enrichment"
"LV"	"GO:0051641"	"cellular localization"	0.00339743401698087	3	"GOStats"	"enrichment"
"LV"	"GO:0051642"	"centrosome localization"	0.00479967242250447	1	"GOStats"	"enrichment"
"LV"	"GO:0051645"	"Golgi localization"	0.00683422793628761	2	"GOStats"	"enrichment"
"LV"	"GO:0051649"	"establishment of localization in cell"	0.00112892550698675	8	"GOStats"	"enrichment"
"LV"	"GO:0051656"	"establishment of organelle localization"	0.0080180884629765	1	"GOStats"	"enrichment"
"LV"	"GO:0051701"	"biological process involved in interaction with host"	0.00738544299258829	1	"GOStats"	"enrichment"
"LV"	"GO:0051782"	"negative regulation of cell division"	0.00624922090563453	1	"GOStats"	"enrichment"
"LV"	"GO:0051788"	"response to misfolded protein"	0.00127230943148084	1	"GOStats"	"enrichment"
"LV"	"GO:0051875"	"pigment granule localization"	0.00177299146656246	1	"GOStats"	"enrichment"
"LV"	"GO:0051877"	"pigment granule aggregation in cell center"	0.0013638687716122	1	"GOStats"	"enrichment"
"LV"	"GO:0051898"	"negative regulation of protein kinase B signaling"	0.00624922090563453	1	"GOStats"	"enrichment"
"LV"	"GO:0051966"	"regulation of synaptic transmission, glutamatergic"	0.00606721408159728	1	"GOStats"	"enrichment"
"LV"	"GO:0055113"	"epiboly involved in gastrulation with mouth forming second"	0.00739714445438551	1	"GOStats"	"enrichment"
"LV"	"GO:0060041"	"retina development in camera-type eye"	0.00496781792275539	1	"GOStats"	"enrichment"
"LV"	"GO:0060070"	"canonical Wnt signaling pathway"	0.00772774215869555	1	"GOStats"	"enrichment"
"LV"	"GO:0060216"	"definitive hemopoiesis"	0.00536730123957241	2	"GOStats"	"enrichment"
"LV"	"GO:0060217"	"hemangioblast cell differentiation"	0.0081880637815728	1	"GOStats"	"enrichment"
"LV"	"GO:0060255"	"regulation of macromolecule metabolic process"	0.00210364480809823	1	"GOStats"	"enrichment"
"LV"	"GO:0060260"	"regulation of transcription initiation from RNA polymerase II promoter"	0.00325901267976311	3	"GOStats"	"enrichment"
"LV"	"GO:0060271"	"cilium assembly"	0.00352156987696912	1	"GOStats"	"enrichment"
"LV"	"GO:0060287"	"epithelial cilium movement involved in determination of left/right asymmetry"	0.000910373987291519	1	"GOStats"	"enrichment"
"LV"	"GO:0060548"	"negative regulation of cell death"	0.0066933763127056	1	"GOStats"	"enrichment"
"LV"	"GO:0060562"	"epithelial tube morphogenesis"	0.000921117091659811	1	"GOStats"	"enrichment"
"LV"	"GO:0060911"	"cardiac cell fate commitment"	0.00723667708245368	1	"GOStats"	"enrichment"
"LV"	"GO:0060993"	"kidney morphogenesis"	0.00787156980087926	1	"GOStats"	"enrichment"
"LV"	"GO:0061025"	"membrane fusion"	0.00514583122152544	4	"GOStats"	"enrichment"
"LV"	"GO:0061075"	"positive regulation of neural retina development"	0.0075589838771476	1	"GOStats"	"enrichment"
"LV"	"GO:0061351"	"neural precursor cell proliferation"	0.00831114864159629	1	"GOStats"	"enrichment"
"LV"	"GO:0061515"	"myeloid cell development"	0.00778096250165934	1	"GOStats"	"enrichment"
"LV"	"GO:0061550"	"cranial ganglion development"	0.00710135957316765	1	"GOStats"	"enrichment"
"LV"	"GO:0061668"	"mitochondrial ribosome assembly"	0.00700637109723575	1	"GOStats"	"enrichment"
"LV"	"GO:0061912"	"selective autophagy"	0.00932051994037624	1	"GOStats"	"enrichment"
"LV"	"GO:0062237"	"protein localization to postsynapse"	0.000634273218605408	1	"GOStats"	"enrichment"
"LV"	"GO:0065003"	"protein-containing complex assembly"	0.00800221626386688	1	"GOStats"	"enrichment"
"LV"	"GO:0070050"	"neuron cellular homeostasis"	0.000267138337905839	1	"GOStats"	"enrichment"
"LV"	"GO:0070127"	"tRNA aminoacylation for mitochondrial protein translation"	0.00711235899363563	1	"GOStats"	"enrichment"
"LV"	"GO:0070444"	"oligodendrocyte progenitor proliferation"	0.00133962543719191	1	"GOStats"	"enrichment"
"LV"	"GO:0070534"	"protein K63-linked ubiquitination"	0.00415256858916288	3	"GOStats"	"enrichment"
"LV"	"GO:0070535"	"histone H2A K63-linked ubiquitination"	0.00528656651391069	2	"GOStats"	"enrichment"
"LV"	"GO:0070647"	"protein modification by small protein conjugation or removal"	0.00207841663412978	5	"GOStats"	"enrichment"
"LV"	"GO:0070727"	"cellular macromolecule localization"	0.0011435934076812	7	"GOStats"	"enrichment"
"LV"	"GO:0070897"	"transcription preinitiation complex assembly"	0.00443075794499262	2	"GOStats"	"enrichment"
"LV"	"GO:0070900"	"mitochondrial tRNA modification"	0.0075589838771476	1	"GOStats"	"enrichment"
"LV"	"GO:0070940"	"dephosphorylation of RNA polymerase II C-terminal domain"	0.00750648622624354	1	"GOStats"	"enrichment"
"LV"	"GO:0070988"	"demethylation"	0.00124095558781226	1	"GOStats"	"enrichment"
"LV"	"GO:0071230"	"cellular response to amino acid stimulus"	0.00301786033266289	1	"GOStats"	"enrichment"
"LV"	"GO:0071241"	"cellular response to inorganic substance"	0.00482352546342273	1	"GOStats"	"enrichment"
"LV"	"GO:0071277"	"cellular response to calcium ion"	0.00339430407708374	1	"GOStats"	"enrichment"
"LV"	"GO:0071705"	"nitrogen compound transport"	0.00381232261899544	4	"GOStats"	"enrichment"
"LV"	"GO:0071712"	"ER-associated misfolded protein catabolic process"	0.00576136257945563	1	"GOStats"	"enrichment"
"LV"	"GO:0071816"	"tail-anchored membrane protein insertion into ER membrane"	0.0054052666621794	2	"GOStats"	"enrichment"
"LV"	"GO:0071824"	"protein-DNA complex subunit organization"	0.0063558064687271	2	"GOStats"	"enrichment"
"LV"	"GO:0071826"	"ribonucleoprotein complex subunit organization"	0.00606854721179466	4	"GOStats"	"enrichment"
"LV"	"GO:0071840"	"cellular component organization or biogenesis"	0.00125513319792107	6	"GOStats"	"enrichment"
"LV"	"GO:0071985"	"multivesicular body sorting pathway"	0.0034511116416904	3	"GOStats"	"enrichment"
"LV"	"GO:0072384"	"organelle transport along microtubule"	0.00917899402536983	1	"GOStats"	"enrichment"
"LV"	"GO:0072393"	"microtubule anchoring at microtubule organizing center"	0.00688453275490227	2	"GOStats"	"enrichment"
"LV"	"GO:0072594"	"establishment of protein localization to organelle"	0.00384477608535802	1	"GOStats"	"enrichment"
"LV"	"GO:0072657"	"protein localization to membrane"	0.0018420865431164	3	"GOStats"	"enrichment"
"LV"	"GO:0072659"	"protein localization to plasma membrane"	0.00234472176404916	1	"GOStats"	"enrichment"
"LV"	"GO:0080135"	"regulation of cellular response to stress"	0.00706978330376156	2	"GOStats"	"enrichment"
"LV"	"GO:0090132"	"epithelium migration"	0.00943007619255933	1	"GOStats"	"enrichment"
"LV"	"GO:0090150"	"establishment of protein localization to membrane"	0.00599882140651009	3	"GOStats"	"enrichment"
"LV"	"GO:0090174"	"organelle membrane fusion"	0.00549244976705166	1	"GOStats"	"enrichment"
"LV"	"GO:0090304"	"nucleic acid metabolic process"	0.00182350451143842	5	"GOStats"	"enrichment"
"LV"	"GO:0090314"	"positive regulation of protein targeting to membrane"	0.00354954024970783	1	"GOStats"	"enrichment"
"LV"	"GO:0090398"	"cellular senescence"	0.00591245249799812	1	"GOStats"	"enrichment"
"LV"	"GO:0097120"	"receptor localization to synapse"	0.0020883859311879	1	"GOStats"	"enrichment"
"LV"	"GO:0097374"	"sensory neuron axon guidance"	0.00689383507838655	1	"GOStats"	"enrichment"
"LV"	"GO:0097428"	"protein maturation by iron-sulfur cluster transfer"	0.00946397892946021	1	"GOStats"	"enrichment"
"LV"	"GO:0097502"	"mannosylation"	0.00829051011671744	1	"GOStats"	"enrichment"
"LV"	"GO:0097659"	"nucleic acid-templated transcription"	0.00571168560962527	1	"GOStats"	"enrichment"
"LV"	"GO:0098529"	"neuromuscular junction development, skeletal muscle fiber"	0.00686331382864803	1	"GOStats"	"enrichment"
"LV"	"GO:0098789"	"pre-mRNA cleavage required for polyadenylation"	0.00558935999349814	1	"GOStats"	"enrichment"
"LV"	"GO:0098813"	"nuclear chromosome segregation"	0.0010709075095734	2	"GOStats"	"enrichment"
"LV"	"GO:0098876"	"vesicle-mediated transport to the plasma membrane"	0.00526068514772206	1	"GOStats"	"enrichment"
"LV"	"GO:0098900"	"regulation of action potential"	0.00626257928356101	1	"GOStats"	"enrichment"
"LV"	"GO:0098916"	"anterograde trans-synaptic signaling"	0.000794363806916234	1	"GOStats"	"enrichment"
"LV"	"GO:0098953"	"receptor diffusion trapping"	0.00143704114492417	1	"GOStats"	"enrichment"
"LV"	"GO:0098970"	"postsynaptic neurotransmitter receptor diffusion trapping"	0.00143704114492417	1	"GOStats"	"enrichment"
"LV"	"GO:0099518"	"vesicle cytoskeletal trafficking"	0.00656034378658955	1	"GOStats"	"enrichment"
"LV"	"GO:0099536"	"synaptic signaling"	0.000672107093710678	1	"GOStats"	"enrichment"
"LV"	"GO:0099537"	"trans-synaptic signaling"	0.00408469933856759	2	"GOStats"	"enrichment"
"LV"	"GO:0099633"	"protein localization to postsynaptic specialization membrane"	0.00105768183107667	1	"GOStats"	"enrichment"
"LV"	"GO:0101030"	"tRNA-guanine transglycosylation"	0.00711235899363563	1	"GOStats"	"enrichment"
"LV"	"GO:0120036"	"plasma membrane bounded cell projection organization"	0.00153200755412999	1	"GOStats"	"enrichment"
"LV"	"GO:0140014"	"mitotic nuclear division"	0.00299050608301599	2	"GOStats"	"enrichment"
"LV"	"GO:0140056"	"organelle localization by membrane tethering"	0.00629985736424021	4	"GOStats"	"enrichment"
"LV"	"GO:0140352"	"export from cell"	0.00768147502736082	1	"GOStats"	"enrichment"
"LV"	"GO:0198738"	"cell-cell signaling by wnt"	0.00353052727755259	1	"GOStats"	"enrichment"
"LV"	"GO:1900117"	"regulation of execution phase of apoptosis"	0.00738544299258829	1	"GOStats"	"enrichment"
"LV"	"GO:1900746"	"regulation of vascular endothelial growth factor signaling pathway"	0.00427630339523056	1	"GOStats"	"enrichment"
"LV"	"GO:1901339"	"regulation of store-operated calcium channel activity"	0.00686331382864803	1	"GOStats"	"enrichment"
"LV"	"GO:1901360"	"organic cyclic compound metabolic process"	0.000922932930145042	4	"GOStats"	"enrichment"
"LV"	"GO:1901564"	"organonitrogen compound metabolic process"	5.52170671396743e-05	1	"GOStats"	"enrichment"
"LV"	"GO:1901565"	"organonitrogen compound catabolic process"	0.00302979401592333	4	"GOStats"	"enrichment"
"LV"	"GO:1901575"	"organic substance catabolic process"	0.00410549522737352	2	"GOStats"	"enrichment"
"LV"	"GO:1901576"	"organic substance biosynthetic process"	0.00495604697270365	1	"GOStats"	"enrichment"
"LV"	"GO:1901800"	"positive regulation of proteasomal protein catabolic process"	0.00878097281389073	1	"GOStats"	"enrichment"
"LV"	"GO:1901888"	"regulation of cell junction assembly"	0.0036733673049974	1	"GOStats"	"enrichment"
"LV"	"GO:1901992"	"positive regulation of mitotic cell cycle phase transition"	0.00876801156229882	1	"GOStats"	"enrichment"
"LV"	"GO:1902042"	"negative regulation of extrinsic apoptotic signaling pathway via death domain receptors"	0.00738544299258829	1	"GOStats"	"enrichment"
"LV"	"GO:1902100"	"negative regulation of metaphase/anaphase transition of cell cycle"	0.00955384661673542	2	"GOStats"	"enrichment"
"LV"	"GO:1902254"	"negative regulation of intrinsic apoptotic signaling pathway by p53 class mediator"	0.00115286738262999	1	"GOStats"	"enrichment"
"LV"	"GO:1902414"	"protein localization to cell junction"	0.00100725936496698	1	"GOStats"	"enrichment"
"LV"	"GO:1902600"	"proton transmembrane transport"	0.00339262722245592	1	"GOStats"	"enrichment"
"LV"	"GO:1902750"	"negative regulation of cell cycle G2/M phase transition"	0.00761020728178589	1	"GOStats"	"enrichment"
"LV"	"GO:1902905"	"positive regulation of supramolecular fiber organization"	0.00954332338833616	1	"GOStats"	"enrichment"
"LV"	"GO:1903050"	"regulation of proteolysis involved in cellular protein catabolic process"	0.0037009036345872	2	"GOStats"	"enrichment"
"LV"	"GO:1903361"	"protein localization to basolateral plasma membrane"	0.00738544299258829	1	"GOStats"	"enrichment"
"LV"	"GO:1903364"	"positive regulation of cellular protein catabolic process"	0.00452690672365888	1	"GOStats"	"enrichment"
"LV"	"GO:1903391"	"regulation of adherens junction organization"	0.00750648622624354	1	"GOStats"	"enrichment"
"LV"	"GO:1903409"	"reactive oxygen species biosynthetic process"	0.00491596579435093	1	"GOStats"	"enrichment"
"LV"	"GO:1903532"	"positive regulation of secretion by cell"	0.00106739412528688	1	"GOStats"	"enrichment"
"LV"	"GO:1903533"	"regulation of protein targeting"	0.00354954024970783	1	"GOStats"	"enrichment"
"LV"	"GO:1903829"	"positive regulation of cellular protein localization"	0.00448664948360272	1	"GOStats"	"enrichment"
"LV"	"GO:1904292"	"regulation of ERAD pathway"	0.00622155146173256	2	"GOStats"	"enrichment"
"LV"	"GO:1905097"	"regulation of guanyl-nucleotide exchange factor activity"	0.00692435155333884	1	"GOStats"	"enrichment"
"LV"	"GO:1905114"	"cell surface receptor signaling pathway involved in cell-cell signaling"	0.00459508108315617	1	"GOStats"	"enrichment"
"LV"	"GO:1905818"	"regulation of chromosome separation"	0.00321749876504917	2	"GOStats"	"enrichment"
"LV"	"GO:1990126"	"retrograde transport, endosome to plasma membrane"	0.00923990657648336	1	"GOStats"	"enrichment"
"LV"	"GO:1990414"	"replication-born double-strand break repair via sister chromatid exchange"	0.00626257928356101	1	"GOStats"	"enrichment"
"LV"	"GO:1990535"	"neuron projection maintenance"	0.00703616256124039	2	"GOStats"	"enrichment"
"LV"	"GO:1990778"	"protein localization to cell periphery"	0.0029180218946931	2	"GOStats"	"enrichment"
"LV"	"GO:2000009"	"negative regulation of protein localization to cell surface"	0.00692435155333884	1	"GOStats"	"enrichment"
"LV"	"GO:2000047"	"regulation of cell-cell adhesion mediated by cadherin"	0.000279862141746402	1	"GOStats"	"enrichment"
"LV"	"GO:2000060"	"positive regulation of ubiquitin-dependent protein catabolic process"	0.00657711299561341	1	"GOStats"	"enrichment"
"LV"	"GO:2000105"	"positive regulation of DNA-dependent DNA replication"	0.0075589838771476	1	"GOStats"	"enrichment"
"LV"	"GO:2000144"	"positive regulation of DNA-templated transcription, initiation"	0.00143574927855385	3	"GOStats"	"enrichment"
"LV"	"GO:2000300"	"regulation of synaptic vesicle exocytosis"	0.00829051011671744	1	"GOStats"	"enrichment"
"LV"	"GO:2000311"	"regulation of AMPA receptor activity"	0.00738544299258829	1	"GOStats"	"enrichment"
"LV"	"GO:2000378"	"negative regulation of reactive oxygen species metabolic process"	0.00719580363662747	2	"GOStats"	"enrichment"
"LV"	"GO:2000573"	"positive regulation of DNA biosynthetic process"	0.00619388201783059	1	"GOStats"	"enrichment"
"LV"	"GO:2000779"	"regulation of double-strand break repair"	0.00222062270534809	1	"GOStats"	"enrichment"
"LV"	"GO:2000780"	"negative regulation of double-strand break repair"	0.00893758421724547	1	"GOStats"	"enrichment"
"LV"	"GO:2000816"	"negative regulation of mitotic sister chromatid separation"	0.00188697327373234	1	"GOStats"	"enrichment"
"LV"	"GO:2001021"	"negative regulation of response to DNA damage stimulus"	0.00317144116099164	1	"GOStats"	"enrichment"
"LV"	"GO:2001141"	"regulation of RNA biosynthetic process"	0.00705960810090196	2	"GOStats"	"enrichment"
"LV"	"GO:2001256"	"regulation of store-operated calcium entry"	0.00568854853542824	1	"GOStats"	"enrichment"
"MV"	"GO:0000019"	"regulation of mitotic recombination"	0.00952000485612875	2	"GOStats"	"enrichment"
"MV"	"GO:0000027"	"ribosomal large subunit assembly"	0.00653213853213776	1	"GOStats"	"enrichment"
"MV"	"GO:0000272"	"polysaccharide catabolic process"	0.00903400290593896	1	"GOStats"	"enrichment"
"MV"	"GO:0000375"	"RNA splicing, via transesterification reactions"	0.00877857898137598	1	"GOStats"	"enrichment"
"MV"	"GO:0000398"	"mRNA splicing, via spliceosome"	0.00877857898137598	1	"GOStats"	"enrichment"
"MV"	"GO:0000422"	"autophagy of mitochondrion"	0.00989400370213193	1	"GOStats"	"enrichment"
"MV"	"GO:0000423"	"mitophagy"	0.00236796147808968	1	"GOStats"	"enrichment"
"MV"	"GO:0000462"	"maturation of SSU-rRNA from tricistronic rRNA transcript (SSU-rRNA, 5.8S rRNA, LSU-rRNA)"	0.00198845880019414	1	"GOStats"	"enrichment"
"MV"	"GO:0000463"	"maturation of LSU-rRNA from tricistronic rRNA transcript (SSU-rRNA, 5.8S rRNA, LSU-rRNA)"	0.00538132084362332	1	"GOStats"	"enrichment"
"MV"	"GO:0000722"	"telomere maintenance via recombination"	0.00199002822605736	1	"GOStats"	"enrichment"
"MV"	"GO:0001501"	"skeletal system development"	0.00596009590855584	1	"GOStats"	"enrichment"
"MV"	"GO:0001522"	"pseudouridine synthesis"	0.00309269634823054	1	"GOStats"	"enrichment"
"MV"	"GO:0001649"	"osteoblast differentiation"	7.10860646012168e-05	1	"GOStats"	"enrichment"
"MV"	"GO:0001672"	"regulation of chromatin assembly or disassembly"	4.14672993785261e-05	1	"GOStats"	"enrichment"
"MV"	"GO:0001755"	"neural crest cell migration"	0.00512140497183659	1	"GOStats"	"enrichment"
"MV"	"GO:0001817"	"regulation of cytokine production"	0.00815479074864425	1	"GOStats"	"enrichment"
"MV"	"GO:0001839"	"neural plate morphogenesis"	0.00988023214858682	1	"GOStats"	"enrichment"
"MV"	"GO:0001935"	"endothelial cell proliferation"	0.00770162691455198	1	"GOStats"	"enrichment"
"MV"	"GO:0001937"	"negative regulation of endothelial cell proliferation"	0.0094075732441573	1	"GOStats"	"enrichment"
"MV"	"GO:0001958"	"endochondral ossification"	0.00872792227856196	1	"GOStats"	"enrichment"
"MV"	"GO:0001993"	"regulation of systemic arterial blood pressure by norepinephrine-epinephrine"	0.00211494420058858	1	"GOStats"	"enrichment"
"MV"	"GO:0002011"	"morphogenesis of an epithelial sheet"	0.00456261620022512	1	"GOStats"	"enrichment"
"MV"	"GO:0002063"	"chondrocyte development"	0.00104404089293704	2	"GOStats"	"enrichment"
"MV"	"GO:0002084"	"protein depalmitoylation"	0.000484944159216551	1	"GOStats"	"enrichment"
"MV"	"GO:0002188"	"translation reinitiation"	0.0092612446758292	1	"GOStats"	"enrichment"
"MV"	"GO:0002221"	"pattern recognition receptor signaling pathway"	0.00456952354092103	1	"GOStats"	"enrichment"
"MV"	"GO:0002281"	"macrophage activation involved in immune response"	0.0094075732441573	1	"GOStats"	"enrichment"
"MV"	"GO:0002682"	"regulation of immune system process"	0.00456991441053525	1	"GOStats"	"enrichment"
"MV"	"GO:0002761"	"regulation of myeloid leukocyte differentiation"	0.00949956655404338	1	"GOStats"	"enrichment"
"MV"	"GO:0002822"	"regulation of adaptive immune response based on somatic recombination of immune receptors built from immunoglobulin superfamily domains"	0.00231848672203323	1	"GOStats"	"enrichment"
"MV"	"GO:0002825"	"regulation of T-helper 1 type immune response"	0.00942248563175021	1	"GOStats"	"enrichment"
"MV"	"GO:0002828"	"regulation of type 2 immune response"	0.00942248563175021	1	"GOStats"	"enrichment"
"MV"	"GO:0003173"	"ventriculo bulbo valve development"	0.00986749443905181	1	"GOStats"	"enrichment"
"MV"	"GO:0003190"	"atrioventricular valve formation"	0.00562205416963348	1	"GOStats"	"enrichment"
"MV"	"GO:0003232"	"bulbus arteriosus development"	0.00282418996581881	1	"GOStats"	"enrichment"
"MV"	"GO:0003342"	"proepicardium development"	0.00562205416963348	1	"GOStats"	"enrichment"
"MV"	"GO:0005980"	"glycogen catabolic process"	0.00903400290593896	1	"GOStats"	"enrichment"
"MV"	"GO:0006004"	"fucose metabolic process"	0.00902529354370576	1	"GOStats"	"enrichment"
"MV"	"GO:0006029"	"proteoglycan metabolic process"	0.00324476757233146	1	"GOStats"	"enrichment"
"MV"	"GO:0006046"	"N-acetylglucosamine catabolic process"	0.00942248563175021	1	"GOStats"	"enrichment"
"MV"	"GO:0006047"	"UDP-N-acetylglucosamine metabolic process"	0.00216209639849323	1	"GOStats"	"enrichment"
"MV"	"GO:0006120"	"mitochondrial electron transport, NADH to ubiquinone"	0.00260899604540848	1	"GOStats"	"enrichment"
"MV"	"GO:0006139"	"nucleobase-containing compound metabolic process"	0.00763728262205087	1	"GOStats"	"enrichment"
"MV"	"GO:0006189"	"'de novo' IMP biosynthetic process"	0.00903400290593896	1	"GOStats"	"enrichment"
"MV"	"GO:0006228"	"UTP biosynthetic process"	0.00599830807117711	1	"GOStats"	"enrichment"
"MV"	"GO:0006241"	"CTP biosynthetic process"	0.0095499150648027	1	"GOStats"	"enrichment"
"MV"	"GO:0006259"	"DNA metabolic process"	0.00389522558766711	1	"GOStats"	"enrichment"
"MV"	"GO:0006260"	"DNA replication"	0.00613206649343554	1	"GOStats"	"enrichment"
"MV"	"GO:0006261"	"DNA-dependent DNA replication"	0.00280641809350315	1	"GOStats"	"enrichment"
"MV"	"GO:0006269"	"DNA replication, synthesis of RNA primer"	0.00920313884657509	1	"GOStats"	"enrichment"
"MV"	"GO:0006309"	"apoptotic DNA fragmentation"	0.00975244788465846	1	"GOStats"	"enrichment"
"MV"	"GO:0006338"	"chromatin remodeling"	0.00999212911248465	1	"GOStats"	"enrichment"
"MV"	"GO:0006351"	"transcription, DNA-templated"	0.00515829654913203	1	"GOStats"	"enrichment"
"MV"	"GO:0006355"	"regulation of transcription, DNA-templated"	0.00407497563954146	1	"GOStats"	"enrichment"
"MV"	"GO:0006357"	"regulation of transcription by RNA polymerase II"	0.00665763279090263	1	"GOStats"	"enrichment"
"MV"	"GO:0006363"	"termination of RNA polymerase I transcription"	0.00924286555136066	1	"GOStats"	"enrichment"
"MV"	"GO:0006376"	"mRNA splice site selection"	0.00512365846278951	1	"GOStats"	"enrichment"
"MV"	"GO:0006388"	"tRNA splicing, via endonucleolytic cleavage and ligation"	0.00526950428067404	1	"GOStats"	"enrichment"
"MV"	"GO:0006396"	"RNA processing"	0.00300468725196069	2	"GOStats"	"enrichment"
"MV"	"GO:0006400"	"tRNA modification"	0.00770361221780996	1	"GOStats"	"enrichment"
"MV"	"GO:0006413"	"translational initiation"	0.00429816193483947	1	"GOStats"	"enrichment"
"MV"	"GO:0006418"	"tRNA aminoacylation for protein translation"	0.00638529001875765	1	"GOStats"	"enrichment"
"MV"	"GO:0006470"	"protein dephosphorylation"	0.00478821795416305	1	"GOStats"	"enrichment"
"MV"	"GO:0006473"	"protein acetylation"	0.00587928343389472	2	"GOStats"	"enrichment"
"MV"	"GO:0006474"	"N-terminal protein amino acid acetylation"	0.0091156386156961	1	"GOStats"	"enrichment"
"MV"	"GO:0006476"	"protein deacetylation"	0.0066512105883626	1	"GOStats"	"enrichment"
"MV"	"GO:0006573"	"valine metabolic process"	0.00685773002936967	1	"GOStats"	"enrichment"
"MV"	"GO:0006595"	"polyamine metabolic process"	0.0089650114610115	1	"GOStats"	"enrichment"
"MV"	"GO:0006606"	"protein import into nucleus"	0.00979817857969504	1	"GOStats"	"enrichment"
"MV"	"GO:0006611"	"protein export from nucleus"	0.00584808320333944	1	"GOStats"	"enrichment"
"MV"	"GO:0006621"	"protein retention in ER lumen"	0.00210624764418141	1	"GOStats"	"enrichment"
"MV"	"GO:0006627"	"protein processing involved in protein targeting to mitochondrion"	0.00903400290593896	1	"GOStats"	"enrichment"
"MV"	"GO:0006725"	"cellular aromatic compound metabolic process"	0.00253191402734436	2	"GOStats"	"enrichment"
"MV"	"GO:0006807"	"nitrogen compound metabolic process"	0.00971888404297608	1	"GOStats"	"enrichment"
"MV"	"GO:0006826"	"iron ion transport"	0.00978846800471684	1	"GOStats"	"enrichment"
"MV"	"GO:0006888"	"endoplasmic reticulum to Golgi vesicle-mediated transport"	0.00874296373309353	1	"GOStats"	"enrichment"
"MV"	"GO:0006913"	"nucleocytoplasmic transport"	0.0055657524078978	1	"GOStats"	"enrichment"
"MV"	"GO:0006921"	"cellular component disassembly involved in execution phase of apoptosis"	0.00975244788465846	1	"GOStats"	"enrichment"
"MV"	"GO:0006925"	"inflammatory cell apoptotic process"	0.00942248563175021	1	"GOStats"	"enrichment"
"MV"	"GO:0006939"	"smooth muscle contraction"	0.00445143627352699	1	"GOStats"	"enrichment"
"MV"	"GO:0006955"	"immune response"	0.00381907546243419	1	"GOStats"	"enrichment"
"MV"	"GO:0006970"	"response to osmotic stress"	0.00989266539936225	1	"GOStats"	"enrichment"
"MV"	"GO:0006998"	"nuclear envelope organization"	0.00449547571438633	1	"GOStats"	"enrichment"
"MV"	"GO:0007015"	"actin filament organization"	0.00525315205785094	1	"GOStats"	"enrichment"
"MV"	"GO:0007035"	"vacuolar acidification"	0.00988023214858682	1	"GOStats"	"enrichment"
"MV"	"GO:0007084"	"mitotic nuclear envelope reassembly"	0.00218199375043808	1	"GOStats"	"enrichment"
"MV"	"GO:0007096"	"regulation of exit from mitosis"	0.00685532475122694	1	"GOStats"	"enrichment"
"MV"	"GO:0007100"	"mitotic centrosome separation"	0.00975244788465846	1	"GOStats"	"enrichment"
"MV"	"GO:0007175"	"negative regulation of epidermal growth factor-activated receptor activity"	0.00876214740875797	1	"GOStats"	"enrichment"
"MV"	"GO:0007178"	"transmembrane receptor protein serine/threonine kinase signaling pathway"	0.00559995334632178	1	"GOStats"	"enrichment"
"MV"	"GO:0007210"	"serotonin receptor signaling pathway"	0.0094075732441573	1	"GOStats"	"enrichment"
"MV"	"GO:0007416"	"synapse assembly"	0.00770162691455198	1	"GOStats"	"enrichment"
"MV"	"GO:0007420"	"brain development"	0.00319097731780574	1	"GOStats"	"enrichment"
"MV"	"GO:0007423"	"sensory organ development"	0.00328949278898904	1	"GOStats"	"enrichment"
"MV"	"GO:0007600"	"sensory perception"	0.00263908996107213	1	"GOStats"	"enrichment"
"MV"	"GO:0007601"	"visual perception"	0.00226291505559603	2	"GOStats"	"enrichment"
"MV"	"GO:0008033"	"tRNA processing"	0.00430069390565389	2	"GOStats"	"enrichment"
"MV"	"GO:0008104"	"protein localization"	0.000288007908752075	1	"GOStats"	"enrichment"
"MV"	"GO:0008213"	"protein alkylation"	0.000968863625267191	2	"GOStats"	"enrichment"
"MV"	"GO:0008284"	"positive regulation of cell population proliferation"	0.00813524847404816	1	"GOStats"	"enrichment"
"MV"	"GO:0008345"	"larval locomotory behavior"	0.00146648781260948	1	"GOStats"	"enrichment"
"MV"	"GO:0008380"	"RNA splicing"	0.0030194572359633	1	"GOStats"	"enrichment"
"MV"	"GO:0008643"	"carbohydrate transport"	0.00470317538497978	1	"GOStats"	"enrichment"
"MV"	"GO:0009074"	"aromatic amino acid family catabolic process"	0.00954304435331282	1	"GOStats"	"enrichment"
"MV"	"GO:0009113"	"purine nucleobase biosynthetic process"	0.00578198691393895	1	"GOStats"	"enrichment"
"MV"	"GO:0009148"	"pyrimidine nucleoside triphosphate biosynthetic process"	0.0060179271617226	1	"GOStats"	"enrichment"
"MV"	"GO:0009201"	"ribonucleoside triphosphate biosynthetic process"	0.00390515989129829	1	"GOStats"	"enrichment"
"MV"	"GO:0009204"	"deoxyribonucleoside triphosphate catabolic process"	0.00808672701643568	1	"GOStats"	"enrichment"
"MV"	"GO:0009208"	"pyrimidine ribonucleoside triphosphate metabolic process"	0.00344093492887172	1	"GOStats"	"enrichment"
"MV"	"GO:0009311"	"oligosaccharide metabolic process"	0.00425240537697692	1	"GOStats"	"enrichment"
"MV"	"GO:0009395"	"phospholipid catabolic process"	0.00537746999237996	1	"GOStats"	"enrichment"
"MV"	"GO:0009612"	"response to mechanical stimulus"	0.00621009466464095	1	"GOStats"	"enrichment"
"MV"	"GO:0009794"	"regulation of mitotic cell cycle, embryonic"	0.00988023214858682	1	"GOStats"	"enrichment"
"MV"	"GO:0009889"	"regulation of biosynthetic process"	0.00872358512001968	1	"GOStats"	"enrichment"
"MV"	"GO:0009987"	"cellular process"	0.00579146713535886	1	"GOStats"	"enrichment"
"MV"	"GO:0009996"	"negative regulation of cell fate specification"	0.000794915194162606	1	"GOStats"	"enrichment"
"MV"	"GO:0010324"	"membrane invagination"	0.00519365994429611	1	"GOStats"	"enrichment"
"MV"	"GO:0010389"	"regulation of G2/M transition of mitotic cell cycle"	0.00439715497537023	1	"GOStats"	"enrichment"
"MV"	"GO:0010390"	"histone monoubiquitination"	0.00817961471814512	1	"GOStats"	"enrichment"
"MV"	"GO:0010453"	"regulation of cell fate commitment"	0.00429303095304752	1	"GOStats"	"enrichment"
"MV"	"GO:0010467"	"gene expression"	0.00362613159421674	3	"GOStats"	"enrichment"
"MV"	"GO:0010468"	"regulation of gene expression"	0.00736652696884575	1	"GOStats"	"enrichment"
"MV"	"GO:0010499"	"proteasomal ubiquitin-independent protein catabolic process"	0.00480520015821854	1	"GOStats"	"enrichment"
"MV"	"GO:0010517"	"regulation of phospholipase activity"	0.00166510017001527	1	"GOStats"	"enrichment"
"MV"	"GO:0010564"	"regulation of cell cycle process"	0.00725371617868678	1	"GOStats"	"enrichment"
"MV"	"GO:0010604"	"positive regulation of macromolecule metabolic process"	0.00139000032804261	1	"GOStats"	"enrichment"
"MV"	"GO:0010632"	"regulation of epithelial cell migration"	0.0095120625117741	1	"GOStats"	"enrichment"
"MV"	"GO:0010941"	"regulation of cell death"	0.00144269722892591	1	"GOStats"	"enrichment"
"MV"	"GO:0010951"	"negative regulation of endopeptidase activity"	0.00370077788697654	1	"GOStats"	"enrichment"
"MV"	"GO:0014005"	"microglia development"	0.00192717651479387	1	"GOStats"	"enrichment"
"MV"	"GO:0014033"	"neural crest cell differentiation"	0.00794652795276443	1	"GOStats"	"enrichment"
"MV"	"GO:0014846"	"esophagus smooth muscle contraction"	0.00986749443905181	1	"GOStats"	"enrichment"
"MV"	"GO:0015031"	"protein transport"	0.00495203433322194	1	"GOStats"	"enrichment"
"MV"	"GO:0015695"	"organic cation transport"	0.000601410114610611	1	"GOStats"	"enrichment"
"MV"	"GO:0016070"	"RNA metabolic process"	0.00530460947318453	2	"GOStats"	"enrichment"
"MV"	"GO:0016093"	"polyprenol metabolic process"	0.00903400290593896	1	"GOStats"	"enrichment"
"MV"	"GO:0016226"	"iron-sulfur cluster assembly"	0.0068540327359869	1	"GOStats"	"enrichment"
"MV"	"GO:0016311"	"dephosphorylation"	0.00497408482297455	1	"GOStats"	"enrichment"
"MV"	"GO:0016331"	"morphogenesis of embryonic epithelium"	0.00123491402873572	1	"GOStats"	"enrichment"
"MV"	"GO:0016570"	"histone modification"	0.00416854899247485	1	"GOStats"	"enrichment"
"MV"	"GO:0016571"	"histone methylation"	0.00301779336004439	2	"GOStats"	"enrichment"
"MV"	"GO:0016926"	"protein desumoylation"	0.00731491376032543	1	"GOStats"	"enrichment"
"MV"	"GO:0018022"	"peptidyl-lysine methylation"	0.00048189390475277	1	"GOStats"	"enrichment"
"MV"	"GO:0018126"	"protein hydroxylation"	0.00220329835507809	1	"GOStats"	"enrichment"
"MV"	"GO:0018205"	"peptidyl-lysine modification"	0.00205169885447825	1	"GOStats"	"enrichment"
"MV"	"GO:0018393"	"internal peptidyl-lysine acetylation"	0.00296877585872802	2	"GOStats"	"enrichment"
"MV"	"GO:0019219"	"regulation of nucleobase-containing compound metabolic process"	0.00623352884148944	1	"GOStats"	"enrichment"
"MV"	"GO:0019509"	"L-methionine salvage from methylthioadenosine"	0.00967478778680165	1	"GOStats"	"enrichment"
"MV"	"GO:0019748"	"secondary metabolic process"	0.00578198691393895	1	"GOStats"	"enrichment"
"MV"	"GO:0021700"	"developmental maturation"	0.000588034511409945	1	"GOStats"	"enrichment"
"MV"	"GO:0021872"	"forebrain generation of neurons"	0.00418071366258909	1	"GOStats"	"enrichment"
"MV"	"GO:0021879"	"forebrain neuron differentiation"	0.00979538587067903	1	"GOStats"	"enrichment"
"MV"	"GO:0021884"	"forebrain neuron development"	0.00653213853213776	1	"GOStats"	"enrichment"
"MV"	"GO:0022408"	"negative regulation of cell-cell adhesion"	0.0050703620136034	1	"GOStats"	"enrichment"
"MV"	"GO:0022411"	"cellular component disassembly"	0.00143207810254084	1	"GOStats"	"enrichment"
"MV"	"GO:0022607"	"cellular component assembly"	0.00944764460058547	1	"GOStats"	"enrichment"
"MV"	"GO:0022613"	"ribonucleoprotein complex biogenesis"	0.00795305845967004	1	"GOStats"	"enrichment"
"MV"	"GO:0022618"	"ribonucleoprotein complex assembly"	0.00974817009753065	1	"GOStats"	"enrichment"
"MV"	"GO:0023061"	"signal release"	0.0063285512199777	1	"GOStats"	"enrichment"
"MV"	"GO:0030010"	"establishment of cell polarity"	0.000885431584156891	1	"GOStats"	"enrichment"
"MV"	"GO:0030032"	"lamellipodium assembly"	0.00949956655404338	1	"GOStats"	"enrichment"
"MV"	"GO:0030073"	"insulin secretion"	0.00760474680949717	1	"GOStats"	"enrichment"
"MV"	"GO:0030099"	"myeloid cell differentiation"	0.00305893069014631	1	"GOStats"	"enrichment"
"MV"	"GO:0030217"	"T cell differentiation"	0.00237828700713633	1	"GOStats"	"enrichment"
"MV"	"GO:0030225"	"macrophage differentiation"	0.00538132084362332	1	"GOStats"	"enrichment"
"MV"	"GO:0030307"	"positive regulation of cell growth"	0.00535919213587977	1	"GOStats"	"enrichment"
"MV"	"GO:0030318"	"melanocyte differentiation"	0.0088253041743905	1	"GOStats"	"enrichment"
"MV"	"GO:0030335"	"positive regulation of cell migration"	0.000127939093589387	1	"GOStats"	"enrichment"
"MV"	"GO:0030433"	"ubiquitin-dependent ERAD pathway"	0.000867032445079611	1	"GOStats"	"enrichment"
"MV"	"GO:0030509"	"BMP signaling pathway"	0.00419133724856204	1	"GOStats"	"enrichment"
"MV"	"GO:0030518"	"intracellular steroid hormone receptor signaling pathway"	0.00527531391304687	1	"GOStats"	"enrichment"
"MV"	"GO:0030901"	"midbrain development"	0.00621009466464095	1	"GOStats"	"enrichment"
"MV"	"GO:0030902"	"hindbrain development"	0.00815610665637615	1	"GOStats"	"enrichment"
"MV"	"GO:0030947"	"regulation of vascular endothelial growth factor receptor signaling pathway"	0.00811951584705271	1	"GOStats"	"enrichment"
"MV"	"GO:0031053"	"primary miRNA processing"	0.00924286555136066	1	"GOStats"	"enrichment"
"MV"	"GO:0031076"	"embryonic camera-type eye development"	0.00212816591474809	1	"GOStats"	"enrichment"
"MV"	"GO:0031122"	"cytoplasmic microtubule organization"	0.00837900787920639	1	"GOStats"	"enrichment"
"MV"	"GO:0031279"	"regulation of cyclase activity"	0.0094075732441573	1	"GOStats"	"enrichment"
"MV"	"GO:0031324"	"negative regulation of cellular metabolic process"	0.00800749134486722	1	"GOStats"	"enrichment"
"MV"	"GO:0031325"	"positive regulation of cellular metabolic process"	0.00257421046442404	1	"GOStats"	"enrichment"
"MV"	"GO:0031346"	"positive regulation of cell projection organization"	0.00148734494695603	1	"GOStats"	"enrichment"
"MV"	"GO:0031394"	"positive regulation of prostaglandin biosynthetic process"	0.00942248563175021	1	"GOStats"	"enrichment"
"MV"	"GO:0031398"	"positive regulation of protein ubiquitination"	0.00234420802913543	1	"GOStats"	"enrichment"
"MV"	"GO:0031445"	"regulation of heterochromatin assembly"	0.00988023214858682	1	"GOStats"	"enrichment"
"MV"	"GO:0031573"	"intra-S DNA damage checkpoint"	0.00872792227856196	1	"GOStats"	"enrichment"
"MV"	"GO:0032008"	"positive regulation of TOR signaling"	0.00579467984508483	1	"GOStats"	"enrichment"
"MV"	"GO:0032205"	"negative regulation of telomere maintenance"	0.0019983849462801	1	"GOStats"	"enrichment"
"MV"	"GO:0032259"	"methylation"	0.00469294433422991	1	"GOStats"	"enrichment"
"MV"	"GO:0032355"	"response to estradiol"	0.00342499666929763	1	"GOStats"	"enrichment"
"MV"	"GO:0032418"	"lysosome localization"	0.00906796709893498	1	"GOStats"	"enrichment"
"MV"	"GO:0032438"	"melanosome organization"	0.00743106966624949	1	"GOStats"	"enrichment"
"MV"	"GO:0032527"	"protein exit from endoplasmic reticulum"	0.00667204660558502	1	"GOStats"	"enrichment"
"MV"	"GO:0032543"	"mitochondrial translation"	0.0023027648477113	1	"GOStats"	"enrichment"
"MV"	"GO:0032570"	"response to progesterone"	0.00967478778680165	1	"GOStats"	"enrichment"
"MV"	"GO:0032743"	"positive regulation of interleukin-2 production"	0.00942248563175021	1	"GOStats"	"enrichment"
"MV"	"GO:0032774"	"RNA biosynthetic process"	0.00552720606011079	1	"GOStats"	"enrichment"
"MV"	"GO:0032781"	"positive regulation of ATPase activity"	0.00201877487563741	1	"GOStats"	"enrichment"
"MV"	"GO:0032836"	"glomerular basement membrane development"	0.00643079138512544	1	"GOStats"	"enrichment"
"MV"	"GO:0033031"	"positive regulation of neutrophil apoptotic process"	0.00942248563175021	1	"GOStats"	"enrichment"
"MV"	"GO:0033032"	"regulation of myeloid cell apoptotic process"	0.00942248563175021	1	"GOStats"	"enrichment"
"MV"	"GO:0033135"	"regulation of peptidyl-serine phosphorylation"	0.00824848663577091	1	"GOStats"	"enrichment"
"MV"	"GO:0033138"	"positive regulation of peptidyl-serine phosphorylation"	0.00942248563175021	1	"GOStats"	"enrichment"
"MV"	"GO:0033365"	"protein localization to organelle"	0.00146381650017363	1	"GOStats"	"enrichment"
"MV"	"GO:0034101"	"erythrocyte homeostasis"	0.00211418363490052	1	"GOStats"	"enrichment"
"MV"	"GO:0034122"	"negative regulation of toll-like receptor signaling pathway"	0.00583831132054873	1	"GOStats"	"enrichment"
"MV"	"GO:0034314"	"Arp2/3 complex-mediated actin nucleation"	0.00189058262684543	1	"GOStats"	"enrichment"
"MV"	"GO:0034446"	"substrate adhesion-dependent cell spreading"	0.00307040943739699	1	"GOStats"	"enrichment"
"MV"	"GO:0034470"	"ncRNA processing"	0.00194455103702913	1	"GOStats"	"enrichment"
"MV"	"GO:0034501"	"protein localization to kinetochore"	0.00876214740875797	1	"GOStats"	"enrichment"
"MV"	"GO:0034553"	"mitochondrial respiratory chain complex II assembly"	0.00223751992701697	1	"GOStats"	"enrichment"
"MV"	"GO:0034622"	"cellular protein-containing complex assembly"	0.00772955202365176	1	"GOStats"	"enrichment"
"MV"	"GO:0034641"	"cellular nitrogen compound metabolic process"	0.00140962639717609	2	"GOStats"	"enrichment"
"MV"	"GO:0034645"	"cellular macromolecule biosynthetic process"	0.00472127911673161	3	"GOStats"	"enrichment"
"MV"	"GO:0034654"	"nucleobase-containing compound biosynthetic process"	0.00421000699491111	1	"GOStats"	"enrichment"
"MV"	"GO:0034968"	"histone lysine methylation"	0.00215031129191603	1	"GOStats"	"enrichment"
"MV"	"GO:0034976"	"response to endoplasmic reticulum stress"	0.00420875869836983	1	"GOStats"	"enrichment"
"MV"	"GO:0034982"	"mitochondrial protein processing"	0.000812704407235858	1	"GOStats"	"enrichment"
"MV"	"GO:0035020"	"regulation of Rac protein signal transduction"	0.0063713550945993	2	"GOStats"	"enrichment"
"MV"	"GO:0035065"	"regulation of histone acetylation"	0.00876214740875797	1	"GOStats"	"enrichment"
"MV"	"GO:0035162"	"embryonic hemopoiesis"	0.00407116274762983	1	"GOStats"	"enrichment"
"MV"	"GO:0035335"	"peptidyl-tyrosine dephosphorylation"	0.00725568410630164	1	"GOStats"	"enrichment"
"MV"	"GO:0035418"	"protein localization to synapse"	0.00246252812804393	1	"GOStats"	"enrichment"
"MV"	"GO:0035860"	"glial cell-derived neurotrophic factor receptor signaling pathway"	0.00986749443905181	1	"GOStats"	"enrichment"
"MV"	"GO:0035907"	"dorsal aorta development"	0.00429303095304752	1	"GOStats"	"enrichment"
"MV"	"GO:0035924"	"cellular response to vascular endothelial growth factor stimulus"	0.00311366692004552	1	"GOStats"	"enrichment"
"MV"	"GO:0035967"	"cellular response to topologically incorrect protein"	0.00936503880047202	1	"GOStats"	"enrichment"
"MV"	"GO:0036089"	"cleavage furrow formation"	0.00282418996581881	1	"GOStats"	"enrichment"
"MV"	"GO:0036211"	"protein modification process"	0.00788732470682819	1	"GOStats"	"enrichment"
"MV"	"GO:0038092"	"nodal signaling pathway"	0.00697449418657578	1	"GOStats"	"enrichment"
"MV"	"GO:0039528"	"cytoplasmic pattern recognition receptor signaling pathway in response to virus"	0.00331529979525905	1	"GOStats"	"enrichment"
"MV"	"GO:0040017"	"positive regulation of locomotion"	7.82471883378159e-05	1	"GOStats"	"enrichment"
"MV"	"GO:0042401"	"cellular biogenic amine biosynthetic process"	0.00270573379967498	1	"GOStats"	"enrichment"
"MV"	"GO:0042438"	"melanin biosynthetic process"	0.00920313884657509	1	"GOStats"	"enrichment"
"MV"	"GO:0042558"	"pteridine-containing compound metabolic process"	0.00907484455931793	1	"GOStats"	"enrichment"
"MV"	"GO:0042886"	"amide transport"	0.00314004952912029	1	"GOStats"	"enrichment"
"MV"	"GO:0042981"	"regulation of apoptotic process"	0.00260709836813976	1	"GOStats"	"enrichment"
"MV"	"GO:0043010"	"camera-type eye development"	0.00276913665360241	1	"GOStats"	"enrichment"
"MV"	"GO:0043038"	"amino acid activation"	0.0019999848805839	1	"GOStats"	"enrichment"
"MV"	"GO:0043043"	"peptide biosynthetic process"	0.00733342819827638	1	"GOStats"	"enrichment"
"MV"	"GO:0043102"	"amino acid salvage"	0.00967478778680165	1	"GOStats"	"enrichment"
"MV"	"GO:0043113"	"receptor clustering"	0.00532665790875984	1	"GOStats"	"enrichment"
"MV"	"GO:0043124"	"negative regulation of I-kappaB kinase/NF-kappaB signaling"	0.00140968993940529	1	"GOStats"	"enrichment"
"MV"	"GO:0043154"	"negative regulation of cysteine-type endopeptidase activity involved in apoptotic process"	0.0051171701219671	1	"GOStats"	"enrichment"
"MV"	"GO:0043328"	"protein transport to vacuole involved in ubiquitin-dependent protein catabolic process via the multivesicular body sorting pathway"	0.00876214740875797	1	"GOStats"	"enrichment"
"MV"	"GO:0043372"	"positive regulation of CD4-positive, alpha-beta T cell differentiation"	0.00942248563175021	1	"GOStats"	"enrichment"
"MV"	"GO:0043403"	"skeletal muscle tissue regeneration"	0.0020752347559073	1	"GOStats"	"enrichment"
"MV"	"GO:0043412"	"macromolecule modification"	0.00508905633974507	1	"GOStats"	"enrichment"
"MV"	"GO:0043414"	"macromolecule methylation"	0.000642630205911226	1	"GOStats"	"enrichment"
"MV"	"GO:0043549"	"regulation of kinase activity"	0.00971708810760909	1	"GOStats"	"enrichment"
"MV"	"GO:0043570"	"maintenance of DNA repeat elements"	0.00223751992701697	1	"GOStats"	"enrichment"
"MV"	"GO:0043653"	"mitochondrial fragmentation involved in apoptotic process"	0.00571996828973028	2	"GOStats"	"enrichment"
"MV"	"GO:0043931"	"ossification involved in bone maturation"	0.00967478778680165	1	"GOStats"	"enrichment"
"MV"	"GO:0043933"	"protein-containing complex subunit organization"	0.00579927728748966	1	"GOStats"	"enrichment"
"MV"	"GO:0043966"	"histone H3 acetylation"	0.00104998281647683	1	"GOStats"	"enrichment"
"MV"	"GO:0043981"	"histone H4-K5 acetylation"	0.00210624764418141	1	"GOStats"	"enrichment"
"MV"	"GO:0043982"	"histone H4-K8 acetylation"	0.00210624764418141	1	"GOStats"	"enrichment"
"MV"	"GO:0044092"	"negative regulation of molecular function"	0.00468012502644734	2	"GOStats"	"enrichment"
"MV"	"GO:0044238"	"primary metabolic process"	0.00428577919764034	3	"GOStats"	"enrichment"
"MV"	"GO:0044260"	"cellular macromolecule metabolic process"	0.00414791275665157	2	"GOStats"	"enrichment"
"MV"	"GO:0044267"	"cellular protein metabolic process"	0.00410406126395948	1	"GOStats"	"enrichment"
"MV"	"GO:0044271"	"cellular nitrogen compound biosynthetic process"	0.00154716664228827	1	"GOStats"	"enrichment"
"MV"	"GO:0044839"	"cell cycle G2/M phase transition"	0.00576520497944582	1	"GOStats"	"enrichment"
"MV"	"GO:0045055"	"regulated exocytosis"	0.00160603539474469	1	"GOStats"	"enrichment"
"MV"	"GO:0045185"	"maintenance of protein location"	0.00760164642712973	1	"GOStats"	"enrichment"
"MV"	"GO:0045292"	"mRNA cis splicing, via spliceosome"	0.00206967418704508	1	"GOStats"	"enrichment"
"MV"	"GO:0045595"	"regulation of cell differentiation"	0.005730078370431	2	"GOStats"	"enrichment"
"MV"	"GO:0045620"	"negative regulation of lymphocyte differentiation"	0.00826547052477761	1	"GOStats"	"enrichment"
"MV"	"GO:0045627"	"positive regulation of T-helper 1 cell differentiation"	0.00942248563175021	1	"GOStats"	"enrichment"
"MV"	"GO:0045629"	"negative regulation of T-helper 2 cell differentiation"	0.00942248563175021	1	"GOStats"	"enrichment"
"MV"	"GO:0045639"	"positive regulation of myeloid cell differentiation"	0.000516518034809038	1	"GOStats"	"enrichment"
"MV"	"GO:0045664"	"regulation of neuron differentiation"	0.00541515339109834	1	"GOStats"	"enrichment"
"MV"	"GO:0045723"	"positive regulation of fatty acid biosynthetic process"	0.00942248563175021	1	"GOStats"	"enrichment"
"MV"	"GO:0045730"	"respiratory burst"	0.00988023214858682	1	"GOStats"	"enrichment"
"MV"	"GO:0045765"	"regulation of angiogenesis"	0.00460413911007943	1	"GOStats"	"enrichment"
"MV"	"GO:0045799"	"positive regulation of chromatin assembly or disassembly"	0.0092612446758292	1	"GOStats"	"enrichment"
"MV"	"GO:0045851"	"pH reduction"	0.00988023214858682	1	"GOStats"	"enrichment"
"MV"	"GO:0045861"	"negative regulation of proteolysis"	0.000832689614134596	1	"GOStats"	"enrichment"
"MV"	"GO:0045880"	"positive regulation of smoothened signaling pathway"	0.00692025852115949	1	"GOStats"	"enrichment"
"MV"	"GO:0045943"	"positive regulation of transcription by RNA polymerase I"	0.00381679245577901	1	"GOStats"	"enrichment"
"MV"	"GO:0046349"	"amino sugar biosynthetic process"	0.00893545641084286	1	"GOStats"	"enrichment"
"MV"	"GO:0046470"	"phosphatidylcholine metabolic process"	0.00141787526858077	2	"GOStats"	"enrichment"
"MV"	"GO:0046483"	"heterocycle metabolic process"	0.00271869087415116	2	"GOStats"	"enrichment"
"MV"	"GO:0046627"	"negative regulation of insulin receptor signaling pathway"	0.00255626505192601	1	"GOStats"	"enrichment"
"MV"	"GO:0046716"	"muscle cell cellular homeostasis"	0.00223751992701697	1	"GOStats"	"enrichment"
"MV"	"GO:0046822"	"regulation of nucleocytoplasmic transport"	0.00331529979525905	1	"GOStats"	"enrichment"
"MV"	"GO:0046835"	"carbohydrate phosphorylation"	0.00743106966624949	1	"GOStats"	"enrichment"
"MV"	"GO:0046907"	"intracellular transport"	0.000816540435978675	1	"GOStats"	"enrichment"
"MV"	"GO:0048008"	"platelet-derived growth factor receptor signaling pathway"	0.00437063018311859	2	"GOStats"	"enrichment"
"MV"	"GO:0048048"	"embryonic eye morphogenesis"	0.00307654838284164	1	"GOStats"	"enrichment"
"MV"	"GO:0048096"	"chromatin-mediated maintenance of transcription"	0.00643079138512544	1	"GOStats"	"enrichment"
"MV"	"GO:0048246"	"macrophage chemotaxis"	0.00906796709893498	1	"GOStats"	"enrichment"
"MV"	"GO:0048469"	"cell maturation"	0.00690449001625172	1	"GOStats"	"enrichment"
"MV"	"GO:0048518"	"positive regulation of biological process"	0.00341077525470932	1	"GOStats"	"enrichment"
"MV"	"GO:0048534"	"hematopoietic or lymphoid organ development"	0.00812122217640291	1	"GOStats"	"enrichment"
"MV"	"GO:0048546"	"digestive tract morphogenesis"	0.00153869659822352	1	"GOStats"	"enrichment"
"MV"	"GO:0048588"	"developmental cell growth"	0.00461016493508661	2	"GOStats"	"enrichment"
"MV"	"GO:0048589"	"developmental growth"	0.00213719618753424	1	"GOStats"	"enrichment"
"MV"	"GO:0048675"	"axon extension"	0.00687600816935377	1	"GOStats"	"enrichment"
"MV"	"GO:0048730"	"epidermis morphogenesis"	0.00942741039393955	1	"GOStats"	"enrichment"
"MV"	"GO:0048731"	"system development"	0.00134972320378108	1	"GOStats"	"enrichment"
"MV"	"GO:0048790"	"maintenance of presynaptic active zone structure"	0.00826547052477761	1	"GOStats"	"enrichment"
"MV"	"GO:0048794"	"swim bladder development"	0.000234939516410699	1	"GOStats"	"enrichment"
"MV"	"GO:0048798"	"swim bladder inflation"	0.00923995615755403	1	"GOStats"	"enrichment"
"MV"	"GO:0048799"	"animal organ maturation"	0.00352602295798992	1	"GOStats"	"enrichment"
"MV"	"GO:0048844"	"artery morphogenesis"	0.00579467984508483	1	"GOStats"	"enrichment"
"MV"	"GO:0048852"	"diencephalon morphogenesis"	0.0094075732441573	1	"GOStats"	"enrichment"
"MV"	"GO:0048855"	"adenohypophysis morphogenesis"	0.0094075732441573	1	"GOStats"	"enrichment"
"MV"	"GO:0048872"	"homeostasis of number of cells"	0.00341625459985063	1	"GOStats"	"enrichment"
"MV"	"GO:0050768"	"negative regulation of neurogenesis"	0.00848249129041594	1	"GOStats"	"enrichment"
"MV"	"GO:0050790"	"regulation of catalytic activity"	0.00110325000759173	1	"GOStats"	"enrichment"
"MV"	"GO:0050807"	"regulation of synapse organization"	0.00655269046122932	1	"GOStats"	"enrichment"
"MV"	"GO:0050920"	"regulation of chemotaxis"	0.00640246560194833	1	"GOStats"	"enrichment"
"MV"	"GO:0051093"	"negative regulation of developmental process"	0.00740039612268173	1	"GOStats"	"enrichment"
"MV"	"GO:0051095"	"regulation of helicase activity"	0.0092612446758292	1	"GOStats"	"enrichment"
"MV"	"GO:0051125"	"regulation of actin nucleation"	0.00784093245894879	1	"GOStats"	"enrichment"
"MV"	"GO:0051171"	"regulation of nitrogen compound metabolic process"	0.00758929314777923	1	"GOStats"	"enrichment"
"MV"	"GO:0051173"	"positive regulation of nitrogen compound metabolic process"	0.00455841209176026	1	"GOStats"	"enrichment"
"MV"	"GO:0051179"	"localization"	0.00272050227119264	1	"GOStats"	"enrichment"
"MV"	"GO:0051205"	"protein insertion into membrane"	0.00379143583563221	1	"GOStats"	"enrichment"
"MV"	"GO:0051216"	"cartilage development"	0.0034141470018203	1	"GOStats"	"enrichment"
"MV"	"GO:0051252"	"regulation of RNA metabolic process"	0.00257687937125476	1	"GOStats"	"enrichment"
"MV"	"GO:0051254"	"positive regulation of RNA metabolic process"	0.00637567953836424	1	"GOStats"	"enrichment"
"MV"	"GO:0051272"	"positive regulation of cellular component movement"	5.52839243366928e-05	1	"GOStats"	"enrichment"
"MV"	"GO:0051339"	"regulation of lyase activity"	0.0094075732441573	1	"GOStats"	"enrichment"
"MV"	"GO:0051346"	"negative regulation of hydrolase activity"	0.00429667744225321	2	"GOStats"	"enrichment"
"MV"	"GO:0051347"	"positive regulation of transferase activity"	0.00881131869990958	1	"GOStats"	"enrichment"
"MV"	"GO:0051494"	"negative regulation of cytoskeleton organization"	0.00624392950411679	1	"GOStats"	"enrichment"
"MV"	"GO:0051568"	"histone H3-K4 methylation"	0.0036489644679955	1	"GOStats"	"enrichment"
"MV"	"GO:0051641"	"cellular localization"	0.00736125276264896	1	"GOStats"	"enrichment"
"MV"	"GO:0051725"	"protein de-ADP-ribosylation"	0.00917204740528255	1	"GOStats"	"enrichment"
"MV"	"GO:0051898"	"negative regulation of protein kinase B signaling"	0.00923995615755403	1	"GOStats"	"enrichment"
"MV"	"GO:0051973"	"positive regulation of telomerase activity"	0.00920313884657509	1	"GOStats"	"enrichment"
"MV"	"GO:0052547"	"regulation of peptidase activity"	0.00273989714410071	1	"GOStats"	"enrichment"
"MV"	"GO:0055113"	"epiboly involved in gastrulation with mouth forming second"	0.00699923637492252	2	"GOStats"	"enrichment"
"MV"	"GO:0060026"	"convergent extension"	0.00274552978222417	1	"GOStats"	"enrichment"
"MV"	"GO:0060030"	"dorsal convergence"	0.00418071366258909	1	"GOStats"	"enrichment"
"MV"	"GO:0060118"	"vestibular receptor cell development"	0.0092612446758292	1	"GOStats"	"enrichment"
"MV"	"GO:0060192"	"negative regulation of lipase activity"	0.00198879936934649	1	"GOStats"	"enrichment"
"MV"	"GO:0060215"	"primitive hemopoiesis"	0.00795469834547859	1	"GOStats"	"enrichment"
"MV"	"GO:0060319"	"primitive erythrocyte differentiation"	0.00381287042121195	1	"GOStats"	"enrichment"
"MV"	"GO:0060322"	"head development"	0.00625854284907541	1	"GOStats"	"enrichment"
"MV"	"GO:0060560"	"developmental growth involved in morphogenesis"	0.00706584456756792	1	"GOStats"	"enrichment"
"MV"	"GO:0060842"	"arterial endothelial cell differentiation"	0.00923995615755403	1	"GOStats"	"enrichment"
"MV"	"GO:0060900"	"embryonic camera-type eye formation"	0.00099014104044536	1	"GOStats"	"enrichment"
"MV"	"GO:0060968"	"regulation of gene silencing"	0.0045851168913172	1	"GOStats"	"enrichment"
"MV"	"GO:0061014"	"positive regulation of mRNA catabolic process"	0.00659251494414381	1	"GOStats"	"enrichment"
"MV"	"GO:0061024"	"membrane organization"	0.00978876323885202	1	"GOStats"	"enrichment"
"MV"	"GO:0061053"	"somite development"	0.00363689882011153	1	"GOStats"	"enrichment"
"MV"	"GO:0061386"	"closure of optic fissure"	0.00220993245519513	1	"GOStats"	"enrichment"
"MV"	"GO:0062014"	"negative regulation of small molecule metabolic process"	0.00517299017808785	1	"GOStats"	"enrichment"
"MV"	"GO:0070098"	"chemokine-mediated signaling pathway"	0.00840093858678149	1	"GOStats"	"enrichment"
"MV"	"GO:0070198"	"protein localization to chromosome, telomeric region"	0.00802225385718866	1	"GOStats"	"enrichment"
"MV"	"GO:0070650"	"actin filament bundle distribution"	0.0092612446758292	1	"GOStats"	"enrichment"
"MV"	"GO:0070727"	"cellular macromolecule localization"	0.00356500442080688	1	"GOStats"	"enrichment"
"MV"	"GO:0070830"	"bicellular tight junction assembly"	0.0054873483515114	1	"GOStats"	"enrichment"
"MV"	"GO:0070848"	"response to growth factor"	0.00327136029561113	1	"GOStats"	"enrichment"
"MV"	"GO:0070988"	"demethylation"	0.00942947346837626	1	"GOStats"	"enrichment"
"MV"	"GO:0071265"	"L-methionine biosynthetic process"	0.00967478778680165	1	"GOStats"	"enrichment"
"MV"	"GO:0071385"	"cellular response to glucocorticoid stimulus"	0.00599432244805706	1	"GOStats"	"enrichment"
"MV"	"GO:0071599"	"otic vesicle development"	0.00924772343552947	1	"GOStats"	"enrichment"
"MV"	"GO:0071702"	"organic substance transport"	0.00643980811631106	1	"GOStats"	"enrichment"
"MV"	"GO:0071704"	"organic substance metabolic process"	0.00665423554276244	2	"GOStats"	"enrichment"
"MV"	"GO:0071772"	"response to BMP"	0.00419133724856204	1	"GOStats"	"enrichment"
"MV"	"GO:0071840"	"cellular component organization or biogenesis"	0.006789781766764	1	"GOStats"	"enrichment"
"MV"	"GO:0071907"	"determination of digestive tract left/right asymmetry"	0.0051171701219671	1	"GOStats"	"enrichment"
"MV"	"GO:0072337"	"modified amino acid transport"	0.00876214740875797	1	"GOStats"	"enrichment"
"MV"	"GO:0072595"	"maintenance of protein localization in organelle"	0.000551447097806956	1	"GOStats"	"enrichment"
"MV"	"GO:0072676"	"lymphocyte migration"	0.00599096133522036	1	"GOStats"	"enrichment"
"MV"	"GO:0080090"	"regulation of primary metabolic process"	0.00618586260066858	1	"GOStats"	"enrichment"
"MV"	"GO:0090085"	"regulation of protein deubiquitination"	0.00920313884657509	1	"GOStats"	"enrichment"
"MV"	"GO:0090151"	"establishment of protein localization to mitochondrial membrane"	0.00364575745667818	1	"GOStats"	"enrichment"
"MV"	"GO:0090287"	"regulation of cellular response to growth factor stimulus"	0.0033808937987934	1	"GOStats"	"enrichment"
"MV"	"GO:0090303"	"positive regulation of wound healing"	0.00826547052477761	1	"GOStats"	"enrichment"
"MV"	"GO:0090304"	"nucleic acid metabolic process"	0.00193590740917483	1	"GOStats"	"enrichment"
"MV"	"GO:0090309"	"positive regulation of DNA methylation-dependent heterochromatin assembly"	0.0092612446758292	1	"GOStats"	"enrichment"
"MV"	"GO:0090502"	"RNA phosphodiester bond hydrolysis, endonucleolytic"	0.00116346324055047	1	"GOStats"	"enrichment"
"MV"	"GO:0090596"	"sensory organ morphogenesis"	0.00764961643294504	1	"GOStats"	"enrichment"
"MV"	"GO:0097064"	"ncRNA export from nucleus"	0.00988023214858682	1	"GOStats"	"enrichment"
"MV"	"GO:0097350"	"neutrophil clearance"	0.00942248563175021	1	"GOStats"	"enrichment"
"MV"	"GO:0097475"	"motor neuron migration"	0.00802225385718866	1	"GOStats"	"enrichment"
"MV"	"GO:0097659"	"nucleic acid-templated transcription"	0.00519501372748713	1	"GOStats"	"enrichment"
"MV"	"GO:0098732"	"macromolecule deacylation"	0.00371410714331098	1	"GOStats"	"enrichment"
"MV"	"GO:0099645"	"neurotransmitter receptor localization to postsynaptic specialization membrane"	0.00526950428067404	1	"GOStats"	"enrichment"
"MV"	"GO:0120032"	"regulation of plasma membrane bounded cell projection assembly"	0.000241883749576716	1	"GOStats"	"enrichment"
"MV"	"GO:0120193"	"tight junction organization"	0.0054873483515114	1	"GOStats"	"enrichment"
"MV"	"GO:0120263"	"positive regulation of heterochromatin organization"	0.0092612446758292	1	"GOStats"	"enrichment"
"MV"	"GO:0140291"	"peptidyl-glutamate ADP-deribosylation"	0.00920313884657509	1	"GOStats"	"enrichment"
"MV"	"GO:0150063"	"visual system development"	0.00714096315454604	1	"GOStats"	"enrichment"
"MV"	"GO:1900076"	"regulation of cellular response to insulin stimulus"	0.00731491376032543	1	"GOStats"	"enrichment"
"MV"	"GO:1900138"	"negative regulation of phospholipase A2 activity"	0.00942248563175021	1	"GOStats"	"enrichment"
"MV"	"GO:1900746"	"regulation of vascular endothelial growth factor signaling pathway"	0.00743106966624949	1	"GOStats"	"enrichment"
"MV"	"GO:1901021"	"positive regulation of calcium ion transmembrane transporter activity"	0.0098368708656824	1	"GOStats"	"enrichment"
"MV"	"GO:1901360"	"organic cyclic compound metabolic process"	0.00332950101302508	2	"GOStats"	"enrichment"
"MV"	"GO:1901576"	"organic substance biosynthetic process"	0.00656844927699581	2	"GOStats"	"enrichment"
"MV"	"GO:1901888"	"regulation of cell junction assembly"	0.00439715497537023	1	"GOStats"	"enrichment"
"MV"	"GO:1901983"	"regulation of protein acetylation"	0.00223358637235245	1	"GOStats"	"enrichment"
"MV"	"GO:1902117"	"positive regulation of organelle assembly"	0.00578198691393895	1	"GOStats"	"enrichment"
"MV"	"GO:1902229"	"regulation of intrinsic apoptotic signaling pathway in response to DNA damage"	0.00920313884657509	1	"GOStats"	"enrichment"
"MV"	"GO:1902683"	"regulation of receptor localization to synapse"	0.0098368708656824	1	"GOStats"	"enrichment"
"MV"	"GO:1903008"	"organelle disassembly"	0.00597404604428346	1	"GOStats"	"enrichment"
"MV"	"GO:1903131"	"mononuclear cell differentiation"	0.00644687011776816	1	"GOStats"	"enrichment"
"MV"	"GO:1903506"	"regulation of nucleic acid-templated transcription"	0.00270360048325181	1	"GOStats"	"enrichment"
"MV"	"GO:1903706"	"regulation of hemopoiesis"	0.00933870359386836	1	"GOStats"	"enrichment"
"MV"	"GO:1903708"	"positive regulation of hemopoiesis"	0.00666405082088082	1	"GOStats"	"enrichment"
"MV"	"GO:1905269"	"positive regulation of chromatin organization"	0.00708499394543845	1	"GOStats"	"enrichment"
"MV"	"GO:1905515"	"non-motile cilium assembly"	0.00826627703328785	1	"GOStats"	"enrichment"
"MV"	"GO:1990868"	"response to chemokine"	0.00535919213587977	1	"GOStats"	"enrichment"
"MV"	"GO:2000114"	"regulation of establishment of cell polarity"	0.0092612446758292	1	"GOStats"	"enrichment"
"MV"	"GO:2000134"	"negative regulation of G1/S transition of mitotic cell cycle"	0.00271439420395667	1	"GOStats"	"enrichment"
"MV"	"GO:2000278"	"regulation of DNA biosynthetic process"	0.00115836088641792	1	"GOStats"	"enrichment"
"MV"	"GO:2000583"	"regulation of platelet-derived growth factor receptor-alpha signaling pathway"	0.00942248563175021	1	"GOStats"	"enrichment"
"MV"	"GO:2000758"	"positive regulation of peptidyl-lysine acetylation"	0.00800409363881057	2	"GOStats"	"enrichment"
"MV"	"GO:2000779"	"regulation of double-strand break repair"	0.00216428628647041	1	"GOStats"	"enrichment"
"MV"	"GO:2001020"	"regulation of response to DNA damage stimulus"	0.00292666857818113	1	"GOStats"	"enrichment"
"MV"	"GO:2001141"	"regulation of RNA biosynthetic process"	0.00382255771725011	1	"GOStats"	"enrichment"
"MV"	"GO:2001233"	"regulation of apoptotic signaling pathway"	0.00137140243013561	1	"GOStats"	"enrichment"
"MV"	"GO:2001252"	"positive regulation of chromosome organization"	0.00596152130167434	1	"GOStats"	"enrichment"
"MV"	"GO:2001279"	"regulation of unsaturated fatty acid biosynthetic process"	0.00942248563175021	1	"GOStats"	"enrichment"
"HV"	"GO:0000003"	"reproduction"	0.00143974492551327	4	"GOStats"	"enrichment"
"HV"	"GO:0000041"	"transition metal ion transport"	0.00317362612856263	2	"GOStats"	"enrichment"
"HV"	"GO:0000045"	"autophagosome assembly"	0.0033664248053146	1	"GOStats"	"enrichment"
"HV"	"GO:0000070"	"mitotic sister chromatid segregation"	0.00859420195414278	1	"GOStats"	"enrichment"
"HV"	"GO:0000079"	"regulation of cyclin-dependent protein serine/threonine kinase activity"	0.00370947532413639	2	"GOStats"	"enrichment"
"HV"	"GO:0000103"	"sulfate assimilation"	0.00460019795099169	1	"GOStats"	"enrichment"
"HV"	"GO:0000154"	"rRNA modification"	0.00840083203018259	1	"GOStats"	"enrichment"
"HV"	"GO:0000184"	"nuclear-transcribed mRNA catabolic process, nonsense-mediated decay"	0.00384316796854023	1	"GOStats"	"enrichment"
"HV"	"GO:0000185"	"activation of MAPKKK activity"	0.00733737904334002	3	"GOStats"	"enrichment"
"HV"	"GO:0000255"	"allantoin metabolic process"	0.00545094092139729	1	"GOStats"	"enrichment"
"HV"	"GO:0000278"	"mitotic cell cycle"	1.10814682346682e-05	3	"GOStats"	"enrichment"
"HV"	"GO:0000280"	"nuclear division"	2.64436517245679e-06	1	"GOStats"	"enrichment"
"HV"	"GO:0000281"	"mitotic cytokinesis"	0.00160343303606276	1	"GOStats"	"enrichment"
"HV"	"GO:0000289"	"nuclear-transcribed mRNA poly(A) tail shortening"	0.00723245708784849	1	"GOStats"	"enrichment"
"HV"	"GO:0000375"	"RNA splicing, via transesterification reactions"	0.000112903561547562	1	"GOStats"	"enrichment"
"HV"	"GO:0000381"	"regulation of alternative mRNA splicing, via spliceosome"	0.00433150044050814	1	"GOStats"	"enrichment"
"HV"	"GO:0000398"	"mRNA splicing, via spliceosome"	0.000112903561547562	1	"GOStats"	"enrichment"
"HV"	"GO:0000422"	"autophagy of mitochondrion"	0.00634432594484923	1	"GOStats"	"enrichment"
"HV"	"GO:0000462"	"maturation of SSU-rRNA from tricistronic rRNA transcript (SSU-rRNA, 5.8S rRNA, LSU-rRNA)"	0.00375732315309538	1	"GOStats"	"enrichment"
"HV"	"GO:0000727"	"double-strand break repair via break-induced replication"	0.00601294257554156	4	"GOStats"	"enrichment"
"HV"	"GO:0000819"	"sister chromatid segregation"	0.00413822358921294	1	"GOStats"	"enrichment"
"HV"	"GO:0001501"	"skeletal system development"	0.0010757665274034	1	"GOStats"	"enrichment"
"HV"	"GO:0001508"	"action potential"	0.00401852769069718	1	"GOStats"	"enrichment"
"HV"	"GO:0001568"	"blood vessel development"	0.00717047888220966	1	"GOStats"	"enrichment"
"HV"	"GO:0001570"	"vasculogenesis"	0.00901828228781485	1	"GOStats"	"enrichment"
"HV"	"GO:0001573"	"ganglioside metabolic process"	0.000808536362699389	1	"GOStats"	"enrichment"
"HV"	"GO:0001654"	"eye development"	0.00264205106061204	1	"GOStats"	"enrichment"
"HV"	"GO:0001666"	"response to hypoxia"	0.00210090788043702	1	"GOStats"	"enrichment"
"HV"	"GO:0001667"	"ameboidal-type cell migration"	0.00953471522470413	1	"GOStats"	"enrichment"
"HV"	"GO:0001678"	"cellular glucose homeostasis"	0.00827378534433411	1	"GOStats"	"enrichment"
"HV"	"GO:0001704"	"formation of primary germ layer"	0.00184485048167434	1	"GOStats"	"enrichment"
"HV"	"GO:0001706"	"endoderm formation"	0.000978781243997465	1	"GOStats"	"enrichment"
"HV"	"GO:0001708"	"cell fate specification"	0.00328427970812978	1	"GOStats"	"enrichment"
"HV"	"GO:0001711"	"endodermal cell fate commitment"	0.00336777839170269	1	"GOStats"	"enrichment"
"HV"	"GO:0001755"	"neural crest cell migration"	0.00935545361196504	1	"GOStats"	"enrichment"
"HV"	"GO:0001756"	"somitogenesis"	0.00564103498401761	1	"GOStats"	"enrichment"
"HV"	"GO:0001775"	"cell activation"	0.00802237462328452	2	"GOStats"	"enrichment"
"HV"	"GO:0001816"	"cytokine production"	0.00768272460539251	1	"GOStats"	"enrichment"
"HV"	"GO:0001817"	"regulation of cytokine production"	0.00656520051736386	1	"GOStats"	"enrichment"
"HV"	"GO:0001819"	"positive regulation of cytokine production"	0.00659885728775347	1	"GOStats"	"enrichment"
"HV"	"GO:0001867"	"complement activation, lectin pathway"	0.00243302232405374	4	"GOStats"	"enrichment"
"HV"	"GO:0001878"	"response to yeast"	0.00362898336235357	2	"GOStats"	"enrichment"
"HV"	"GO:0001932"	"regulation of protein phosphorylation"	0.00896422608335419	1	"GOStats"	"enrichment"
"HV"	"GO:0001934"	"positive regulation of protein phosphorylation"	0.00800020302100872	1	"GOStats"	"enrichment"
"HV"	"GO:0001936"	"regulation of endothelial cell proliferation"	0.00970863888340731	1	"GOStats"	"enrichment"
"HV"	"GO:0001937"	"negative regulation of endothelial cell proliferation"	0.00349184580880703	1	"GOStats"	"enrichment"
"HV"	"GO:0001944"	"vasculature development"	0.00543204976499472	2	"GOStats"	"enrichment"
"HV"	"GO:0001993"	"regulation of systemic arterial blood pressure by norepinephrine-epinephrine"	0.00552489408062104	1	"GOStats"	"enrichment"
"HV"	"GO:0002027"	"regulation of heart rate"	0.00227975762709517	1	"GOStats"	"enrichment"
"HV"	"GO:0002029"	"desensitization of G protein-coupled receptor signaling pathway"	0.00188984885903438	1	"GOStats"	"enrichment"
"HV"	"GO:0002043"	"blood vessel endothelial cell proliferation involved in sprouting angiogenesis"	0.00252649789461305	1	"GOStats"	"enrichment"
"HV"	"GO:0002065"	"columnar/cuboidal epithelial cell differentiation"	0.00887549549505739	1	"GOStats"	"enrichment"
"HV"	"GO:0002067"	"glandular epithelial cell differentiation"	0.00861308775815275	1	"GOStats"	"enrichment"
"HV"	"GO:0002088"	"lens development in camera-type eye"	0.00666069361446103	2	"GOStats"	"enrichment"
"HV"	"GO:0002237"	"response to molecule of bacterial origin"	0.00174839427046406	2	"GOStats"	"enrichment"
"HV"	"GO:0002250"	"adaptive immune response"	0.00171334228231042	1	"GOStats"	"enrichment"
"HV"	"GO:0002252"	"immune effector process"	0.00372480908785996	2	"GOStats"	"enrichment"
"HV"	"GO:0002253"	"activation of immune response"	0.00364378235421933	3	"GOStats"	"enrichment"
"HV"	"GO:0002429"	"immune response-activating cell surface receptor signaling pathway"	0.00522973796722023	1	"GOStats"	"enrichment"
"HV"	"GO:0002449"	"lymphocyte mediated immunity"	0.00525366473873324	2	"GOStats"	"enrichment"
"HV"	"GO:0002460"	"adaptive immune response based on somatic recombination of immune receptors built from immunoglobulin superfamily domains"	0.00357012246038663	2	"GOStats"	"enrichment"
"HV"	"GO:0002521"	"leukocyte differentiation"	0.0044734420468062	1	"GOStats"	"enrichment"
"HV"	"GO:0002523"	"leukocyte migration involved in inflammatory response"	0.00537815238806855	1	"GOStats"	"enrichment"
"HV"	"GO:0002544"	"chronic inflammatory response"	0.00525864357230814	1	"GOStats"	"enrichment"
"HV"	"GO:0002548"	"monocyte chemotaxis"	0.00174349888788923	9	"GOStats"	"enrichment"
"HV"	"GO:0002631"	"regulation of granuloma formation"	0.00525864357230814	1	"GOStats"	"enrichment"
"HV"	"GO:0002682"	"regulation of immune system process"	0.00239579978711988	7	"GOStats"	"enrichment"
"HV"	"GO:0002683"	"negative regulation of immune system process"	0.00513513144203849	3	"GOStats"	"enrichment"
"HV"	"GO:0002684"	"positive regulation of immune system process"	0.00326443754247689	3	"GOStats"	"enrichment"
"HV"	"GO:0002687"	"positive regulation of leukocyte migration"	0.0062185963933203	1	"GOStats"	"enrichment"
"HV"	"GO:0002694"	"regulation of leukocyte activation"	0.00178376226180505	1	"GOStats"	"enrichment"
"HV"	"GO:0002698"	"negative regulation of immune effector process"	0.00576495404500196	1	"GOStats"	"enrichment"
"HV"	"GO:0002699"	"positive regulation of immune effector process"	0.00456004045553893	2	"GOStats"	"enrichment"
"HV"	"GO:0002700"	"regulation of production of molecular mediator of immune response"	0.000754821904691162	1	"GOStats"	"enrichment"
"HV"	"GO:0002720"	"positive regulation of cytokine production involved in immune response"	0.00662726556785079	1	"GOStats"	"enrichment"
"HV"	"GO:0002825"	"regulation of T-helper 1 type immune response"	0.00537815238806855	1	"GOStats"	"enrichment"
"HV"	"GO:0002828"	"regulation of type 2 immune response"	0.00537815238806855	1	"GOStats"	"enrichment"
"HV"	"GO:0002934"	"desmosome organization"	0.00457286239082085	5	"GOStats"	"enrichment"
"HV"	"GO:0003006"	"developmental process involved in reproduction"	0.00223664174485594	4	"GOStats"	"enrichment"
"HV"	"GO:0003008"	"system process"	0.00245222773275546	4	"GOStats"	"enrichment"
"HV"	"GO:0003009"	"skeletal muscle contraction"	0.000281592876106107	10	"GOStats"	"enrichment"
"HV"	"GO:0003010"	"voluntary skeletal muscle contraction"	0.00112276323479389	1	"GOStats"	"enrichment"
"HV"	"GO:0003012"	"muscle system process"	4.81345170203259e-05	1	"GOStats"	"enrichment"
"HV"	"GO:0003013"	"circulatory system process"	0.00353722642049941	1	"GOStats"	"enrichment"
"HV"	"GO:0003015"	"heart process"	0.00285917803801732	8	"GOStats"	"enrichment"
"HV"	"GO:0003018"	"vascular process in circulatory system"	0.00461318254780487	2	"GOStats"	"enrichment"
"HV"	"GO:0003073"	"regulation of systemic arterial blood pressure"	0.00303639074034059	1	"GOStats"	"enrichment"
"HV"	"GO:0003309"	"type B pancreatic cell differentiation"	0.00861308775815275	1	"GOStats"	"enrichment"
"HV"	"GO:0003310"	"pancreatic A cell differentiation"	0.00534339883762897	1	"GOStats"	"enrichment"
"HV"	"GO:0003313"	"heart rudiment development"	0.00401433761498034	1	"GOStats"	"enrichment"
"HV"	"GO:0003341"	"cilium movement"	0.00638194847930886	1	"GOStats"	"enrichment"
"HV"	"GO:0003365"	"establishment of cell polarity involved in ameboidal cell migration"	0.00552489408062104	1	"GOStats"	"enrichment"
"HV"	"GO:0003374"	"dynamin family protein polymerization involved in mitochondrial fission"	0.00970863888340731	1	"GOStats"	"enrichment"
"HV"	"GO:0003400"	"regulation of COPII vesicle coating"	0.00553800276209855	1	"GOStats"	"enrichment"
"HV"	"GO:0005975"	"carbohydrate metabolic process"	0.00230392210376225	3	"GOStats"	"enrichment"
"HV"	"GO:0005976"	"polysaccharide metabolic process"	0.000958119640019826	1	"GOStats"	"enrichment"
"HV"	"GO:0005979"	"regulation of glycogen biosynthetic process"	0.00309250203849501	2	"GOStats"	"enrichment"
"HV"	"GO:0006012"	"galactose metabolic process"	0.00251889376880303	1	"GOStats"	"enrichment"
"HV"	"GO:0006026"	"aminoglycan catabolic process"	0.000648133655791415	1	"GOStats"	"enrichment"
"HV"	"GO:0006066"	"alcohol metabolic process"	0.00523365862255052	1	"GOStats"	"enrichment"
"HV"	"GO:0006082"	"organic acid metabolic process"	0.00124336896704191	8	"GOStats"	"enrichment"
"HV"	"GO:0006084"	"acetyl-CoA metabolic process"	0.00539952360158178	1	"GOStats"	"enrichment"
"HV"	"GO:0006090"	"pyruvate metabolic process"	0.00242550379842786	3	"GOStats"	"enrichment"
"HV"	"GO:0006091"	"generation of precursor metabolites and energy"	0.00729679933347922	2	"GOStats"	"enrichment"
"HV"	"GO:0006096"	"glycolytic process"	0.00247502887614037	1	"GOStats"	"enrichment"
"HV"	"GO:0006109"	"regulation of carbohydrate metabolic process"	0.00295644366901819	3	"GOStats"	"enrichment"
"HV"	"GO:0006114"	"glycerol biosynthetic process"	0.00613736128694875	1	"GOStats"	"enrichment"
"HV"	"GO:0006119"	"oxidative phosphorylation"	0.00916628491529684	2	"GOStats"	"enrichment"
"HV"	"GO:0006122"	"mitochondrial electron transport, ubiquinol to cytochrome c"	0.00151107446781266	1	"GOStats"	"enrichment"
"HV"	"GO:0006123"	"mitochondrial electron transport, cytochrome c to oxygen"	0.00552489408062104	1	"GOStats"	"enrichment"
"HV"	"GO:0006139"	"nucleobase-containing compound metabolic process"	0.00115409548248497	1	"GOStats"	"enrichment"
"HV"	"GO:0006144"	"purine nucleobase metabolic process"	0.00567765164350066	2	"GOStats"	"enrichment"
"HV"	"GO:0006163"	"purine nucleotide metabolic process"	0.00297743400747912	3	"GOStats"	"enrichment"
"HV"	"GO:0006178"	"guanine salvage"	0.00613736128694875	1	"GOStats"	"enrichment"
"HV"	"GO:0006189"	"'de novo' IMP biosynthetic process"	0.00924949100191454	1	"GOStats"	"enrichment"
"HV"	"GO:0006267"	"pre-replicative complex assembly involved in nuclear cell cycle DNA replication"	0.00554314412213561	3	"GOStats"	"enrichment"
"HV"	"GO:0006305"	"DNA alkylation"	0.000162808456086483	1	"GOStats"	"enrichment"
"HV"	"GO:0006325"	"chromatin organization"	0.00216075733614925	1	"GOStats"	"enrichment"
"HV"	"GO:0006351"	"transcription, DNA-templated"	0.000792541233304315	2	"GOStats"	"enrichment"
"HV"	"GO:0006355"	"regulation of transcription, DNA-templated"	0.00251178578864276	1	"GOStats"	"enrichment"
"HV"	"GO:0006357"	"regulation of transcription by RNA polymerase II"	0.00261192361951962	4	"GOStats"	"enrichment"
"HV"	"GO:0006376"	"mRNA splice site selection"	0.0079928728158653	1	"GOStats"	"enrichment"
"HV"	"GO:0006520"	"cellular amino acid metabolic process"	0.00297246018278573	1	"GOStats"	"enrichment"
"HV"	"GO:0006559"	"L-phenylalanine catabolic process"	0.000134045637857055	1	"GOStats"	"enrichment"
"HV"	"GO:0006560"	"proline metabolic process"	0.0040896044233968	2	"GOStats"	"enrichment"
"HV"	"GO:0006562"	"proline catabolic process"	0.00286230353580267	2	"GOStats"	"enrichment"
"HV"	"GO:0006569"	"tryptophan catabolic process"	0.00401506403097025	2	"GOStats"	"enrichment"
"HV"	"GO:0006570"	"tyrosine metabolic process"	0.000862644394469428	1	"GOStats"	"enrichment"
"HV"	"GO:0006572"	"tyrosine catabolic process"	0.000529180114352092	1	"GOStats"	"enrichment"
"HV"	"GO:0006575"	"cellular modified amino acid metabolic process"	0.00100261083323784	2	"GOStats"	"enrichment"
"HV"	"GO:0006576"	"cellular biogenic amine metabolic process"	0.0075043520197803	1	"GOStats"	"enrichment"
"HV"	"GO:0006586"	"indolalkylamine metabolic process"	0.00401506403097025	2	"GOStats"	"enrichment"
"HV"	"GO:0006599"	"phosphagen metabolic process"	0.00479256224775194	1	"GOStats"	"enrichment"
"HV"	"GO:0006606"	"protein import into nucleus"	0.000324686200972784	1	"GOStats"	"enrichment"
"HV"	"GO:0006629"	"lipid metabolic process"	0.000589534544517194	5	"GOStats"	"enrichment"
"HV"	"GO:0006631"	"fatty acid metabolic process"	0.00349357928940107	4	"GOStats"	"enrichment"
"HV"	"GO:0006633"	"fatty acid biosynthetic process"	0.0049830492274651	1	"GOStats"	"enrichment"
"HV"	"GO:0006636"	"unsaturated fatty acid biosynthetic process"	0.003847121759734	2	"GOStats"	"enrichment"
"HV"	"GO:0006637"	"acyl-CoA metabolic process"	0.00123192926094653	2	"GOStats"	"enrichment"
"HV"	"GO:0006638"	"neutral lipid metabolic process"	0.00181083351172909	1	"GOStats"	"enrichment"
"HV"	"GO:0006639"	"acylglycerol metabolic process"	0.00145722146970986	1	"GOStats"	"enrichment"
"HV"	"GO:0006641"	"triglyceride metabolic process"	0.00527852295851304	2	"GOStats"	"enrichment"
"HV"	"GO:0006642"	"triglyceride mobilization"	0.00563286010478316	1	"GOStats"	"enrichment"
"HV"	"GO:0006687"	"glycosphingolipid metabolic process"	0.00302359896030117	2	"GOStats"	"enrichment"
"HV"	"GO:0006694"	"steroid biosynthetic process"	0.000480241727930431	8	"GOStats"	"enrichment"
"HV"	"GO:0006695"	"cholesterol biosynthetic process"	0.00247232804497585	9	"GOStats"	"enrichment"
"HV"	"GO:0006699"	"bile acid biosynthetic process"	0.00553800276209855	1	"GOStats"	"enrichment"
"HV"	"GO:0006700"	"C21-steroid hormone biosynthetic process"	0.00349184580880703	1	"GOStats"	"enrichment"
"HV"	"GO:0006703"	"estrogen biosynthetic process"	0.000164122644368722	1	"GOStats"	"enrichment"
"HV"	"GO:0006704"	"glucocorticoid biosynthetic process"	8.01524382508344e-05	1	"GOStats"	"enrichment"
"HV"	"GO:0006706"	"steroid catabolic process"	0.00250032014917453	1	"GOStats"	"enrichment"
"HV"	"GO:0006720"	"isoprenoid metabolic process"	0.000652369163134082	1	"GOStats"	"enrichment"
"HV"	"GO:0006721"	"terpenoid metabolic process"	0.00239430852932633	1	"GOStats"	"enrichment"
"HV"	"GO:0006729"	"tetrahydrobiopterin biosynthetic process"	0.00617790884528368	1	"GOStats"	"enrichment"
"HV"	"GO:0006730"	"one-carbon metabolic process"	0.00919788819985483	1	"GOStats"	"enrichment"
"HV"	"GO:0006749"	"glutathione metabolic process"	0.00348243994627167	3	"GOStats"	"enrichment"
"HV"	"GO:0006750"	"glutathione biosynthetic process"	0.00151107446781266	1	"GOStats"	"enrichment"
"HV"	"GO:0006751"	"glutathione catabolic process"	0.00371571887323184	1	"GOStats"	"enrichment"
"HV"	"GO:0006754"	"ATP biosynthetic process"	0.00399378426396482	1	"GOStats"	"enrichment"
"HV"	"GO:0006760"	"folic acid-containing compound metabolic process"	0.00624827245468222	1	"GOStats"	"enrichment"
"HV"	"GO:0006775"	"fat-soluble vitamin metabolic process"	0.000218623401128144	1	"GOStats"	"enrichment"
"HV"	"GO:0006790"	"sulfur compound metabolic process"	0.000908355848571903	2	"GOStats"	"enrichment"
"HV"	"GO:0006805"	"xenobiotic metabolic process"	0.00150849055150749	8	"GOStats"	"enrichment"
"HV"	"GO:0006807"	"nitrogen compound metabolic process"	0.0010711031052659	1	"GOStats"	"enrichment"
"HV"	"GO:0006809"	"nitric oxide biosynthetic process"	0.00369997815616354	3	"GOStats"	"enrichment"
"HV"	"GO:0006811"	"ion transport"	0.00471790216062914	1	"GOStats"	"enrichment"
"HV"	"GO:0006812"	"cation transport"	0.00261747843962607	7	"GOStats"	"enrichment"
"HV"	"GO:0006814"	"sodium ion transport"	0.000139552816047336	1	"GOStats"	"enrichment"
"HV"	"GO:0006825"	"copper ion transport"	0.000315707024545267	1	"GOStats"	"enrichment"
"HV"	"GO:0006826"	"iron ion transport"	0.00718352188024535	1	"GOStats"	"enrichment"
"HV"	"GO:0006828"	"manganese ion transport"	0.00553800276209855	1	"GOStats"	"enrichment"
"HV"	"GO:0006857"	"oligopeptide transport"	0.00391183657079036	1	"GOStats"	"enrichment"
"HV"	"GO:0006862"	"nucleotide transport"	0.000908369389120525	1	"GOStats"	"enrichment"
"HV"	"GO:0006865"	"amino acid transport"	0.00622767322196918	1	"GOStats"	"enrichment"
"HV"	"GO:0006869"	"lipid transport"	0.00535694536015136	5	"GOStats"	"enrichment"
"HV"	"GO:0006873"	"cellular ion homeostasis"	0.000114903150054787	1	"GOStats"	"enrichment"
"HV"	"GO:0006874"	"cellular calcium ion homeostasis"	0.00159378768163904	4	"GOStats"	"enrichment"
"HV"	"GO:0006875"	"cellular metal ion homeostasis"	0.00215635645340648	1	"GOStats"	"enrichment"
"HV"	"GO:0006880"	"intracellular sequestering of iron ion"	0.00662726556785079	1	"GOStats"	"enrichment"
"HV"	"GO:0006885"	"regulation of pH"	0.00850466728869822	1	"GOStats"	"enrichment"
"HV"	"GO:0006898"	"receptor-mediated endocytosis"	0.00455862702872594	1	"GOStats"	"enrichment"
"HV"	"GO:0006925"	"inflammatory cell apoptotic process"	0.00537815238806855	1	"GOStats"	"enrichment"
"HV"	"GO:0006935"	"chemotaxis"	0.000872505414956331	1	"GOStats"	"enrichment"
"HV"	"GO:0006936"	"muscle contraction"	0.000664188142160593	8	"GOStats"	"enrichment"
"HV"	"GO:0006937"	"regulation of muscle contraction"	0.00173180961391429	7	"GOStats"	"enrichment"
"HV"	"GO:0006942"	"regulation of striated muscle contraction"	0.0021326821739674	5	"GOStats"	"enrichment"
"HV"	"GO:0006949"	"syncytium formation"	0.00766650988168784	1	"GOStats"	"enrichment"
"HV"	"GO:0006950"	"response to stress"	0.00151671790641282	1	"GOStats"	"enrichment"
"HV"	"GO:0006952"	"defense response"	0.000197314187146051	4	"GOStats"	"enrichment"
"HV"	"GO:0006953"	"acute-phase response"	0.00551922340768818	1	"GOStats"	"enrichment"
"HV"	"GO:0006954"	"inflammatory response"	0.00114003621963009	9	"GOStats"	"enrichment"
"HV"	"GO:0006955"	"immune response"	0.000669992495901791	12	"GOStats"	"enrichment"
"HV"	"GO:0006956"	"complement activation"	0.0010136836639996	9	"GOStats"	"enrichment"
"HV"	"GO:0006958"	"complement activation, classical pathway"	0.00225746979729375	2	"GOStats"	"enrichment"
"HV"	"GO:0006959"	"humoral immune response"	0.0031699572468779	4	"GOStats"	"enrichment"
"HV"	"GO:0007028"	"cytoplasm organization"	0.000386476040869038	2	"GOStats"	"enrichment"
"HV"	"GO:0007043"	"cell-cell junction assembly"	0.00318349310184148	1	"GOStats"	"enrichment"
"HV"	"GO:0007052"	"mitotic spindle organization"	0.000563386854065452	2	"GOStats"	"enrichment"
"HV"	"GO:0007059"	"chromosome segregation"	0.00214309446802701	2	"GOStats"	"enrichment"
"HV"	"GO:0007080"	"mitotic metaphase plate congression"	0.00608729114610517	1	"GOStats"	"enrichment"
"HV"	"GO:0007093"	"mitotic cell cycle checkpoint"	0.0013144229008822	1	"GOStats"	"enrichment"
"HV"	"GO:0007127"	"meiosis I"	0.00471799028777353	1	"GOStats"	"enrichment"
"HV"	"GO:0007130"	"synaptonemal complex assembly"	0.00302186407631892	5	"GOStats"	"enrichment"
"HV"	"GO:0007154"	"cell communication"	0.00261568614610766	3	"GOStats"	"enrichment"
"HV"	"GO:0007155"	"cell adhesion"	0.00362218909144674	3	"GOStats"	"enrichment"
"HV"	"GO:0007166"	"cell surface receptor signaling pathway"	0.00670468476815497	2	"GOStats"	"enrichment"
"HV"	"GO:0007167"	"enzyme linked receptor protein signaling pathway"	0.00630156925293948	1	"GOStats"	"enrichment"
"HV"	"GO:0007186"	"G protein-coupled receptor signaling pathway"	0.00236884686351749	5	"GOStats"	"enrichment"
"HV"	"GO:0007189"	"adenylate cyclase-activating G protein-coupled receptor signaling pathway"	0.000146428444948688	1	"GOStats"	"enrichment"
"HV"	"GO:0007193"	"adenylate cyclase-inhibiting G protein-coupled receptor signaling pathway"	0.00141786140896604	1	"GOStats"	"enrichment"
"HV"	"GO:0007194"	"negative regulation of adenylate cyclase activity"	0.000126970347979704	1	"GOStats"	"enrichment"
"HV"	"GO:0007195"	"adenylate cyclase-inhibiting dopamine receptor signaling pathway"	0.000764419946660414	1	"GOStats"	"enrichment"
"HV"	"GO:0007204"	"positive regulation of cytosolic calcium ion concentration"	0.00262748712695639	7	"GOStats"	"enrichment"
"HV"	"GO:0007218"	"neuropeptide signaling pathway"	0.000400310736532143	3	"GOStats"	"enrichment"
"HV"	"GO:0007229"	"integrin-mediated signaling pathway"	0.0018907221266313	1	"GOStats"	"enrichment"
"HV"	"GO:0007259"	"receptor signaling pathway via JAK-STAT"	0.000836718820823533	3	"GOStats"	"enrichment"
"HV"	"GO:0007267"	"cell-cell signaling"	0.0029550520111826	1	"GOStats"	"enrichment"
"HV"	"GO:0007268"	"chemical synaptic transmission"	0.000619504275018128	1	"GOStats"	"enrichment"
"HV"	"GO:0007274"	"neuromuscular synaptic transmission"	0.00331421834138325	1	"GOStats"	"enrichment"
"HV"	"GO:0007275"	"multicellular organism development"	0.000110045234472737	1	"GOStats"	"enrichment"
"HV"	"GO:0007276"	"gamete generation"	2.11174535542677e-08	3	"GOStats"	"enrichment"
"HV"	"GO:0007281"	"germ cell development"	0.00152135554485347	6	"GOStats"	"enrichment"
"HV"	"GO:0007283"	"spermatogenesis"	0.000790057215307585	3	"GOStats"	"enrichment"
"HV"	"GO:0007292"	"female gamete generation"	0.00358438005727936	5	"GOStats"	"enrichment"
"HV"	"GO:0007308"	"oocyte construction"	0.00106040754763051	2	"GOStats"	"enrichment"
"HV"	"GO:0007309"	"oocyte axis specification"	0.00606396232227158	1	"GOStats"	"enrichment"
"HV"	"GO:0007314"	"oocyte anterior/posterior axis specification"	0.000386476040869038	2	"GOStats"	"enrichment"
"HV"	"GO:0007315"	"pole plasm assembly"	0.00266252948190254	1	"GOStats"	"enrichment"
"HV"	"GO:0007338"	"single fertilization"	0.00134915627853831	8	"GOStats"	"enrichment"
"HV"	"GO:0007339"	"binding of sperm to zona pellucida"	0.000768322504247167	8	"GOStats"	"enrichment"
"HV"	"GO:0007350"	"blastoderm segmentation"	0.00238261827787035	2	"GOStats"	"enrichment"
"HV"	"GO:0007351"	"tripartite regional subdivision"	0.00606396232227158	1	"GOStats"	"enrichment"
"HV"	"GO:0007417"	"central nervous system development"	0.00588357571546073	1	"GOStats"	"enrichment"
"HV"	"GO:0007420"	"brain development"	0.0094989605341057	1	"GOStats"	"enrichment"
"HV"	"GO:0007492"	"endoderm development"	0.00294414740459175	3	"GOStats"	"enrichment"
"HV"	"GO:0007517"	"muscle organ development"	0.00310935766845047	3	"GOStats"	"enrichment"
"HV"	"GO:0007519"	"skeletal muscle tissue development"	0.00126240979214682	3	"GOStats"	"enrichment"
"HV"	"GO:0007520"	"myoblast fusion"	0.0091522809469322	1	"GOStats"	"enrichment"
"HV"	"GO:0007548"	"sex differentiation"	0.00387942226570468	3	"GOStats"	"enrichment"
"HV"	"GO:0007599"	"hemostasis"	0.00320121757534267	7	"GOStats"	"enrichment"
"HV"	"GO:0007600"	"sensory perception"	0.000262345979307335	2	"GOStats"	"enrichment"
"HV"	"GO:0007601"	"visual perception"	9.29263368094299e-06	2	"GOStats"	"enrichment"
"HV"	"GO:0007602"	"phototransduction"	0.00495554519950307	2	"GOStats"	"enrichment"
"HV"	"GO:0007610"	"behavior"	0.00370366362891161	2	"GOStats"	"enrichment"
"HV"	"GO:0007631"	"feeding behavior"	0.000228584382382605	1	"GOStats"	"enrichment"
"HV"	"GO:0007632"	"visual behavior"	0.00953709784679032	1	"GOStats"	"enrichment"
"HV"	"GO:0008015"	"blood circulation"	0.00203611341762337	7	"GOStats"	"enrichment"
"HV"	"GO:0008016"	"regulation of heart contraction"	0.00400242811355326	2	"GOStats"	"enrichment"
"HV"	"GO:0008038"	"neuron recognition"	0.000143484864511422	1	"GOStats"	"enrichment"
"HV"	"GO:0008078"	"mesodermal cell migration"	0.00167604888244293	1	"GOStats"	"enrichment"
"HV"	"GO:0008202"	"steroid metabolic process"	0.00233413603950671	6	"GOStats"	"enrichment"
"HV"	"GO:0008203"	"cholesterol metabolic process"	0.00192708556883592	5	"GOStats"	"enrichment"
"HV"	"GO:0008217"	"regulation of blood pressure"	7.35075705120669e-05	1	"GOStats"	"enrichment"
"HV"	"GO:0008272"	"sulfate transport"	0.0014183565075881	1	"GOStats"	"enrichment"
"HV"	"GO:0008283"	"cell population proliferation"	0.00474824367588138	1	"GOStats"	"enrichment"
"HV"	"GO:0008285"	"negative regulation of cell population proliferation"	0.00523541446778442	2	"GOStats"	"enrichment"
"HV"	"GO:0008343"	"adult feeding behavior"	0.00479256224775194	1	"GOStats"	"enrichment"
"HV"	"GO:0008358"	"maternal determination of anterior/posterior axis, embryo"	0.00266252948190254	1	"GOStats"	"enrichment"
"HV"	"GO:0008406"	"gonad development"	0.00152651909818975	1	"GOStats"	"enrichment"
"HV"	"GO:0008543"	"fibroblast growth factor receptor signaling pathway"	0.00183538511353808	1	"GOStats"	"enrichment"
"HV"	"GO:0008544"	"epidermis development"	0.00302103849474012	2	"GOStats"	"enrichment"
"HV"	"GO:0008592"	"regulation of Toll signaling pathway"	0.00561657865674472	4	"GOStats"	"enrichment"
"HV"	"GO:0008595"	"anterior/posterior axis specification, embryo"	0.00106040754763051	2	"GOStats"	"enrichment"
"HV"	"GO:0008610"	"lipid biosynthetic process"	0.00167331247632309	2	"GOStats"	"enrichment"
"HV"	"GO:0009060"	"aerobic respiration"	0.0030518487731331	1	"GOStats"	"enrichment"
"HV"	"GO:0009063"	"cellular amino acid catabolic process"	0.00314506169777447	4	"GOStats"	"enrichment"
"HV"	"GO:0009065"	"glutamine family amino acid catabolic process"	0.000951031397139909	1	"GOStats"	"enrichment"
"HV"	"GO:0009069"	"serine family amino acid metabolic process"	0.00454627530809989	2	"GOStats"	"enrichment"
"HV"	"GO:0009072"	"aromatic amino acid family metabolic process"	0.00406596753658201	4	"GOStats"	"enrichment"
"HV"	"GO:0009074"	"aromatic amino acid family catabolic process"	0.00192127589534412	1	"GOStats"	"enrichment"
"HV"	"GO:0009143"	"nucleoside triphosphate catabolic process"	0.00613538056025474	1	"GOStats"	"enrichment"
"HV"	"GO:0009144"	"purine nucleoside triphosphate metabolic process"	0.00643178184366536	1	"GOStats"	"enrichment"
"HV"	"GO:0009154"	"purine ribonucleotide catabolic process"	0.00970863888340731	1	"GOStats"	"enrichment"
"HV"	"GO:0009201"	"ribonucleoside triphosphate biosynthetic process"	0.00668173576277167	1	"GOStats"	"enrichment"
"HV"	"GO:0009240"	"isopentenyl diphosphate biosynthetic process"	0.00534339883762897	1	"GOStats"	"enrichment"
"HV"	"GO:0009250"	"glucan biosynthetic process"	0.00411115635215015	1	"GOStats"	"enrichment"
"HV"	"GO:0009259"	"ribonucleotide metabolic process"	0.00107635615437503	2	"GOStats"	"enrichment"
"HV"	"GO:0009260"	"ribonucleotide biosynthetic process"	0.00998216697079023	1	"GOStats"	"enrichment"
"HV"	"GO:0009266"	"response to temperature stimulus"	0.00427858605401253	1	"GOStats"	"enrichment"
"HV"	"GO:0009267"	"cellular response to starvation"	0.00759291372605974	1	"GOStats"	"enrichment"
"HV"	"GO:0009308"	"amine metabolic process"	0.00976394666143858	1	"GOStats"	"enrichment"
"HV"	"GO:0009314"	"response to radiation"	0.00269379431726353	1	"GOStats"	"enrichment"
"HV"	"GO:0009408"	"response to heat"	0.00177447225346964	1	"GOStats"	"enrichment"
"HV"	"GO:0009409"	"response to cold"	0.00585025346960417	5	"GOStats"	"enrichment"
"HV"	"GO:0009410"	"response to xenobiotic stimulus"	0.00283942708534885	8	"GOStats"	"enrichment"
"HV"	"GO:0009605"	"response to external stimulus"	0.00193451554654428	5	"GOStats"	"enrichment"
"HV"	"GO:0009607"	"response to biotic stimulus"	7.60770299559578e-05	5	"GOStats"	"enrichment"
"HV"	"GO:0009611"	"response to wounding"	0.00268337131760089	4	"GOStats"	"enrichment"
"HV"	"GO:0009615"	"response to virus"	0.00281888611687193	5	"GOStats"	"enrichment"
"HV"	"GO:0009617"	"response to bacterium"	0.00235759492834105	11	"GOStats"	"enrichment"
"HV"	"GO:0009628"	"response to abiotic stimulus"	0.00177883388354476	2	"GOStats"	"enrichment"
"HV"	"GO:0009712"	"catechol-containing compound metabolic process"	0.000344144214982156	1	"GOStats"	"enrichment"
"HV"	"GO:0009719"	"response to endogenous stimulus"	0.00204588837963395	1	"GOStats"	"enrichment"
"HV"	"GO:0009725"	"response to hormone"	0.00190535505423882	10	"GOStats"	"enrichment"
"HV"	"GO:0009790"	"embryo development"	0.00593154306737147	2	"GOStats"	"enrichment"
"HV"	"GO:0009798"	"axis specification"	0.001672125918181	2	"GOStats"	"enrichment"
"HV"	"GO:0009887"	"animal organ morphogenesis"	0.00969456627223482	1	"GOStats"	"enrichment"
"HV"	"GO:0009888"	"tissue development"	0.00429261524529947	2	"GOStats"	"enrichment"
"HV"	"GO:0009889"	"regulation of biosynthetic process"	0.000412570000934443	3	"GOStats"	"enrichment"
"HV"	"GO:0009914"	"hormone transport"	0.00172845549954432	1	"GOStats"	"enrichment"
"HV"	"GO:0009950"	"dorsal/ventral axis specification"	0.00319985491490047	1	"GOStats"	"enrichment"
"HV"	"GO:0009957"	"epidermal cell fate specification"	0.00371571887323184	1	"GOStats"	"enrichment"
"HV"	"GO:0009967"	"positive regulation of signal transduction"	0.00926745662470265	1	"GOStats"	"enrichment"
"HV"	"GO:0009988"	"cell-cell recognition"	0.000347915500480125	8	"GOStats"	"enrichment"
"HV"	"GO:0009991"	"response to extracellular stimulus"	0.0018449444786086	1	"GOStats"	"enrichment"
"HV"	"GO:0009994"	"oocyte differentiation"	0.000281665855563418	1	"GOStats"	"enrichment"
"HV"	"GO:0010002"	"cardioblast differentiation"	0.00232529081875712	1	"GOStats"	"enrichment"
"HV"	"GO:0010033"	"response to organic substance"	0.00398069312466683	1	"GOStats"	"enrichment"
"HV"	"GO:0010039"	"response to iron ion"	0.00553800276209855	1	"GOStats"	"enrichment"
"HV"	"GO:0010133"	"proline catabolic process to glutamate"	0.00538712990047527	2	"GOStats"	"enrichment"
"HV"	"GO:0010171"	"body morphogenesis"	0.0078379774543549	1	"GOStats"	"enrichment"
"HV"	"GO:0010430"	"fatty acid omega-oxidation"	0.00534359898012464	2	"GOStats"	"enrichment"
"HV"	"GO:0010466"	"negative regulation of peptidase activity"	0.00263445365672518	7	"GOStats"	"enrichment"
"HV"	"GO:0010467"	"gene expression"	0.00146155720153725	1	"GOStats"	"enrichment"
"HV"	"GO:0010468"	"regulation of gene expression"	1.76664325736998e-06	1	"GOStats"	"enrichment"
"HV"	"GO:0010469"	"regulation of signaling receptor activity"	0.00665058948437838	1	"GOStats"	"enrichment"
"HV"	"GO:0010522"	"regulation of calcium ion transport into cytosol"	0.00105273431194195	4	"GOStats"	"enrichment"
"HV"	"GO:0010595"	"positive regulation of endothelial cell migration"	0.00317285447201151	1	"GOStats"	"enrichment"
"HV"	"GO:0010603"	"regulation of cytoplasmic mRNA processing body assembly"	0.00486712199598522	1	"GOStats"	"enrichment"
"HV"	"GO:0010628"	"positive regulation of gene expression"	0.00289919856710558	2	"GOStats"	"enrichment"
"HV"	"GO:0010629"	"negative regulation of gene expression"	0.002446359505298	1	"GOStats"	"enrichment"
"HV"	"GO:0010632"	"regulation of epithelial cell migration"	0.00708883823644266	2	"GOStats"	"enrichment"
"HV"	"GO:0010817"	"regulation of hormone levels"	0.00549128900218595	3	"GOStats"	"enrichment"
"HV"	"GO:0010862"	"positive regulation of pathway-restricted SMAD protein phosphorylation"	0.0074175734001731	1	"GOStats"	"enrichment"
"HV"	"GO:0010876"	"lipid localization"	0.00732355933148231	1	"GOStats"	"enrichment"
"HV"	"GO:0010880"	"regulation of release of sequestered calcium ion into cytosol by sarcoplasmic reticulum"	0.00285469805959693	5	"GOStats"	"enrichment"
"HV"	"GO:0010882"	"regulation of cardiac muscle contraction by calcium ion signaling"	0.00530360531374066	4	"GOStats"	"enrichment"
"HV"	"GO:0010906"	"regulation of glucose metabolic process"	0.00238977949252047	3	"GOStats"	"enrichment"
"HV"	"GO:0010927"	"cellular component assembly involved in morphogenesis"	0.00376165477080412	5	"GOStats"	"enrichment"
"HV"	"GO:0010951"	"negative regulation of endopeptidase activity"	0.000755637141446946	10	"GOStats"	"enrichment"
"HV"	"GO:0010959"	"regulation of metal ion transport"	0.00903138818754401	1	"GOStats"	"enrichment"
"HV"	"GO:0010972"	"negative regulation of G2/M transition of mitotic cell cycle"	0.00306012593649715	1	"GOStats"	"enrichment"
"HV"	"GO:0014032"	"neural crest cell development"	0.00927086290654097	1	"GOStats"	"enrichment"
"HV"	"GO:0014706"	"striated muscle tissue development"	0.00576238896628277	4	"GOStats"	"enrichment"
"HV"	"GO:0014819"	"regulation of skeletal muscle contraction"	0.00382421787738071	2	"GOStats"	"enrichment"
"HV"	"GO:0014823"	"response to activity"	0.00273620590172962	3	"GOStats"	"enrichment"
"HV"	"GO:0014902"	"myotube differentiation"	0.0044073294350734	3	"GOStats"	"enrichment"
"HV"	"GO:0015669"	"gas transport"	0.00576495404500196	1	"GOStats"	"enrichment"
"HV"	"GO:0015670"	"carbon dioxide transport"	0.00613736128694875	1	"GOStats"	"enrichment"
"HV"	"GO:0015671"	"oxygen transport"	0.000397747526204305	2	"GOStats"	"enrichment"
"HV"	"GO:0015696"	"ammonium transport"	0.00813849270040432	1	"GOStats"	"enrichment"
"HV"	"GO:0015701"	"bicarbonate transport"	0.00455853808487397	1	"GOStats"	"enrichment"
"HV"	"GO:0015711"	"organic anion transport"	0.00520557188245522	3	"GOStats"	"enrichment"
"HV"	"GO:0015718"	"monocarboxylic acid transport"	0.000977650991403366	6	"GOStats"	"enrichment"
"HV"	"GO:0015746"	"citrate transport"	0.00371571887323184	1	"GOStats"	"enrichment"
"HV"	"GO:0015749"	"monosaccharide transmembrane transport"	0.00826354967397876	1	"GOStats"	"enrichment"
"HV"	"GO:0015804"	"neutral amino acid transport"	0.00449432684869998	1	"GOStats"	"enrichment"
"HV"	"GO:0015849"	"organic acid transport"	0.000503622201203514	4	"GOStats"	"enrichment"
"HV"	"GO:0015850"	"organic hydroxy compound transport"	0.0062497621060152	1	"GOStats"	"enrichment"
"HV"	"GO:0015908"	"fatty acid transport"	0.00757197682397991	2	"GOStats"	"enrichment"
"HV"	"GO:0015909"	"long-chain fatty acid transport"	0.00861308775815275	1	"GOStats"	"enrichment"
"HV"	"GO:0015980"	"energy derivation by oxidation of organic compounds"	0.000463418781113332	1	"GOStats"	"enrichment"
"HV"	"GO:0015986"	"ATP synthesis coupled proton transport"	0.00352427413424773	2	"GOStats"	"enrichment"
"HV"	"GO:0016042"	"lipid catabolic process"	0.00640889342844626	1	"GOStats"	"enrichment"
"HV"	"GO:0016051"	"carbohydrate biosynthetic process"	0.00115437774528973	1	"GOStats"	"enrichment"
"HV"	"GO:0016052"	"carbohydrate catabolic process"	0.00229867519073458	1	"GOStats"	"enrichment"
"HV"	"GO:0016064"	"immunoglobulin mediated immune response"	0.00609999677292587	2	"GOStats"	"enrichment"
"HV"	"GO:0016070"	"RNA metabolic process"	0.0013876130330138	1	"GOStats"	"enrichment"
"HV"	"GO:0016071"	"mRNA metabolic process"	0.000662556402430193	2	"GOStats"	"enrichment"
"HV"	"GO:0016072"	"rRNA metabolic process"	0.00180715901541381	1	"GOStats"	"enrichment"
"HV"	"GO:0016114"	"terpenoid biosynthetic process"	0.00608729114610517	1	"GOStats"	"enrichment"
"HV"	"GO:0016125"	"sterol metabolic process"	0.00300486005409943	4	"GOStats"	"enrichment"
"HV"	"GO:0016126"	"sterol biosynthetic process"	0.00143144396412403	2	"GOStats"	"enrichment"
"HV"	"GO:0016199"	"axon midline choice point recognition"	0.00112045689456477	1	"GOStats"	"enrichment"
"HV"	"GO:0016236"	"macroautophagy"	0.00479857519989537	1	"GOStats"	"enrichment"
"HV"	"GO:0016477"	"cell migration"	0.000401903326430561	1	"GOStats"	"enrichment"
"HV"	"GO:0016584"	"nucleosome positioning"	0.00478390619970569	3	"GOStats"	"enrichment"
"HV"	"GO:0017004"	"cytochrome complex assembly"	0.00125080306633449	2	"GOStats"	"enrichment"
"HV"	"GO:0017144"	"drug metabolic process"	0.00252524583721041	8	"GOStats"	"enrichment"
"HV"	"GO:0017158"	"regulation of calcium ion-dependent exocytosis"	0.00802101685157395	1	"GOStats"	"enrichment"
"HV"	"GO:0018108"	"peptidyl-tyrosine phosphorylation"	0.00164232451891603	1	"GOStats"	"enrichment"
"HV"	"GO:0018130"	"heterocycle biosynthetic process"	0.000172540061238275	1	"GOStats"	"enrichment"
"HV"	"GO:0018149"	"peptide cross-linking"	0.00172694145661455	2	"GOStats"	"enrichment"
"HV"	"GO:0018401"	"peptidyl-proline hydroxylation to 4-hydroxy-L-proline"	0.00401888592964343	2	"GOStats"	"enrichment"
"HV"	"GO:0018958"	"phenol-containing compound metabolic process"	0.00950584360999768	1	"GOStats"	"enrichment"
"HV"	"GO:0019219"	"regulation of nucleobase-containing compound metabolic process"	0.000826470697042535	1	"GOStats"	"enrichment"
"HV"	"GO:0019221"	"cytokine-mediated signaling pathway"	0.00209108679937819	3	"GOStats"	"enrichment"
"HV"	"GO:0019229"	"regulation of vasoconstriction"	0.000173134596876535	1	"GOStats"	"enrichment"
"HV"	"GO:0019287"	"isopentenyl diphosphate biosynthetic process, mevalonate pathway"	0.00553800276209855	1	"GOStats"	"enrichment"
"HV"	"GO:0019318"	"hexose metabolic process"	0.000525112587895206	5	"GOStats"	"enrichment"
"HV"	"GO:0019377"	"glycolipid catabolic process"	2.78117588834818e-05	2	"GOStats"	"enrichment"
"HV"	"GO:0019400"	"alditol metabolic process"	0.00242312188806723	1	"GOStats"	"enrichment"
"HV"	"GO:0019433"	"triglyceride catabolic process"	0.0024396981153	1	"GOStats"	"enrichment"
"HV"	"GO:0019438"	"aromatic compound biosynthetic process"	0.000182247074460026	1	"GOStats"	"enrichment"
"HV"	"GO:0019628"	"urate catabolic process"	0.00534359898012464	2	"GOStats"	"enrichment"
"HV"	"GO:0019637"	"organophosphate metabolic process"	0.00357216265947348	2	"GOStats"	"enrichment"
"HV"	"GO:0019693"	"ribose phosphate metabolic process"	0.00591979141500695	1	"GOStats"	"enrichment"
"HV"	"GO:0019722"	"calcium-mediated signaling"	0.00813353755813809	1	"GOStats"	"enrichment"
"HV"	"GO:0019725"	"cellular homeostasis"	0.000405787588293019	1	"GOStats"	"enrichment"
"HV"	"GO:0019752"	"carboxylic acid metabolic process"	0.00406532174286071	4	"GOStats"	"enrichment"
"HV"	"GO:0019835"	"cytolysis"	0.00351629814493373	6	"GOStats"	"enrichment"
"HV"	"GO:0019882"	"antigen processing and presentation"	0.00280747298006601	3	"GOStats"	"enrichment"
"HV"	"GO:0019932"	"second-messenger-mediated signaling"	0.00367861739265692	5	"GOStats"	"enrichment"
"HV"	"GO:0019953"	"sexual reproduction"	0.00394267341421604	4	"GOStats"	"enrichment"
"HV"	"GO:0021767"	"mammillary body development"	0.00112276323479389	1	"GOStats"	"enrichment"
"HV"	"GO:0021854"	"hypothalamus development"	0.00468914893018596	2	"GOStats"	"enrichment"
"HV"	"GO:0022402"	"cell cycle process"	0.000167556785120454	1	"GOStats"	"enrichment"
"HV"	"GO:0022408"	"negative regulation of cell-cell adhesion"	0.00582475498435551	1	"GOStats"	"enrichment"
"HV"	"GO:0022412"	"cellular process involved in reproduction in multicellular organism"	0.000291895178815352	3	"GOStats"	"enrichment"
"HV"	"GO:0022414"	"reproductive process"	0.00647106606183902	1	"GOStats"	"enrichment"
"HV"	"GO:0022900"	"electron transport chain"	0.00334257866064072	2	"GOStats"	"enrichment"
"HV"	"GO:0022904"	"respiratory electron transport chain"	0.00387018871887408	1	"GOStats"	"enrichment"
"HV"	"GO:0023052"	"signaling"	0.00246473480111901	3	"GOStats"	"enrichment"
"HV"	"GO:0023058"	"adaptation of signaling pathway"	0.00188984885903438	1	"GOStats"	"enrichment"
"HV"	"GO:0030003"	"cellular cation homeostasis"	0.000290729522578187	2	"GOStats"	"enrichment"
"HV"	"GO:0030004"	"cellular monovalent inorganic cation homeostasis"	0.00732214948882509	1	"GOStats"	"enrichment"
"HV"	"GO:0030098"	"lymphocyte differentiation"	0.00582125354632311	1	"GOStats"	"enrichment"
"HV"	"GO:0030104"	"water homeostasis"	0.00662726556785079	1	"GOStats"	"enrichment"
"HV"	"GO:0030149"	"sphingolipid catabolic process"	0.000553884641863206	1	"GOStats"	"enrichment"
"HV"	"GO:0030154"	"cell differentiation"	0.000735285891977814	1	"GOStats"	"enrichment"
"HV"	"GO:0030155"	"regulation of cell adhesion"	0.00873467908175536	1	"GOStats"	"enrichment"
"HV"	"GO:0030162"	"regulation of proteolysis"	0.00354817123114071	6	"GOStats"	"enrichment"
"HV"	"GO:0030168"	"platelet activation"	0.00551254269903907	4	"GOStats"	"enrichment"
"HV"	"GO:0030178"	"negative regulation of Wnt signaling pathway"	0.00870560449417984	1	"GOStats"	"enrichment"
"HV"	"GO:0030193"	"regulation of blood coagulation"	0.0014479817005507	3	"GOStats"	"enrichment"
"HV"	"GO:0030195"	"negative regulation of blood coagulation"	0.00391183657079036	1	"GOStats"	"enrichment"
"HV"	"GO:0030198"	"extracellular matrix organization"	0.000615112168659198	4	"GOStats"	"enrichment"
"HV"	"GO:0030199"	"collagen fibril organization"	0.00566027582169195	4	"GOStats"	"enrichment"
"HV"	"GO:0030214"	"hyaluronan catabolic process"	0.00862981895439412	1	"GOStats"	"enrichment"
"HV"	"GO:0030216"	"keratinocyte differentiation"	0.00576495404500196	1	"GOStats"	"enrichment"
"HV"	"GO:0030239"	"myofibril assembly"	0.000921802506351593	2	"GOStats"	"enrichment"
"HV"	"GO:0030240"	"skeletal muscle thin filament assembly"	0.00263955042531479	5	"GOStats"	"enrichment"
"HV"	"GO:0030241"	"skeletal muscle myosin thick filament assembly"	0.00325487060595485	2	"GOStats"	"enrichment"
"HV"	"GO:0030261"	"chromosome condensation"	0.0046614487967914	2	"GOStats"	"enrichment"
"HV"	"GO:0030282"	"bone mineralization"	0.00384316796854023	1	"GOStats"	"enrichment"
"HV"	"GO:0030301"	"cholesterol transport"	0.00411115635215015	1	"GOStats"	"enrichment"
"HV"	"GO:0030335"	"positive regulation of cell migration"	0.00313047492202087	2	"GOStats"	"enrichment"
"HV"	"GO:0030431"	"sleep"	0.00537815238806855	1	"GOStats"	"enrichment"
"HV"	"GO:0030497"	"fatty acid elongation"	0.00624827245468222	1	"GOStats"	"enrichment"
"HV"	"GO:0030514"	"negative regulation of BMP signaling pathway"	0.00643521939443566	1	"GOStats"	"enrichment"
"HV"	"GO:0030516"	"regulation of axon extension"	0.00340961477389428	1	"GOStats"	"enrichment"
"HV"	"GO:0030574"	"collagen catabolic process"	0.0018181090535031	2	"GOStats"	"enrichment"
"HV"	"GO:0030593"	"neutrophil chemotaxis"	0.00223828710888321	7	"GOStats"	"enrichment"
"HV"	"GO:0030595"	"leukocyte chemotaxis"	0.00307936622631471	1	"GOStats"	"enrichment"
"HV"	"GO:0030719"	"P granule organization"	0.00248118018227623	2	"GOStats"	"enrichment"
"HV"	"GO:0030855"	"epithelial cell differentiation"	0.00440982121646391	3	"GOStats"	"enrichment"
"HV"	"GO:0030900"	"forebrain development"	0.000996065756940466	1	"GOStats"	"enrichment"
"HV"	"GO:0031033"	"myosin filament organization"	0.00181132994307012	4	"GOStats"	"enrichment"
"HV"	"GO:0031034"	"myosin filament assembly"	0.000477035170875352	2	"GOStats"	"enrichment"
"HV"	"GO:0031047"	"gene silencing by RNA"	0.00387665184551097	1	"GOStats"	"enrichment"
"HV"	"GO:0031099"	"regeneration"	0.00213152553988788	1	"GOStats"	"enrichment"
"HV"	"GO:0031112"	"positive regulation of microtubule polymerization or depolymerization"	0.00553800276209855	1	"GOStats"	"enrichment"
"HV"	"GO:0031279"	"regulation of cyclase activity"	0.00111940317395848	1	"GOStats"	"enrichment"
"HV"	"GO:0031323"	"regulation of cellular metabolic process"	0.00197010338055822	2	"GOStats"	"enrichment"
"HV"	"GO:0031346"	"positive regulation of cell projection organization"	0.00862432428033372	1	"GOStats"	"enrichment"
"HV"	"GO:0031347"	"regulation of defense response"	0.00423411958455113	1	"GOStats"	"enrichment"
"HV"	"GO:0031394"	"positive regulation of prostaglandin biosynthetic process"	0.00537815238806855	1	"GOStats"	"enrichment"
"HV"	"GO:0031401"	"positive regulation of protein modification process"	0.00515593209240922	1	"GOStats"	"enrichment"
"HV"	"GO:0031444"	"slow-twitch skeletal muscle fiber contraction"	0.00613736128694875	1	"GOStats"	"enrichment"
"HV"	"GO:0031532"	"actin cytoskeleton reorganization"	0.00888408449230791	1	"GOStats"	"enrichment"
"HV"	"GO:0031570"	"DNA integrity checkpoint"	0.00150376034131618	1	"GOStats"	"enrichment"
"HV"	"GO:0031639"	"plasminogen activation"	0.00545094092139729	1	"GOStats"	"enrichment"
"HV"	"GO:0031667"	"response to nutrient levels"	0.00397182668278384	2	"GOStats"	"enrichment"
"HV"	"GO:0031668"	"cellular response to extracellular stimulus"	0.00463225108476469	1	"GOStats"	"enrichment"
"HV"	"GO:0031669"	"cellular response to nutrient levels"	0.00824226423964759	1	"GOStats"	"enrichment"
"HV"	"GO:0031936"	"negative regulation of chromatin silencing"	0.00397196771473928	7	"GOStats"	"enrichment"
"HV"	"GO:0031960"	"response to corticosteroid"	0.00576495404500196	1	"GOStats"	"enrichment"
"HV"	"GO:0032101"	"regulation of response to external stimulus"	0.00535818733880519	2	"GOStats"	"enrichment"
"HV"	"GO:0032102"	"negative regulation of response to external stimulus"	0.00554997019886247	1	"GOStats"	"enrichment"
"HV"	"GO:0032196"	"transposition"	0.00411829149115015	1	"GOStats"	"enrichment"
"HV"	"GO:0032261"	"purine nucleotide salvage"	0.00599231178102638	1	"GOStats"	"enrichment"
"HV"	"GO:0032263"	"GMP salvage"	0.00613736128694875	1	"GOStats"	"enrichment"
"HV"	"GO:0032269"	"negative regulation of cellular protein metabolic process"	0.0017420892513237	6	"GOStats"	"enrichment"
"HV"	"GO:0032355"	"response to estradiol"	0.003440580555342	1	"GOStats"	"enrichment"
"HV"	"GO:0032369"	"negative regulation of lipid transport"	0.0054315775442734	1	"GOStats"	"enrichment"
"HV"	"GO:0032409"	"regulation of transporter activity"	0.00563330949177483	1	"GOStats"	"enrichment"
"HV"	"GO:0032412"	"regulation of ion transmembrane transporter activity"	0.0058185000083837	1	"GOStats"	"enrichment"
"HV"	"GO:0032465"	"regulation of cytokinesis"	0.00243152925627391	1	"GOStats"	"enrichment"
"HV"	"GO:0032469"	"endoplasmic reticulum calcium ion homeostasis"	0.000978476968855099	1	"GOStats"	"enrichment"
"HV"	"GO:0032496"	"response to lipopolysaccharide"	0.000951031397139909	1	"GOStats"	"enrichment"
"HV"	"GO:0032501"	"multicellular organismal process"	0.0029564480744532	9	"GOStats"	"enrichment"
"HV"	"GO:0032502"	"developmental process"	0.0023148588987496	2	"GOStats"	"enrichment"
"HV"	"GO:0032504"	"multicellular organism reproduction"	0.00831907375545807	1	"GOStats"	"enrichment"
"HV"	"GO:0032652"	"regulation of interleukin-1 production"	0.00409971597008303	1	"GOStats"	"enrichment"
"HV"	"GO:0032743"	"positive regulation of interleukin-2 production"	0.00537815238806855	1	"GOStats"	"enrichment"
"HV"	"GO:0032774"	"RNA biosynthetic process"	0.000823305081328034	2	"GOStats"	"enrichment"
"HV"	"GO:0032784"	"regulation of DNA-templated transcription, elongation"	0.00296263170902843	1	"GOStats"	"enrichment"
"HV"	"GO:0032787"	"monocarboxylic acid metabolic process"	0.00608015007545392	4	"GOStats"	"enrichment"
"HV"	"GO:0032835"	"glomerulus development"	0.00836054736213691	1	"GOStats"	"enrichment"
"HV"	"GO:0032869"	"cellular response to insulin stimulus"	0.00523326096644668	3	"GOStats"	"enrichment"
"HV"	"GO:0032870"	"cellular response to hormone stimulus"	0.00322430311919879	3	"GOStats"	"enrichment"
"HV"	"GO:0032879"	"regulation of localization"	0.00160851520290591	1	"GOStats"	"enrichment"
"HV"	"GO:0032885"	"regulation of polysaccharide biosynthetic process"	0.000378598345525888	1	"GOStats"	"enrichment"
"HV"	"GO:0032922"	"circadian regulation of gene expression"	0.00335146484365095	10	"GOStats"	"enrichment"
"HV"	"GO:0032945"	"negative regulation of mononuclear cell proliferation"	0.000475866818750948	2	"GOStats"	"enrichment"
"HV"	"GO:0032968"	"positive regulation of transcription elongation from RNA polymerase II promoter"	0.000695717941694643	1	"GOStats"	"enrichment"
"HV"	"GO:0033031"	"positive regulation of neutrophil apoptotic process"	0.00537815238806855	1	"GOStats"	"enrichment"
"HV"	"GO:0033032"	"regulation of myeloid cell apoptotic process"	0.00537815238806855	1	"GOStats"	"enrichment"
"HV"	"GO:0033120"	"positive regulation of RNA splicing"	0.00399378426396482	1	"GOStats"	"enrichment"
"HV"	"GO:0033273"	"response to vitamin"	0.00335067353547106	6	"GOStats"	"enrichment"
"HV"	"GO:0033314"	"mitotic DNA replication checkpoint"	0.00411829149115015	1	"GOStats"	"enrichment"
"HV"	"GO:0033334"	"fin morphogenesis"	0.00102681620244488	1	"GOStats"	"enrichment"
"HV"	"GO:0033339"	"pectoral fin development"	0.000280859061250547	1	"GOStats"	"enrichment"
"HV"	"GO:0033559"	"unsaturated fatty acid metabolic process"	0.00388274265397173	1	"GOStats"	"enrichment"
"HV"	"GO:0033617"	"mitochondrial cytochrome c oxidase assembly"	0.00320453062611849	2	"GOStats"	"enrichment"
"HV"	"GO:0033692"	"cellular polysaccharide biosynthetic process"	0.00577083564655247	1	"GOStats"	"enrichment"
"HV"	"GO:0033865"	"nucleoside bisphosphate metabolic process"	0.000491763163349638	2	"GOStats"	"enrichment"
"HV"	"GO:0033875"	"ribonucleoside bisphosphate metabolic process"	0.00582004482519803	1	"GOStats"	"enrichment"
"HV"	"GO:0033993"	"response to lipid"	0.00544460185406106	7	"GOStats"	"enrichment"
"HV"	"GO:0034032"	"purine nucleoside bisphosphate metabolic process"	0.00582004482519803	1	"GOStats"	"enrichment"
"HV"	"GO:0034035"	"purine ribonucleoside bisphosphate metabolic process"	0.00460019795099169	1	"GOStats"	"enrichment"
"HV"	"GO:0034097"	"response to cytokine"	0.0019255661625338	4	"GOStats"	"enrichment"
"HV"	"GO:0034220"	"ion transmembrane transport"	0.00605828634420299	4	"GOStats"	"enrichment"
"HV"	"GO:0034311"	"diol metabolic process"	0.00799605244881968	1	"GOStats"	"enrichment"
"HV"	"GO:0034587"	"piRNA metabolic process"	0.00145344848950395	3	"GOStats"	"enrichment"
"HV"	"GO:0034605"	"cellular response to heat"	0.00613538056025474	1	"GOStats"	"enrichment"
"HV"	"GO:0034637"	"cellular carbohydrate biosynthetic process"	0.0048958479464892	1	"GOStats"	"enrichment"
"HV"	"GO:0034645"	"cellular macromolecule biosynthetic process"	0.00405319408349558	1	"GOStats"	"enrichment"
"HV"	"GO:0034650"	"cortisol metabolic process"	0.00302703709748657	2	"GOStats"	"enrichment"
"HV"	"GO:0034654"	"nucleobase-containing compound biosynthetic process"	0.00174935800309909	1	"GOStats"	"enrichment"
"HV"	"GO:0034754"	"cellular hormone metabolic process"	0.000497305829100298	2	"GOStats"	"enrichment"
"HV"	"GO:0034762"	"regulation of transmembrane transport"	0.00455389329223155	1	"GOStats"	"enrichment"
"HV"	"GO:0034765"	"regulation of ion transmembrane transport"	0.00604554854492195	4	"GOStats"	"enrichment"
"HV"	"GO:0035021"	"negative regulation of Rac protein signal transduction"	0.00460019795099169	1	"GOStats"	"enrichment"
"HV"	"GO:0035023"	"regulation of Rho protein signal transduction"	0.00447310232848045	2	"GOStats"	"enrichment"
"HV"	"GO:0035025"	"positive regulation of Rho protein signal transduction"	0.00120192146704771	2	"GOStats"	"enrichment"
"HV"	"GO:0035108"	"limb morphogenesis"	0.00112045689456477	1	"GOStats"	"enrichment"
"HV"	"GO:0035118"	"embryonic pectoral fin morphogenesis"	0.000766751843719002	1	"GOStats"	"enrichment"
"HV"	"GO:0035249"	"synaptic transmission, glutamatergic"	0.00186771922279881	1	"GOStats"	"enrichment"
"HV"	"GO:0035270"	"endocrine system development"	0.00614246061225429	1	"GOStats"	"enrichment"
"HV"	"GO:0035278"	"miRNA mediated inhibition of translation"	0.00478315585535351	1	"GOStats"	"enrichment"
"HV"	"GO:0035296"	"regulation of tube diameter"	0.00190359873812978	2	"GOStats"	"enrichment"
"HV"	"GO:0035338"	"long-chain fatty-acyl-CoA biosynthetic process"	0.00304901719666986	1	"GOStats"	"enrichment"
"HV"	"GO:0035383"	"thioester metabolic process"	0.00976394666143858	1	"GOStats"	"enrichment"
"HV"	"GO:0035461"	"vitamin transmembrane transport"	0.00479256224775194	1	"GOStats"	"enrichment"
"HV"	"GO:0035637"	"multicellular organismal signaling"	0.00104611809525589	1	"GOStats"	"enrichment"
"HV"	"GO:0035725"	"sodium ion transmembrane transport"	0.00748355660526362	2	"GOStats"	"enrichment"
"HV"	"GO:0035777"	"pronephric distal tubule development"	0.00525864357230814	1	"GOStats"	"enrichment"
"HV"	"GO:0035803"	"egg coat formation"	0.000768322504247167	8	"GOStats"	"enrichment"
"HV"	"GO:0035850"	"epithelial cell differentiation involved in kidney development"	0.00603706655110661	1	"GOStats"	"enrichment"
"HV"	"GO:0035914"	"skeletal muscle cell differentiation"	0.00529958364875861	2	"GOStats"	"enrichment"
"HV"	"GO:0035970"	"peptidyl-threonine dephosphorylation"	0.00424238611042705	1	"GOStats"	"enrichment"
"HV"	"GO:0035987"	"endodermal cell differentiation"	0.00179306199415979	1	"GOStats"	"enrichment"
"HV"	"GO:0036088"	"D-serine catabolic process"	0.00553800276209855	1	"GOStats"	"enrichment"
"HV"	"GO:0036089"	"cleavage furrow formation"	0.00409971597008303	1	"GOStats"	"enrichment"
"HV"	"GO:0036368"	"cone photoresponse recovery"	0.00478315585535351	1	"GOStats"	"enrichment"
"HV"	"GO:0036378"	"calcitriol biosynthetic process from calciol"	0.00523625703885199	1	"GOStats"	"enrichment"
"HV"	"GO:0036388"	"pre-replicative complex assembly"	0.00554314412213561	3	"GOStats"	"enrichment"
"HV"	"GO:0038066"	"p38MAPK cascade"	0.00813849270040432	1	"GOStats"	"enrichment"
"HV"	"GO:0039017"	"pattern specification involved in pronephros development"	0.00525864357230814	1	"GOStats"	"enrichment"
"HV"	"GO:0040011"	"locomotion"	0.00162091201707322	1	"GOStats"	"enrichment"
"HV"	"GO:0040016"	"embryonic cleavage"	0.0055632243330439	1	"GOStats"	"enrichment"
"HV"	"GO:0040017"	"positive regulation of locomotion"	0.00510096760700553	2	"GOStats"	"enrichment"
"HV"	"GO:0040020"	"regulation of meiotic nuclear division"	0.00411829149115015	1	"GOStats"	"enrichment"
"HV"	"GO:0042026"	"protein refolding"	0.00319317591520904	2	"GOStats"	"enrichment"
"HV"	"GO:0042060"	"wound healing"	0.00272806146248369	4	"GOStats"	"enrichment"
"HV"	"GO:0042127"	"regulation of cell population proliferation"	0.0015598379756525	3	"GOStats"	"enrichment"
"HV"	"GO:0042130"	"negative regulation of T cell proliferation"	0.00423517183011023	3	"GOStats"	"enrichment"
"HV"	"GO:0042133"	"neurotransmitter metabolic process"	0.0049063895931228	1	"GOStats"	"enrichment"
"HV"	"GO:0042221"	"response to chemical"	0.00235096028217374	3	"GOStats"	"enrichment"
"HV"	"GO:0042246"	"tissue regeneration"	0.00124572965638014	1	"GOStats"	"enrichment"
"HV"	"GO:0042254"	"ribosome biogenesis"	0.00973642980770442	1	"GOStats"	"enrichment"
"HV"	"GO:0042273"	"ribosomal large subunit biogenesis"	0.0035852370861024	1	"GOStats"	"enrichment"
"HV"	"GO:0042310"	"vasoconstriction"	0.00826354967397876	1	"GOStats"	"enrichment"
"HV"	"GO:0042330"	"taxis"	0.00364694550483427	2	"GOStats"	"enrichment"
"HV"	"GO:0042359"	"vitamin D metabolic process"	0.00217941504347664	2	"GOStats"	"enrichment"
"HV"	"GO:0042398"	"cellular modified amino acid biosynthetic process"	0.00374954693454865	2	"GOStats"	"enrichment"
"HV"	"GO:0042402"	"cellular biogenic amine catabolic process"	0.00303022822231289	2	"GOStats"	"enrichment"
"HV"	"GO:0042417"	"dopamine metabolic process"	0.00613538056025474	1	"GOStats"	"enrichment"
"HV"	"GO:0042436"	"indole-containing compound catabolic process"	0.00401506403097025	2	"GOStats"	"enrichment"
"HV"	"GO:0042440"	"pigment metabolic process"	0.00995997458078885	1	"GOStats"	"enrichment"
"HV"	"GO:0042446"	"hormone biosynthetic process"	0.0036522384041734	4	"GOStats"	"enrichment"
"HV"	"GO:0042471"	"ear morphogenesis"	0.00234519359943231	1	"GOStats"	"enrichment"
"HV"	"GO:0042493"	"response to drug"	0.00139772611064427	2	"GOStats"	"enrichment"
"HV"	"GO:0042558"	"pteridine-containing compound metabolic process"	0.00251118130752985	1	"GOStats"	"enrichment"
"HV"	"GO:0042574"	"retinal metabolic process"	0.00264175713668128	1	"GOStats"	"enrichment"
"HV"	"GO:0042592"	"homeostatic process"	0.00238077113572483	1	"GOStats"	"enrichment"
"HV"	"GO:0042632"	"cholesterol homeostasis"	0.000977429179009878	4	"GOStats"	"enrichment"
"HV"	"GO:0042663"	"regulation of endodermal cell fate specification"	0.00606396232227158	1	"GOStats"	"enrichment"
"HV"	"GO:0042692"	"muscle cell differentiation"	0.000149700274259519	2	"GOStats"	"enrichment"
"HV"	"GO:0042738"	"exogenous drug catabolic process"	0.00252524583721041	8	"GOStats"	"enrichment"
"HV"	"GO:0042742"	"defense response to bacterium"	0.00291417230231085	3	"GOStats"	"enrichment"
"HV"	"GO:0042744"	"hydrogen peroxide catabolic process"	0.00336777839170269	1	"GOStats"	"enrichment"
"HV"	"GO:0042752"	"regulation of circadian rhythm"	0.0014130448359437	1	"GOStats"	"enrichment"
"HV"	"GO:0042759"	"long-chain fatty acid biosynthetic process"	0.00300039872012678	1	"GOStats"	"enrichment"
"HV"	"GO:0042773"	"ATP synthesis coupled electron transport"	4.21792447300853e-05	1	"GOStats"	"enrichment"
"HV"	"GO:0043009"	"chordate embryonic development"	0.00017795378880304	1	"GOStats"	"enrichment"
"HV"	"GO:0043046"	"DNA methylation involved in gamete generation"	0.00505606769819198	2	"GOStats"	"enrichment"
"HV"	"GO:0043049"	"otic placode formation"	0.00178425866440218	1	"GOStats"	"enrichment"
"HV"	"GO:0043062"	"extracellular structure organization"	0.000369266470731402	1	"GOStats"	"enrichment"
"HV"	"GO:0043086"	"negative regulation of catalytic activity"	0.001098275321048	7	"GOStats"	"enrichment"
"HV"	"GO:0043153"	"entrainment of circadian clock by photoperiod"	0.0035262103685199	1	"GOStats"	"enrichment"
"HV"	"GO:0043207"	"response to external biotic stimulus"	0.000168026741237203	8	"GOStats"	"enrichment"
"HV"	"GO:0043372"	"positive regulation of CD4-positive, alpha-beta T cell differentiation"	0.00537815238806855	1	"GOStats"	"enrichment"
"HV"	"GO:0043406"	"positive regulation of MAP kinase activity"	0.00656302844536693	1	"GOStats"	"enrichment"
"HV"	"GO:0043407"	"negative regulation of MAP kinase activity"	0.00314484671379025	1	"GOStats"	"enrichment"
"HV"	"GO:0043408"	"regulation of MAPK cascade"	0.00248115548580091	5	"GOStats"	"enrichment"
"HV"	"GO:0043434"	"response to peptide hormone"	0.00328535197953116	5	"GOStats"	"enrichment"
"HV"	"GO:0043436"	"oxoacid metabolic process"	8.19812410514467e-05	3	"GOStats"	"enrichment"
"HV"	"GO:0043467"	"regulation of generation of precursor metabolites and energy"	0.00414432630308237	1	"GOStats"	"enrichment"
"HV"	"GO:0043627"	"response to estrogen"	0.00854184691556099	1	"GOStats"	"enrichment"
"HV"	"GO:0043648"	"dicarboxylic acid metabolic process"	0.00233883828592536	2	"GOStats"	"enrichment"
"HV"	"GO:0044030"	"regulation of DNA methylation"	0.00257942730475009	1	"GOStats"	"enrichment"
"HV"	"GO:0044038"	"cell wall macromolecule biosynthetic process"	0.00523625703885199	1	"GOStats"	"enrichment"
"HV"	"GO:0044057"	"regulation of system process"	0.00418700807173768	6	"GOStats"	"enrichment"
"HV"	"GO:0044092"	"negative regulation of molecular function"	0.00431291626440576	3	"GOStats"	"enrichment"
"HV"	"GO:0044106"	"cellular amine metabolic process"	0.000628064375218119	1	"GOStats"	"enrichment"
"HV"	"GO:0044107"	"cellular alcohol metabolic process"	0.00523625703885199	1	"GOStats"	"enrichment"
"HV"	"GO:0044242"	"cellular lipid catabolic process"	6.54714676128306e-05	1	"GOStats"	"enrichment"
"HV"	"GO:0044255"	"cellular lipid metabolic process"	8.33996489006967e-05	1	"GOStats"	"enrichment"
"HV"	"GO:0044262"	"cellular carbohydrate metabolic process"	0.00260674380835974	1	"GOStats"	"enrichment"
"HV"	"GO:0044270"	"cellular nitrogen compound catabolic process"	0.00448722216118526	1	"GOStats"	"enrichment"
"HV"	"GO:0044271"	"cellular nitrogen compound biosynthetic process"	0.0018613731993218	1	"GOStats"	"enrichment"
"HV"	"GO:0044272"	"sulfur compound biosynthetic process"	0.00853292975077279	2	"GOStats"	"enrichment"
"HV"	"GO:0044281"	"small molecule metabolic process"	0.00439540741407523	5	"GOStats"	"enrichment"
"HV"	"GO:0044282"	"small molecule catabolic process"	0.000517089633883516	4	"GOStats"	"enrichment"
"HV"	"GO:0044283"	"small molecule biosynthetic process"	0.00421298132874585	5	"GOStats"	"enrichment"
"HV"	"GO:0044332"	"Wnt signaling pathway involved in dorsal/ventral axis specification"	0.00178425866440218	1	"GOStats"	"enrichment"
"HV"	"GO:0044419"	"biological process involved in interspecies interaction between organisms"	0.000258127893551291	8	"GOStats"	"enrichment"
"HV"	"GO:0044539"	"long-chain fatty acid import into cell"	0.00422715975132936	1	"GOStats"	"enrichment"
"HV"	"GO:0044703"	"multi-organism reproductive process"	9.66266410388962e-09	3	"GOStats"	"enrichment"
"HV"	"GO:0044728"	"DNA methylation or demethylation"	0.00498406908511505	1	"GOStats"	"enrichment"
"HV"	"GO:0044772"	"mitotic cell cycle phase transition"	0.00696526947927471	2	"GOStats"	"enrichment"
"HV"	"GO:0045005"	"DNA-dependent DNA replication maintenance of fidelity"	0.00384316796854023	1	"GOStats"	"enrichment"
"HV"	"GO:0045087"	"innate immune response"	0.00283100599051542	7	"GOStats"	"enrichment"
"HV"	"GO:0045104"	"intermediate filament cytoskeleton organization"	0.00265604593839878	2	"GOStats"	"enrichment"
"HV"	"GO:0045132"	"meiotic chromosome segregation"	0.00278853755020319	2	"GOStats"	"enrichment"
"HV"	"GO:0045137"	"development of primary sexual characteristics"	0.00525078992004412	2	"GOStats"	"enrichment"
"HV"	"GO:0045143"	"homologous chromosome segregation"	0.00888408449230791	1	"GOStats"	"enrichment"
"HV"	"GO:0045198"	"establishment of epithelial cell apical/basal polarity"	0.00551922340768818	1	"GOStats"	"enrichment"
"HV"	"GO:0045214"	"sarcomere organization"	0.00262498683461271	6	"GOStats"	"enrichment"
"HV"	"GO:0045216"	"cell-cell junction organization"	0.00697534000927921	1	"GOStats"	"enrichment"
"HV"	"GO:0045229"	"external encapsulating structure organization"	0.000369266470731402	1	"GOStats"	"enrichment"
"HV"	"GO:0045333"	"cellular respiration"	0.00116978797192302	2	"GOStats"	"enrichment"
"HV"	"GO:0045582"	"positive regulation of T cell differentiation"	0.0054315775442734	1	"GOStats"	"enrichment"
"HV"	"GO:0045596"	"negative regulation of cell differentiation"	0.00427141680523294	2	"GOStats"	"enrichment"
"HV"	"GO:0045620"	"negative regulation of lymphocyte differentiation"	0.00404833635875488	1	"GOStats"	"enrichment"
"HV"	"GO:0045627"	"positive regulation of T-helper 1 cell differentiation"	0.00537815238806855	1	"GOStats"	"enrichment"
"HV"	"GO:0045629"	"negative regulation of T-helper 2 cell differentiation"	0.00537815238806855	1	"GOStats"	"enrichment"
"HV"	"GO:0045649"	"regulation of macrophage differentiation"	0.00551922340768818	1	"GOStats"	"enrichment"
"HV"	"GO:0045658"	"regulation of neutrophil differentiation"	0.00551922340768818	1	"GOStats"	"enrichment"
"HV"	"GO:0045663"	"positive regulation of myoblast differentiation"	0.00527542493295018	2	"GOStats"	"enrichment"
"HV"	"GO:0045723"	"positive regulation of fatty acid biosynthetic process"	0.00537815238806855	1	"GOStats"	"enrichment"
"HV"	"GO:0045786"	"negative regulation of cell cycle"	1.07096547290335e-05	1	"GOStats"	"enrichment"
"HV"	"GO:0045833"	"negative regulation of lipid metabolic process"	0.00702249022927391	1	"GOStats"	"enrichment"
"HV"	"GO:0045835"	"negative regulation of meiotic nuclear division"	0.00095390259943797	1	"GOStats"	"enrichment"
"HV"	"GO:0045860"	"positive regulation of protein kinase activity"	0.00431662270931014	1	"GOStats"	"enrichment"
"HV"	"GO:0045861"	"negative regulation of proteolysis"	0.000682429071084227	4	"GOStats"	"enrichment"
"HV"	"GO:0045937"	"positive regulation of phosphate metabolic process"	0.00494641265670758	1	"GOStats"	"enrichment"
"HV"	"GO:0045974"	"regulation of translation, ncRNA-mediated"	0.00478315585535351	1	"GOStats"	"enrichment"
"HV"	"GO:0046031"	"ADP metabolic process"	0.00811508217672632	1	"GOStats"	"enrichment"
"HV"	"GO:0046034"	"ATP metabolic process"	0.000872177012064318	3	"GOStats"	"enrichment"
"HV"	"GO:0046040"	"IMP metabolic process"	0.00263864319280788	1	"GOStats"	"enrichment"
"HV"	"GO:0046165"	"alcohol biosynthetic process"	0.000977689043342339	8	"GOStats"	"enrichment"
"HV"	"GO:0046314"	"phosphocreatine biosynthetic process"	0.00479256224775194	1	"GOStats"	"enrichment"
"HV"	"GO:0046323"	"glucose import"	0.00813849270040432	1	"GOStats"	"enrichment"
"HV"	"GO:0046394"	"carboxylic acid biosynthetic process"	0.0017278909973043	3	"GOStats"	"enrichment"
"HV"	"GO:0046395"	"carboxylic acid catabolic process"	0.000164720313406419	1	"GOStats"	"enrichment"
"HV"	"GO:0046416"	"D-amino acid metabolic process"	0.000978476968855099	1	"GOStats"	"enrichment"
"HV"	"GO:0046425"	"regulation of receptor signaling pathway via JAK-STAT"	0.0024396981153	1	"GOStats"	"enrichment"
"HV"	"GO:0046461"	"neutral lipid catabolic process"	0.000818910041422995	1	"GOStats"	"enrichment"
"HV"	"GO:0046477"	"glycosylceramide catabolic process"	0.000835590378584409	2	"GOStats"	"enrichment"
"HV"	"GO:0046479"	"glycosphingolipid catabolic process"	0.00501123900249255	1	"GOStats"	"enrichment"
"HV"	"GO:0046490"	"isopentenyl diphosphate metabolic process"	0.000978476968855099	1	"GOStats"	"enrichment"
"HV"	"GO:0046503"	"glycerolipid catabolic process"	0.00693727072936268	1	"GOStats"	"enrichment"
"HV"	"GO:0046513"	"ceramide biosynthetic process"	0.00606862160265256	2	"GOStats"	"enrichment"
"HV"	"GO:0046514"	"ceramide catabolic process"	0.00623650845489469	2	"GOStats"	"enrichment"
"HV"	"GO:0046545"	"development of primary female sexual characteristics"	0.00401506403097025	2	"GOStats"	"enrichment"
"HV"	"GO:0046661"	"male sex differentiation"	0.00813849270040432	1	"GOStats"	"enrichment"
"HV"	"GO:0046700"	"heterocycle catabolic process"	0.00551208100746704	1	"GOStats"	"enrichment"
"HV"	"GO:0046716"	"muscle cell cellular homeostasis"	0.00141786140896604	1	"GOStats"	"enrichment"
"HV"	"GO:0046849"	"bone remodeling"	0.000139435979398371	1	"GOStats"	"enrichment"
"HV"	"GO:0046887"	"positive regulation of hormone secretion"	0.00391183657079036	1	"GOStats"	"enrichment"
"HV"	"GO:0046900"	"tetrahydrofolylpolyglutamate metabolic process"	0.00563286010478316	1	"GOStats"	"enrichment"
"HV"	"GO:0046916"	"cellular transition metal ion homeostasis"	0.00679917932849151	2	"GOStats"	"enrichment"
"HV"	"GO:0046942"	"carboxylic acid transport"	0.00197637539620516	5	"GOStats"	"enrichment"
"HV"	"GO:0048009"	"insulin-like growth factor receptor signaling pathway"	0.000607826943691576	1	"GOStats"	"enrichment"
"HV"	"GO:0048247"	"lymphocyte chemotaxis"	0.00206261728386923	10	"GOStats"	"enrichment"
"HV"	"GO:0048251"	"elastic fiber assembly"	0.00225115656912911	2	"GOStats"	"enrichment"
"HV"	"GO:0048255"	"mRNA stabilization"	0.00313566572787995	1	"GOStats"	"enrichment"
"HV"	"GO:0048285"	"organelle fission"	0.00143149871915806	2	"GOStats"	"enrichment"
"HV"	"GO:0048313"	"Golgi inheritance"	0.00613736128694875	1	"GOStats"	"enrichment"
"HV"	"GO:0048318"	"axial mesoderm development"	0.00232529081875712	1	"GOStats"	"enrichment"
"HV"	"GO:0048385"	"regulation of retinoic acid receptor signaling pathway"	0.00146592239791764	1	"GOStats"	"enrichment"
"HV"	"GO:0048477"	"oogenesis"	0.000790012580455792	3	"GOStats"	"enrichment"
"HV"	"GO:0048485"	"sympathetic nervous system development"	0.00232529081875712	1	"GOStats"	"enrichment"
"HV"	"GO:0048511"	"rhythmic process"	0.00596977719051594	2	"GOStats"	"enrichment"
"HV"	"GO:0048513"	"animal organ development"	0.00525715573748659	3	"GOStats"	"enrichment"
"HV"	"GO:0048519"	"negative regulation of biological process"	0.00640513585868837	1	"GOStats"	"enrichment"
"HV"	"GO:0048523"	"negative regulation of cellular process"	0.00173515808216933	2	"GOStats"	"enrichment"
"HV"	"GO:0048538"	"thymus development"	0.00719923505018293	2	"GOStats"	"enrichment"
"HV"	"GO:0048565"	"digestive tract development"	0.00962032693796974	1	"GOStats"	"enrichment"
"HV"	"GO:0048583"	"regulation of response to stimulus"	0.00714515552754045	1	"GOStats"	"enrichment"
"HV"	"GO:0048584"	"positive regulation of response to stimulus"	0.00245988440915229	1	"GOStats"	"enrichment"
"HV"	"GO:0048596"	"embryonic camera-type eye morphogenesis"	0.00634500752404942	2	"GOStats"	"enrichment"
"HV"	"GO:0048599"	"oocyte development"	0.000281341105112642	1	"GOStats"	"enrichment"
"HV"	"GO:0048608"	"reproductive structure development"	0.00302520421782722	1	"GOStats"	"enrichment"
"HV"	"GO:0048609"	"multicellular organismal reproductive process"	0.00248221015473392	3	"GOStats"	"enrichment"
"HV"	"GO:0048641"	"regulation of skeletal muscle tissue development"	0.00349184580880703	1	"GOStats"	"enrichment"
"HV"	"GO:0048646"	"anatomical structure formation involved in morphogenesis"	0.00287413253833209	2	"GOStats"	"enrichment"
"HV"	"GO:0048665"	"neuron fate specification"	0.00453768704123463	1	"GOStats"	"enrichment"
"HV"	"GO:0048678"	"response to axon injury"	0.0087861553871235	1	"GOStats"	"enrichment"
"HV"	"GO:0048703"	"embryonic viscerocranium morphogenesis"	0.00329607976201448	1	"GOStats"	"enrichment"
"HV"	"GO:0048704"	"embryonic skeletal system morphogenesis"	0.00156457801541671	1	"GOStats"	"enrichment"
"HV"	"GO:0048731"	"system development"	0.00884221790087111	2	"GOStats"	"enrichment"
"HV"	"GO:0048736"	"appendage development"	0.0050883488460465	2	"GOStats"	"enrichment"
"HV"	"GO:0048738"	"cardiac muscle tissue development"	0.00295227268719757	2	"GOStats"	"enrichment"
"HV"	"GO:0048741"	"skeletal muscle fiber development"	0.0054838604690427	2	"GOStats"	"enrichment"
"HV"	"GO:0048747"	"muscle fiber development"	0.0033185100366279	1	"GOStats"	"enrichment"
"HV"	"GO:0048762"	"mesenchymal cell differentiation"	0.000942793238109857	1	"GOStats"	"enrichment"
"HV"	"GO:0048769"	"sarcomerogenesis"	0.00355892653325453	2	"GOStats"	"enrichment"
"HV"	"GO:0048841"	"regulation of axon extension involved in axon guidance"	0.00718352188024535	1	"GOStats"	"enrichment"
"HV"	"GO:0048843"	"negative regulation of axon extension involved in axon guidance"	0.0028298607272815	1	"GOStats"	"enrichment"
"HV"	"GO:0048845"	"venous blood vessel morphogenesis"	0.00523625703885199	1	"GOStats"	"enrichment"
"HV"	"GO:0048856"	"anatomical structure development"	0.00578938484543527	2	"GOStats"	"enrichment"
"HV"	"GO:0048863"	"stem cell differentiation"	0.000223019498546937	1	"GOStats"	"enrichment"
"HV"	"GO:0048869"	"cellular developmental process"	0.00139412920755534	3	"GOStats"	"enrichment"
"HV"	"GO:0048870"	"cell motility"	0.00443859560791864	5	"GOStats"	"enrichment"
"HV"	"GO:0048878"	"chemical homeostasis"	2.07927741869584e-05	1	"GOStats"	"enrichment"
"HV"	"GO:0048880"	"sensory system development"	0.00157029124015633	1	"GOStats"	"enrichment"
"HV"	"GO:0048934"	"peripheral nervous system neuron differentiation"	0.000430097639094913	1	"GOStats"	"enrichment"
"HV"	"GO:0048936"	"peripheral nervous system neuron axonogenesis"	0.000304993771150572	1	"GOStats"	"enrichment"
"HV"	"GO:0050428"	"3'-phosphoadenosine 5'-phosphosulfate biosynthetic process"	0.00460019795099169	1	"GOStats"	"enrichment"
"HV"	"GO:0050482"	"arachidonic acid secretion"	0.000857791603792347	1	"GOStats"	"enrichment"
"HV"	"GO:0050670"	"regulation of lymphocyte proliferation"	0.000836184594259093	1	"GOStats"	"enrichment"
"HV"	"GO:0050684"	"regulation of mRNA processing"	0.00373828740412114	1	"GOStats"	"enrichment"
"HV"	"GO:0050727"	"regulation of inflammatory response"	0.00521346892479984	2	"GOStats"	"enrichment"
"HV"	"GO:0050768"	"negative regulation of neurogenesis"	0.00925407848391316	1	"GOStats"	"enrichment"
"HV"	"GO:0050776"	"regulation of immune response"	0.000534469626934413	2	"GOStats"	"enrichment"
"HV"	"GO:0050778"	"positive regulation of immune response"	0.00127239895912991	9	"GOStats"	"enrichment"
"HV"	"GO:0050789"	"regulation of biological process"	2.75425112835264e-05	1	"GOStats"	"enrichment"
"HV"	"GO:0050794"	"regulation of cellular process"	0.0012217606572092	2	"GOStats"	"enrichment"
"HV"	"GO:0050795"	"regulation of behavior"	0.00702143455986156	1	"GOStats"	"enrichment"
"HV"	"GO:0050801"	"ion homeostasis"	0.000485787593737429	3	"GOStats"	"enrichment"
"HV"	"GO:0050803"	"regulation of synapse structure or activity"	0.00914843875017929	1	"GOStats"	"enrichment"
"HV"	"GO:0050804"	"modulation of chemical synaptic transmission"	0.0048621592763708	2	"GOStats"	"enrichment"
"HV"	"GO:0050810"	"regulation of steroid biosynthetic process"	0.000205313481554382	1	"GOStats"	"enrichment"
"HV"	"GO:0050817"	"coagulation"	0.00361379598207597	6	"GOStats"	"enrichment"
"HV"	"GO:0050818"	"regulation of coagulation"	0.000811209385951	1	"GOStats"	"enrichment"
"HV"	"GO:0050829"	"defense response to Gram-negative bacterium"	0.00279631981735865	3	"GOStats"	"enrichment"
"HV"	"GO:0050830"	"defense response to Gram-positive bacterium"	0.00970863888340731	1	"GOStats"	"enrichment"
"HV"	"GO:0050852"	"T cell receptor signaling pathway"	0.00881543099926484	1	"GOStats"	"enrichment"
"HV"	"GO:0050863"	"regulation of T cell activation"	0.00146137698499345	1	"GOStats"	"enrichment"
"HV"	"GO:0050866"	"negative regulation of cell activation"	5.2950771563428e-05	1	"GOStats"	"enrichment"
"HV"	"GO:0050877"	"nervous system process"	0.00746688274105995	1	"GOStats"	"enrichment"
"HV"	"GO:0050879"	"multicellular organismal movement"	0.000696511242495692	10	"GOStats"	"enrichment"
"HV"	"GO:0050881"	"musculoskeletal movement"	0.00261879233896516	1	"GOStats"	"enrichment"
"HV"	"GO:0050896"	"response to stimulus"	0.00466446096270215	3	"GOStats"	"enrichment"
"HV"	"GO:0050900"	"leukocyte migration"	0.00217036113855635	6	"GOStats"	"enrichment"
"HV"	"GO:0050919"	"negative chemotaxis"	0.0035390047597274	2	"GOStats"	"enrichment"
"HV"	"GO:0050922"	"negative regulation of chemotaxis"	0.00984647583297934	1	"GOStats"	"enrichment"
"HV"	"GO:0050953"	"sensory perception of light stimulus"	0.00969771435885042	1	"GOStats"	"enrichment"
"HV"	"GO:0051017"	"actin filament bundle assembly"	0.00276837575006136	2	"GOStats"	"enrichment"
"HV"	"GO:0051043"	"regulation of membrane protein ectodomain proteolysis"	0.000974466377217763	1	"GOStats"	"enrichment"
"HV"	"GO:0051045"	"negative regulation of membrane protein ectodomain proteolysis"	0.00438683885143235	1	"GOStats"	"enrichment"
"HV"	"GO:0051050"	"positive regulation of transport"	0.00482295834408289	1	"GOStats"	"enrichment"
"HV"	"GO:0051057"	"positive regulation of small GTPase mediated signal transduction"	0.0048782105800548	2	"GOStats"	"enrichment"
"HV"	"GO:0051091"	"positive regulation of DNA-binding transcription factor activity"	0.00992316654901181	1	"GOStats"	"enrichment"
"HV"	"GO:0051093"	"negative regulation of developmental process"	0.00264911370457898	1	"GOStats"	"enrichment"
"HV"	"GO:0051146"	"striated muscle cell differentiation"	0.00394156494262568	2	"GOStats"	"enrichment"
"HV"	"GO:0051171"	"regulation of nitrogen compound metabolic process"	0.000226839768730073	2	"GOStats"	"enrichment"
"HV"	"GO:0051172"	"negative regulation of nitrogen compound metabolic process"	0.0083125619269428	1	"GOStats"	"enrichment"
"HV"	"GO:0051180"	"vitamin transport"	0.00534229294482892	5	"GOStats"	"enrichment"
"HV"	"GO:0051209"	"release of sequestered calcium ion into cytosol"	0.00836430276016132	1	"GOStats"	"enrichment"
"HV"	"GO:0051231"	"spindle elongation"	0.00411829149115015	1	"GOStats"	"enrichment"
"HV"	"GO:0051239"	"regulation of multicellular organismal process"	0.00296033651740594	3	"GOStats"	"enrichment"
"HV"	"GO:0051248"	"negative regulation of protein metabolic process"	0.00495581551616556	1	"GOStats"	"enrichment"
"HV"	"GO:0051250"	"negative regulation of lymphocyte activation"	5.2950771563428e-05	1	"GOStats"	"enrichment"
"HV"	"GO:0051252"	"regulation of RNA metabolic process"	0.000344331153076672	2	"GOStats"	"enrichment"
"HV"	"GO:0051256"	"mitotic spindle midzone assembly"	0.00411829149115015	1	"GOStats"	"enrichment"
"HV"	"GO:0051272"	"positive regulation of cellular component movement"	0.00515532968882451	2	"GOStats"	"enrichment"
"HV"	"GO:0051279"	"regulation of release of sequestered calcium ion into cytosol"	0.00214396571999102	1	"GOStats"	"enrichment"
"HV"	"GO:0051282"	"regulation of sequestering of calcium ion"	0.00453768704123463	1	"GOStats"	"enrichment"
"HV"	"GO:0051283"	"negative regulation of sequestering of calcium ion"	0.00247064331095285	5	"GOStats"	"enrichment"
"HV"	"GO:0051289"	"protein homotetramerization"	0.00608511031315503	2	"GOStats"	"enrichment"
"HV"	"GO:0051301"	"cell division"	0.00331703396243252	1	"GOStats"	"enrichment"
"HV"	"GO:0051321"	"meiotic cell cycle"	0.000707276318349637	2	"GOStats"	"enrichment"
"HV"	"GO:0051336"	"regulation of hydrolase activity"	0.000239099905803132	2	"GOStats"	"enrichment"
"HV"	"GO:0051339"	"regulation of lyase activity"	0.00111940317395848	1	"GOStats"	"enrichment"
"HV"	"GO:0051346"	"negative regulation of hydrolase activity"	0.00124693197905146	4	"GOStats"	"enrichment"
"HV"	"GO:0051353"	"positive regulation of oxidoreductase activity"	0.00519600803830313	2	"GOStats"	"enrichment"
"HV"	"GO:0051445"	"regulation of meiotic cell cycle"	2.89839900063105e-05	1	"GOStats"	"enrichment"
"HV"	"GO:0051447"	"negative regulation of meiotic cell cycle"	0.00488258125671395	2	"GOStats"	"enrichment"
"HV"	"GO:0051450"	"myoblast proliferation"	0.0054315775442734	1	"GOStats"	"enrichment"
"HV"	"GO:0051453"	"regulation of intracellular pH"	0.00274002761024786	1	"GOStats"	"enrichment"
"HV"	"GO:0051480"	"regulation of cytosolic calcium ion concentration"	0.00593331331103943	1	"GOStats"	"enrichment"
"HV"	"GO:0051481"	"negative regulation of cytosolic calcium ion concentration"	0.000764419946660414	1	"GOStats"	"enrichment"
"HV"	"GO:0051482"	"positive regulation of cytosolic calcium ion concentration involved in phospholipase C-activating G protein-coupled signaling pathway"	0.00689885956061773	2	"GOStats"	"enrichment"
"HV"	"GO:0051639"	"actin filament network formation"	0.000844325002759642	1	"GOStats"	"enrichment"
"HV"	"GO:0051651"	"maintenance of location in cell"	0.00498230348265899	2	"GOStats"	"enrichment"
"HV"	"GO:0051674"	"localization of cell"	0.00030863181789884	1	"GOStats"	"enrichment"
"HV"	"GO:0051704"	"multi-organism process"	0.00394267341421604	4	"GOStats"	"enrichment"
"HV"	"GO:0051707"	"response to other organism"	0.00249066507994394	6	"GOStats"	"enrichment"
"HV"	"GO:0051726"	"regulation of cell cycle"	0.00337703847615718	2	"GOStats"	"enrichment"
"HV"	"GO:0051783"	"regulation of nuclear division"	0.00792773419913642	2	"GOStats"	"enrichment"
"HV"	"GO:0051923"	"sulfation"	0.000654859381036518	1	"GOStats"	"enrichment"
"HV"	"GO:0051967"	"negative regulation of synaptic transmission, glutamatergic"	0.000764419946660414	1	"GOStats"	"enrichment"
"HV"	"GO:0051968"	"positive regulation of synaptic transmission, glutamatergic"	0.00227975762709517	1	"GOStats"	"enrichment"
"HV"	"GO:0052547"	"regulation of peptidase activity"	0.00583165407184765	3	"GOStats"	"enrichment"
"HV"	"GO:0055001"	"muscle cell development"	0.000981632484690613	2	"GOStats"	"enrichment"
"HV"	"GO:0055002"	"striated muscle cell development"	0.00146287008248014	3	"GOStats"	"enrichment"
"HV"	"GO:0055003"	"cardiac myofibril assembly"	0.00702249022927391	1	"GOStats"	"enrichment"
"HV"	"GO:0055006"	"cardiac cell development"	0.00800142778977649	1	"GOStats"	"enrichment"
"HV"	"GO:0055014"	"atrial cardiac muscle cell development"	0.0055632243330439	1	"GOStats"	"enrichment"
"HV"	"GO:0055065"	"metal ion homeostasis"	0.000696872246094523	3	"GOStats"	"enrichment"
"HV"	"GO:0055072"	"iron ion homeostasis"	0.00378039643436715	1	"GOStats"	"enrichment"
"HV"	"GO:0055074"	"calcium ion homeostasis"	0.00198392147966536	1	"GOStats"	"enrichment"
"HV"	"GO:0055080"	"cation homeostasis"	0.000130404782115844	1	"GOStats"	"enrichment"
"HV"	"GO:0055082"	"cellular chemical homeostasis"	0.00221182402478207	3	"GOStats"	"enrichment"
"HV"	"GO:0055085"	"transmembrane transport"	0.00171922190026137	6	"GOStats"	"enrichment"
"HV"	"GO:0055086"	"nucleobase-containing small molecule metabolic process"	0.000950221739054276	3	"GOStats"	"enrichment"
"HV"	"GO:0055088"	"lipid homeostasis"	0.00407248131261259	2	"GOStats"	"enrichment"
"HV"	"GO:0055091"	"phospholipid homeostasis"	0.000908369389120525	1	"GOStats"	"enrichment"
"HV"	"GO:0060048"	"cardiac muscle contraction"	0.00173845318280667	11	"GOStats"	"enrichment"
"HV"	"GO:0060061"	"Spemann organizer formation"	0.00065641803487782	1	"GOStats"	"enrichment"
"HV"	"GO:0060142"	"regulation of syncytium formation by plasma membrane fusion"	0.00331421834138325	1	"GOStats"	"enrichment"
"HV"	"GO:0060158"	"phospholipase C-activating dopamine receptor signaling pathway"	0.00862981895439412	1	"GOStats"	"enrichment"
"HV"	"GO:0060192"	"negative regulation of lipase activity"	0.0054315775442734	1	"GOStats"	"enrichment"
"HV"	"GO:0060255"	"regulation of macromolecule metabolic process"	0.00123220447105839	1	"GOStats"	"enrichment"
"HV"	"GO:0060259"	"regulation of feeding behavior"	0.00310091804614071	1	"GOStats"	"enrichment"
"HV"	"GO:0060322"	"head development"	0.00501529844220456	2	"GOStats"	"enrichment"
"HV"	"GO:0060325"	"face morphogenesis"	0.00214396571999102	1	"GOStats"	"enrichment"
"HV"	"GO:0060326"	"cell chemotaxis"	0.00190857818125276	8	"GOStats"	"enrichment"
"HV"	"GO:0060349"	"bone morphogenesis"	0.00473350840731076	1	"GOStats"	"enrichment"
"HV"	"GO:0060401"	"cytosolic calcium ion transport"	0.00469842849742277	5	"GOStats"	"enrichment"
"HV"	"GO:0060537"	"muscle tissue development"	0.00183475627955163	3	"GOStats"	"enrichment"
"HV"	"GO:0060538"	"skeletal muscle organ development"	0.00159655579367561	3	"GOStats"	"enrichment"
"HV"	"GO:0060628"	"regulation of ER to Golgi vesicle-mediated transport"	0.000172764337756324	1	"GOStats"	"enrichment"
"HV"	"GO:0060788"	"ectodermal placode formation"	0.00685081325901509	2	"GOStats"	"enrichment"
"HV"	"GO:0060795"	"cell fate commitment involved in formation of primary germ layer"	0.00561233683225481	1	"GOStats"	"enrichment"
"HV"	"GO:0060876"	"semicircular canal formation"	0.00545094092139729	1	"GOStats"	"enrichment"
"HV"	"GO:0060968"	"regulation of gene silencing"	0.00641699989213281	4	"GOStats"	"enrichment"
"HV"	"GO:0061005"	"cell differentiation involved in kidney development"	0.00514072650405532	1	"GOStats"	"enrichment"
"HV"	"GO:0061041"	"regulation of wound healing"	0.0056799662044899	3	"GOStats"	"enrichment"
"HV"	"GO:0061061"	"muscle structure development"	0.000635707045473598	2	"GOStats"	"enrichment"
"HV"	"GO:0061158"	"3'-UTR-mediated mRNA destabilization"	0.00557604175623567	2	"GOStats"	"enrichment"
"HV"	"GO:0061303"	"cornea development in camera-type eye"	0.00613736128694875	1	"GOStats"	"enrichment"
"HV"	"GO:0061318"	"renal filtration cell differentiation"	0.00766650988168784	1	"GOStats"	"enrichment"
"HV"	"GO:0061458"	"reproductive system development"	0.00324840022718555	1	"GOStats"	"enrichment"
"HV"	"GO:0061462"	"protein localization to lysosome"	0.00829517735050416	1	"GOStats"	"enrichment"
"HV"	"GO:0061515"	"myeloid cell development"	0.00398669872626656	1	"GOStats"	"enrichment"
"HV"	"GO:0061919"	"process utilizing autophagic mechanism"	0.00856285679904886	1	"GOStats"	"enrichment"
"HV"	"GO:0061959"	"response to (R)-carnitine"	0.000162965541416022	2	"GOStats"	"enrichment"
"HV"	"GO:0062013"	"positive regulation of small molecule metabolic process"	0.00252649789461305	1	"GOStats"	"enrichment"
"HV"	"GO:0065007"	"biological regulation"	0.00218959774921553	4	"GOStats"	"enrichment"
"HV"	"GO:0065008"	"regulation of biological quality"	0.00598425498881111	1	"GOStats"	"enrichment"
"HV"	"GO:0070098"	"chemokine-mediated signaling pathway"	0.00134614406090204	10	"GOStats"	"enrichment"
"HV"	"GO:0070121"	"Kupffer's vesicle development"	0.000961225605783224	1	"GOStats"	"enrichment"
"HV"	"GO:0070189"	"kynurenine metabolic process"	0.00390955604363958	4	"GOStats"	"enrichment"
"HV"	"GO:0070252"	"actin-mediated cell contraction"	0.00458258312651894	2	"GOStats"	"enrichment"
"HV"	"GO:0070286"	"axonemal dynein complex assembly"	0.00210818578297308	1	"GOStats"	"enrichment"
"HV"	"GO:0070296"	"sarcoplasmic reticulum calcium ion transport"	0.00285469805959693	5	"GOStats"	"enrichment"
"HV"	"GO:0070328"	"triglyceride homeostasis"	0.000870855400156582	2	"GOStats"	"enrichment"
"HV"	"GO:0070365"	"hepatocyte differentiation"	0.00595008711342731	1	"GOStats"	"enrichment"
"HV"	"GO:0070374"	"positive regulation of ERK1 and ERK2 cascade"	0.00336833834979031	8	"GOStats"	"enrichment"
"HV"	"GO:0070482"	"response to oxygen levels"	0.0033643437675665	1	"GOStats"	"enrichment"
"HV"	"GO:0070493"	"thrombin-activated receptor signaling pathway"	0.00486712199598522	1	"GOStats"	"enrichment"
"HV"	"GO:0070555"	"response to interleukin-1"	0.00532974848939632	1	"GOStats"	"enrichment"
"HV"	"GO:0070588"	"calcium ion transmembrane transport"	4.51482045857586e-05	1	"GOStats"	"enrichment"
"HV"	"GO:0070640"	"vitamin D3 metabolic process"	0.00401433761498034	1	"GOStats"	"enrichment"
"HV"	"GO:0070654"	"sensory epithelium regeneration"	0.0062185963933203	1	"GOStats"	"enrichment"
"HV"	"GO:0070663"	"regulation of leukocyte proliferation"	0.000836184594259093	1	"GOStats"	"enrichment"
"HV"	"GO:0070816"	"phosphorylation of RNA polymerase II C-terminal domain"	0.00700633747479816	1	"GOStats"	"enrichment"
"HV"	"GO:0070830"	"bicellular tight junction assembly"	0.00668173576277167	1	"GOStats"	"enrichment"
"HV"	"GO:0070831"	"basement membrane assembly"	0.00188984885903438	1	"GOStats"	"enrichment"
"HV"	"GO:0070887"	"cellular response to chemical stimulus"	0.00348321672396254	9	"GOStats"	"enrichment"
"HV"	"GO:0071103"	"DNA conformation change"	0.00794548587726269	1	"GOStats"	"enrichment"
"HV"	"GO:0071214"	"cellular response to abiotic stimulus"	0.00777387946801213	1	"GOStats"	"enrichment"
"HV"	"GO:0071216"	"cellular response to biotic stimulus"	0.00495376477842329	3	"GOStats"	"enrichment"
"HV"	"GO:0071219"	"cellular response to molecule of bacterial origin"	0.00909070834664516	1	"GOStats"	"enrichment"
"HV"	"GO:0071222"	"cellular response to lipopolysaccharide"	0.00543656307059882	2	"GOStats"	"enrichment"
"HV"	"GO:0071233"	"cellular response to leucine"	0.00534339883762897	1	"GOStats"	"enrichment"
"HV"	"GO:0071310"	"cellular response to organic substance"	0.00270107657002097	6	"GOStats"	"enrichment"
"HV"	"GO:0071345"	"cellular response to cytokine stimulus"	0.00610248878959294	2	"GOStats"	"enrichment"
"HV"	"GO:0071346"	"cellular response to interferon-gamma"	0.00130306101037974	9	"GOStats"	"enrichment"
"HV"	"GO:0071347"	"cellular response to interleukin-1"	0.00211344130411912	9	"GOStats"	"enrichment"
"HV"	"GO:0071356"	"cellular response to tumor necrosis factor"	0.00110567772460909	5	"GOStats"	"enrichment"
"HV"	"GO:0071375"	"cellular response to peptide hormone stimulus"	0.00271517173270986	2	"GOStats"	"enrichment"
"HV"	"GO:0071385"	"cellular response to glucocorticoid stimulus"	0.00252649789461305	1	"GOStats"	"enrichment"
"HV"	"GO:0071391"	"cellular response to estrogen stimulus"	0.000361003774517302	8	"GOStats"	"enrichment"
"HV"	"GO:0071396"	"cellular response to lipid"	0.00873738393029529	2	"GOStats"	"enrichment"
"HV"	"GO:0071407"	"cellular response to organic cyclic compound"	0.00267111306609533	1	"GOStats"	"enrichment"
"HV"	"GO:0071417"	"cellular response to organonitrogen compound"	0.000940235004946207	1	"GOStats"	"enrichment"
"HV"	"GO:0071467"	"cellular response to pH"	0.00563286010478316	1	"GOStats"	"enrichment"
"HV"	"GO:0071470"	"cellular response to osmotic stress"	0.00438683885143235	1	"GOStats"	"enrichment"
"HV"	"GO:0071482"	"cellular response to light stimulus"	0.00044166265437294	1	"GOStats"	"enrichment"
"HV"	"GO:0071495"	"cellular response to endogenous stimulus"	0.00314351898929074	4	"GOStats"	"enrichment"
"HV"	"GO:0071496"	"cellular response to external stimulus"	0.00824226423964759	1	"GOStats"	"enrichment"
"HV"	"GO:0071569"	"protein ufmylation"	0.000978476968855099	1	"GOStats"	"enrichment"
"HV"	"GO:0071600"	"otic vesicle morphogenesis"	0.000543945622982543	1	"GOStats"	"enrichment"
"HV"	"GO:0071621"	"granulocyte chemotaxis"	0.00624250820616274	1	"GOStats"	"enrichment"
"HV"	"GO:0071688"	"striated muscle myosin thick filament assembly"	0.00349395348684213	2	"GOStats"	"enrichment"
"HV"	"GO:0071696"	"ectodermal placode development"	0.00514072650405532	1	"GOStats"	"enrichment"
"HV"	"GO:0071704"	"organic substance metabolic process"	0.00128158229044554	1	"GOStats"	"enrichment"
"HV"	"GO:0071715"	"icosanoid transport"	0.00321582312496091	2	"GOStats"	"enrichment"
"HV"	"GO:0071733"	"transcriptional activation by promoter-enhancer looping"	0.00486712199598522	1	"GOStats"	"enrichment"
"HV"	"GO:0071774"	"response to fibroblast growth factor"	0.00248467776812598	1	"GOStats"	"enrichment"
"HV"	"GO:0071827"	"plasma lipoprotein particle organization"	0.0055632243330439	1	"GOStats"	"enrichment"
"HV"	"GO:0071868"	"cellular response to monoamine stimulus"	0.00110578582426064	1	"GOStats"	"enrichment"
"HV"	"GO:0071869"	"response to catecholamine"	0.00278289763361477	1	"GOStats"	"enrichment"
"HV"	"GO:0071941"	"nitrogen cycle metabolic process"	0.00551922340768818	1	"GOStats"	"enrichment"
"HV"	"GO:0072006"	"nephron development"	0.00747578117835343	1	"GOStats"	"enrichment"
"HV"	"GO:0072010"	"glomerular epithelium development"	0.00887549549505739	1	"GOStats"	"enrichment"
"HV"	"GO:0072015"	"glomerular visceral epithelial cell development"	0.0091522809469322	1	"GOStats"	"enrichment"
"HV"	"GO:0072048"	"renal system pattern specification"	0.00525864357230814	1	"GOStats"	"enrichment"
"HV"	"GO:0072112"	"glomerular visceral epithelial cell differentiation"	0.00887549549505739	1	"GOStats"	"enrichment"
"HV"	"GO:0072311"	"glomerular epithelial cell differentiation"	0.00766650988168784	1	"GOStats"	"enrichment"
"HV"	"GO:0072359"	"circulatory system development"	0.00155915171742394	1	"GOStats"	"enrichment"
"HV"	"GO:0072378"	"blood coagulation, fibrin clot formation"	0.0017734233884522	8	"GOStats"	"enrichment"
"HV"	"GO:0072503"	"cellular divalent inorganic cation homeostasis"	0.00320450586766708	1	"GOStats"	"enrichment"
"HV"	"GO:0072507"	"divalent inorganic cation homeostasis"	0.00353935818161119	4	"GOStats"	"enrichment"
"HV"	"GO:0072521"	"purine-containing compound metabolic process"	0.00815343748283058	1	"GOStats"	"enrichment"
"HV"	"GO:0072522"	"purine-containing compound biosynthetic process"	0.00430673752213012	1	"GOStats"	"enrichment"
"HV"	"GO:0072593"	"reactive oxygen species metabolic process"	0.00306220800864404	3	"GOStats"	"enrichment"
"HV"	"GO:0072676"	"lymphocyte migration"	0.00876024079832198	1	"GOStats"	"enrichment"
"HV"	"GO:0080090"	"regulation of primary metabolic process"	0.00316738804261292	3	"GOStats"	"enrichment"
"HV"	"GO:0086002"	"cardiac muscle cell action potential involved in contraction"	0.00017145584601828	1	"GOStats"	"enrichment"
"HV"	"GO:0086091"	"regulation of heart rate by cardiac conduction"	0.000941451216251836	1	"GOStats"	"enrichment"
"HV"	"GO:0089718"	"amino acid import across plasma membrane"	0.00534339883762897	1	"GOStats"	"enrichment"
"HV"	"GO:0090090"	"negative regulation of canonical Wnt signaling pathway"	0.00374835548278154	1	"GOStats"	"enrichment"
"HV"	"GO:0090092"	"regulation of transmembrane receptor protein serine/threonine kinase signaling pathway"	0.000835483207991171	1	"GOStats"	"enrichment"
"HV"	"GO:0090110"	"COPII-coated vesicle cargo loading"	0.00496159912451145	1	"GOStats"	"enrichment"
"HV"	"GO:0090131"	"mesenchyme migration"	0.00563286010478316	1	"GOStats"	"enrichment"
"HV"	"GO:0090257"	"regulation of muscle system process"	0.00419525565002291	6	"GOStats"	"enrichment"
"HV"	"GO:0090303"	"positive regulation of wound healing"	0.00388202761599336	2	"GOStats"	"enrichment"
"HV"	"GO:0090304"	"nucleic acid metabolic process"	0.000620019357585125	1	"GOStats"	"enrichment"
"HV"	"GO:0090316"	"positive regulation of intracellular protein transport"	0.00961259663445068	1	"GOStats"	"enrichment"
"HV"	"GO:0090504"	"epiboly"	0.00870560449417984	1	"GOStats"	"enrichment"
"HV"	"GO:0090579"	"dsDNA loop formation"	0.00486712199598522	1	"GOStats"	"enrichment"
"HV"	"GO:0097006"	"regulation of plasma lipoprotein particle levels"	0.00266252948190254	1	"GOStats"	"enrichment"
"HV"	"GO:0097028"	"dendritic cell differentiation"	0.00486712199598522	1	"GOStats"	"enrichment"
"HV"	"GO:0097112"	"gamma-aminobutyric acid receptor clustering"	0.00612798024454784	1	"GOStats"	"enrichment"
"HV"	"GO:0097350"	"neutrophil clearance"	0.00537815238806855	1	"GOStats"	"enrichment"
"HV"	"GO:0097435"	"supramolecular fiber organization"	0.000344669455824462	1	"GOStats"	"enrichment"
"HV"	"GO:0097530"	"granulocyte migration"	0.00290459978829834	7	"GOStats"	"enrichment"
"HV"	"GO:0097553"	"calcium ion transmembrane import into cytosol"	0.00126297726144944	4	"GOStats"	"enrichment"
"HV"	"GO:0097638"	"L-arginine import across plasma membrane"	0.00151107446781266	1	"GOStats"	"enrichment"
"HV"	"GO:0097659"	"nucleic acid-templated transcription"	0.00134383918583344	1	"GOStats"	"enrichment"
"HV"	"GO:0098542"	"defense response to other organism"	0.00293627027162987	4	"GOStats"	"enrichment"
"HV"	"GO:0098609"	"cell-cell adhesion"	0.00156347168148652	1	"GOStats"	"enrichment"
"HV"	"GO:0098655"	"cation transmembrane transport"	0.000855626432821519	2	"GOStats"	"enrichment"
"HV"	"GO:0098656"	"anion transmembrane transport"	0.00429773461200831	1	"GOStats"	"enrichment"
"HV"	"GO:0098657"	"import into cell"	0.00730338562447924	1	"GOStats"	"enrichment"
"HV"	"GO:0098660"	"inorganic ion transmembrane transport"	0.00308682538676345	3	"GOStats"	"enrichment"
"HV"	"GO:0098662"	"inorganic cation transmembrane transport"	0.0037294392430709	4	"GOStats"	"enrichment"
"HV"	"GO:0098739"	"import across plasma membrane"	0.00398669872626656	1	"GOStats"	"enrichment"
"HV"	"GO:0098771"	"inorganic ion homeostasis"	2.59698886361556e-05	1	"GOStats"	"enrichment"
"HV"	"GO:0098884"	"postsynaptic neurotransmitter receptor internalization"	0.0014183565075881	1	"GOStats"	"enrichment"
"HV"	"GO:0098916"	"anterograde trans-synaptic signaling"	0.00437497167230574	2	"GOStats"	"enrichment"
"HV"	"GO:0098943"	"neurotransmitter receptor transport, postsynaptic endosome to lysosome"	0.00291531204668819	2	"GOStats"	"enrichment"
"HV"	"GO:0098953"	"receptor diffusion trapping"	0.000121175662196896	1	"GOStats"	"enrichment"
"HV"	"GO:0098970"	"postsynaptic neurotransmitter receptor diffusion trapping"	0.000121175662196896	1	"GOStats"	"enrichment"
"HV"	"GO:0098974"	"postsynaptic actin cytoskeleton organization"	0.00525864357230814	1	"GOStats"	"enrichment"
"HV"	"GO:0099536"	"synaptic signaling"	0.00295210089836836	2	"GOStats"	"enrichment"
"HV"	"GO:0099537"	"trans-synaptic signaling"	0.000793501040562276	1	"GOStats"	"enrichment"
"HV"	"GO:0099633"	"protein localization to postsynaptic specialization membrane"	0.000186574363564916	1	"GOStats"	"enrichment"
"HV"	"GO:0110148"	"biomineralization"	0.00317698464461673	1	"GOStats"	"enrichment"
"HV"	"GO:0120193"	"tight junction organization"	0.00668173576277167	1	"GOStats"	"enrichment"
"HV"	"GO:0120255"	"olefinic compound biosynthetic process"	0.00349184580880703	1	"GOStats"	"enrichment"
"HV"	"GO:0140014"	"mitotic nuclear division"	0.00136035347749187	2	"GOStats"	"enrichment"
"HV"	"GO:0140253"	"cell-cell fusion"	0.00766650988168784	1	"GOStats"	"enrichment"
"HV"	"GO:1900046"	"regulation of hemostasis"	0.000122607738466192	1	"GOStats"	"enrichment"
"HV"	"GO:1900087"	"positive regulation of G1/S transition of mitotic cell cycle"	0.00404833635875488	1	"GOStats"	"enrichment"
"HV"	"GO:1900107"	"regulation of nodal signaling pathway"	0.00322840562976339	1	"GOStats"	"enrichment"
"HV"	"GO:1900138"	"negative regulation of phospholipase A2 activity"	0.00537815238806855	1	"GOStats"	"enrichment"
"HV"	"GO:1900371"	"regulation of purine nucleotide biosynthetic process"	0.000933174437613774	1	"GOStats"	"enrichment"
"HV"	"GO:1901031"	"regulation of response to reactive oxygen species"	0.00534339883762897	1	"GOStats"	"enrichment"
"HV"	"GO:1901136"	"carbohydrate derivative catabolic process"	0.00626913105821604	2	"GOStats"	"enrichment"
"HV"	"GO:1901292"	"nucleoside phosphate catabolic process"	0.00373001666815807	1	"GOStats"	"enrichment"
"HV"	"GO:1901293"	"nucleoside phosphate biosynthetic process"	0.0020563510611368	1	"GOStats"	"enrichment"
"HV"	"GO:1901361"	"organic cyclic compound catabolic process"	0.00465234623739904	1	"GOStats"	"enrichment"
"HV"	"GO:1901362"	"organic cyclic compound biosynthetic process"	0.00258746215969255	2	"GOStats"	"enrichment"
"HV"	"GO:1901385"	"regulation of voltage-gated calcium channel activity"	0.00576495404500196	1	"GOStats"	"enrichment"
"HV"	"GO:1901386"	"negative regulation of voltage-gated calcium channel activity"	0.00455853808487397	1	"GOStats"	"enrichment"
"HV"	"GO:1901569"	"fatty acid derivative catabolic process"	0.00534359898012464	2	"GOStats"	"enrichment"
"HV"	"GO:1901605"	"alpha-amino acid metabolic process"	0.0053572001115766	2	"GOStats"	"enrichment"
"HV"	"GO:1901606"	"alpha-amino acid catabolic process"	0.00248858389621504	5	"GOStats"	"enrichment"
"HV"	"GO:1901615"	"organic hydroxy compound metabolic process"	0.00380531414449381	3	"GOStats"	"enrichment"
"HV"	"GO:1901617"	"organic hydroxy compound biosynthetic process"	0.00771442584625139	1	"GOStats"	"enrichment"
"HV"	"GO:1901652"	"response to peptide"	0.000561500803373867	2	"GOStats"	"enrichment"
"HV"	"GO:1901653"	"cellular response to peptide"	0.00162874664180939	1	"GOStats"	"enrichment"
"HV"	"GO:1901700"	"response to oxygen-containing compound"	0.0049712887134415	8	"GOStats"	"enrichment"
"HV"	"GO:1901701"	"cellular response to oxygen-containing compound"	0.00160598254122192	1	"GOStats"	"enrichment"
"HV"	"GO:1901861"	"regulation of muscle tissue development"	0.000529180114352092	1	"GOStats"	"enrichment"
"HV"	"GO:1901988"	"negative regulation of cell cycle phase transition"	0.0013144229008822	1	"GOStats"	"enrichment"
"HV"	"GO:1902023"	"L-arginine transport"	0.00151107446781266	1	"GOStats"	"enrichment"
"HV"	"GO:1902100"	"negative regulation of metaphase/anaphase transition of cell cycle"	0.00601897814869721	1	"GOStats"	"enrichment"
"HV"	"GO:1902105"	"regulation of leukocyte differentiation"	0.00514072650405532	1	"GOStats"	"enrichment"
"HV"	"GO:1902221"	"erythrose 4-phosphate/phosphoenolpyruvate family amino acid metabolic process"	0.000134045637857055	1	"GOStats"	"enrichment"
"HV"	"GO:1902284"	"neuron projection extension involved in neuron projection guidance"	0.00547077692802499	2	"GOStats"	"enrichment"
"HV"	"GO:1902652"	"secondary alcohol metabolic process"	0.00344644567343717	4	"GOStats"	"enrichment"
"HV"	"GO:1902749"	"regulation of cell cycle G2/M phase transition"	0.0040219835570739	1	"GOStats"	"enrichment"
"HV"	"GO:1903008"	"organelle disassembly"	0.00194849438053429	1	"GOStats"	"enrichment"
"HV"	"GO:1903035"	"negative regulation of response to wounding"	0.00379813267643589	2	"GOStats"	"enrichment"
"HV"	"GO:1903036"	"positive regulation of response to wounding"	0.00606396232227158	1	"GOStats"	"enrichment"
"HV"	"GO:1903038"	"negative regulation of leukocyte cell-cell adhesion"	0.000103643451320346	1	"GOStats"	"enrichment"
"HV"	"GO:1903046"	"meiotic cell cycle process"	0.00359698902409818	1	"GOStats"	"enrichment"
"HV"	"GO:1903169"	"regulation of calcium ion transmembrane transport"	0.00213615706148563	1	"GOStats"	"enrichment"
"HV"	"GO:1903170"	"negative regulation of calcium ion transmembrane transport"	0.00455853808487397	1	"GOStats"	"enrichment"
"HV"	"GO:1903351"	"cellular response to dopamine"	0.00110578582426064	1	"GOStats"	"enrichment"
"HV"	"GO:1903506"	"regulation of nucleic acid-templated transcription"	0.000121446166649253	2	"GOStats"	"enrichment"
"HV"	"GO:1903514"	"release of sequestered calcium ion into cytosol by endoplasmic reticulum"	0.00285469805959693	5	"GOStats"	"enrichment"
"HV"	"GO:1903522"	"regulation of blood circulation"	0.00349758485709136	1	"GOStats"	"enrichment"
"HV"	"GO:1903589"	"positive regulation of blood vessel endothelial cell proliferation involved in sprouting angiogenesis"	0.0054315775442734	1	"GOStats"	"enrichment"
"HV"	"GO:1903725"	"regulation of phospholipid metabolic process"	0.0055632243330439	1	"GOStats"	"enrichment"
"HV"	"GO:1903826"	"arginine transmembrane transport"	0.00151107446781266	1	"GOStats"	"enrichment"
"HV"	"GO:1904062"	"regulation of cation transmembrane transport"	0.00597304977138758	2	"GOStats"	"enrichment"
"HV"	"GO:1904888"	"cranial skeletal system development"	0.00062982229861192	1	"GOStats"	"enrichment"
"HV"	"GO:1905039"	"carboxylic acid transmembrane transport"	0.0010289726995885	1	"GOStats"	"enrichment"
"HV"	"GO:1905207"	"regulation of cardiocyte differentiation"	0.00549740093865865	2	"GOStats"	"enrichment"
"HV"	"GO:1905819"	"negative regulation of chromosome separation"	0.00748049004057117	2	"GOStats"	"enrichment"
"HV"	"GO:1990519"	"pyrimidine nucleotide import into mitochondrion"	0.00523625703885199	1	"GOStats"	"enrichment"
"HV"	"GO:1990573"	"potassium ion import across plasma membrane"	0.0075959607266828	1	"GOStats"	"enrichment"
"HV"	"GO:1990592"	"protein K69-linked ufmylation"	0.00553800276209855	1	"GOStats"	"enrichment"
"HV"	"GO:1990868"	"response to chemokine"	0.00114932831615955	9	"GOStats"	"enrichment"
"HV"	"GO:2000051"	"negative regulation of non-canonical Wnt signaling pathway"	0.00523625703885199	1	"GOStats"	"enrichment"
"HV"	"GO:2000053"	"regulation of Wnt signaling pathway involved in dorsal/ventral axis specification"	0.00606396232227158	1	"GOStats"	"enrichment"
"HV"	"GO:2000106"	"regulation of leukocyte apoptotic process"	0.00404833635875488	1	"GOStats"	"enrichment"
"HV"	"GO:2000112"	"regulation of cellular macromolecule biosynthetic process"	0.00102401809611353	2	"GOStats"	"enrichment"
"HV"	"GO:2000241"	"regulation of reproductive process"	0.00057632168066088	5	"GOStats"	"enrichment"
"HV"	"GO:2000242"	"negative regulation of reproductive process"	0.00323840292847447	2	"GOStats"	"enrichment"
"HV"	"GO:2000311"	"regulation of AMPA receptor activity"	0.00627491954648204	1	"GOStats"	"enrichment"
"HV"	"GO:2000344"	"positive regulation of acrosome reaction"	0.00105483810681539	7	"GOStats"	"enrichment"
"HV"	"GO:2000391"	"positive regulation of neutrophil extravasation"	0.00460019795099169	1	"GOStats"	"enrichment"
"HV"	"GO:2001141"	"regulation of RNA biosynthetic process"	0.000728199367314218	1	"GOStats"	"enrichment"
"HV"	"GO:2001279"	"regulation of unsaturated fatty acid biosynthetic process"	0.00537815238806855	1	"GOStats"	"enrichment"
"LV"	"GO:0000003"	"reproduction"	0.00219461181329136	3	"GOStats"	"depletion"
"LV"	"GO:0000079"	"regulation of cyclin-dependent protein serine/threonine kinase activity"	0.00420455559843505	1	"GOStats"	"depletion"
"LV"	"GO:0000165"	"MAPK cascade"	0.00107513743986961	1	"GOStats"	"depletion"
"LV"	"GO:0000278"	"mitotic cell cycle"	0.000406055069365314	1	"GOStats"	"depletion"
"LV"	"GO:0000280"	"nuclear division"	0.000858897226634578	1	"GOStats"	"depletion"
"LV"	"GO:0000422"	"autophagy of mitochondrion"	0.00549386868770199	1	"GOStats"	"depletion"
"LV"	"GO:0000460"	"maturation of 5.8S rRNA"	0.00535110334260218	2	"GOStats"	"depletion"
"LV"	"GO:0000462"	"maturation of SSU-rRNA from tricistronic rRNA transcript (SSU-rRNA, 5.8S rRNA, LSU-rRNA)"	0.00605798719570363	1	"GOStats"	"depletion"
"LV"	"GO:0000470"	"maturation of LSU-rRNA"	0.00771198450284775	1	"GOStats"	"depletion"
"LV"	"GO:0000956"	"nuclear-transcribed mRNA catabolic process"	0.00323823255228224	1	"GOStats"	"depletion"
"LV"	"GO:0001501"	"skeletal system development"	0.00887293620266782	2	"GOStats"	"depletion"
"LV"	"GO:0001654"	"eye development"	0.00198222764059842	1	"GOStats"	"depletion"
"LV"	"GO:0001666"	"response to hypoxia"	0.00670089618079876	2	"GOStats"	"depletion"
"LV"	"GO:0001667"	"ameboidal-type cell migration"	0.00878462529222128	2	"GOStats"	"depletion"
"LV"	"GO:0001704"	"formation of primary germ layer"	0.0098139244609985	2	"GOStats"	"depletion"
"LV"	"GO:0001755"	"neural crest cell migration"	0.00562466071301018	2	"GOStats"	"depletion"
"LV"	"GO:0001775"	"cell activation"	0.00301537782012345	1	"GOStats"	"depletion"
"LV"	"GO:0001819"	"positive regulation of cytokine production"	0.00461411413447279	1	"GOStats"	"depletion"
"LV"	"GO:0001932"	"regulation of protein phosphorylation"	0.0052414594069388	1	"GOStats"	"depletion"
"LV"	"GO:0001933"	"negative regulation of protein phosphorylation"	0.000196342492503119	1	"GOStats"	"depletion"
"LV"	"GO:0001935"	"endothelial cell proliferation"	0.00405390005804559	1	"GOStats"	"depletion"
"LV"	"GO:0001944"	"vasculature development"	0.000269661971919071	1	"GOStats"	"depletion"
"LV"	"GO:0001945"	"lymph vessel development"	0.00265544210164908	1	"GOStats"	"depletion"
"LV"	"GO:0002072"	"optic cup morphogenesis involved in camera-type eye development"	0.00729974498339624	1	"GOStats"	"depletion"
"LV"	"GO:0002181"	"cytoplasmic translation"	0.000958105303105864	1	"GOStats"	"depletion"
"LV"	"GO:0002252"	"immune effector process"	5.05707276439445e-05	1	"GOStats"	"depletion"
"LV"	"GO:0002253"	"activation of immune response"	0.00559874162696864	4	"GOStats"	"depletion"
"LV"	"GO:0002376"	"immune system process"	0.000362294817222573	2	"GOStats"	"depletion"
"LV"	"GO:0002521"	"leukocyte differentiation"	0.00418331996017262	1	"GOStats"	"depletion"
"LV"	"GO:0002682"	"regulation of immune system process"	0.000232302701719651	2	"GOStats"	"depletion"
"LV"	"GO:0002684"	"positive regulation of immune system process"	0.00121333837892515	2	"GOStats"	"depletion"
"LV"	"GO:0002685"	"regulation of leukocyte migration"	0.00319665695727403	1	"GOStats"	"depletion"
"LV"	"GO:0003006"	"developmental process involved in reproduction"	0.00201425408910515	4	"GOStats"	"depletion"
"LV"	"GO:0003008"	"system process"	0.000954608682273894	2	"GOStats"	"depletion"
"LV"	"GO:0003012"	"muscle system process"	0.0023356023761432	5	"GOStats"	"depletion"
"LV"	"GO:0003013"	"circulatory system process"	0.000197658440744781	1	"GOStats"	"depletion"
"LV"	"GO:0003015"	"heart process"	3.90589202283455e-05	1	"GOStats"	"depletion"
"LV"	"GO:0003018"	"vascular process in circulatory system"	0.00218806704249153	1	"GOStats"	"depletion"
"LV"	"GO:0003309"	"type B pancreatic cell differentiation"	0.00976658134391626	1	"GOStats"	"depletion"
"LV"	"GO:0003341"	"cilium movement"	0.00404589497995669	1	"GOStats"	"depletion"
"LV"	"GO:0005975"	"carbohydrate metabolic process"	0.00230782922168496	3	"GOStats"	"depletion"
"LV"	"GO:0005996"	"monosaccharide metabolic process"	0.00426993633737318	3	"GOStats"	"depletion"
"LV"	"GO:0006006"	"glucose metabolic process"	0.00846900771758786	1	"GOStats"	"depletion"
"LV"	"GO:0006022"	"aminoglycan metabolic process"	0.00892280213412464	1	"GOStats"	"depletion"
"LV"	"GO:0006066"	"alcohol metabolic process"	0.00264216117847032	1	"GOStats"	"depletion"
"LV"	"GO:0006082"	"organic acid metabolic process"	0.00108132406076092	6	"GOStats"	"depletion"
"LV"	"GO:0006091"	"generation of precursor metabolites and energy"	0.00379616645420715	2	"GOStats"	"depletion"
"LV"	"GO:0006119"	"oxidative phosphorylation"	0.006058152242806	1	"GOStats"	"depletion"
"LV"	"GO:0006139"	"nucleobase-containing compound metabolic process"	0.00136902078615948	1	"GOStats"	"depletion"
"LV"	"GO:0006163"	"purine nucleotide metabolic process"	0.000334647326985965	1	"GOStats"	"depletion"
"LV"	"GO:0006164"	"purine nucleotide biosynthetic process"	0.000632372481027616	2	"GOStats"	"depletion"
"LV"	"GO:0006165"	"nucleoside diphosphate phosphorylation"	0.00476171954450122	1	"GOStats"	"depletion"
"LV"	"GO:0006220"	"pyrimidine nucleotide metabolic process"	0.00440611704119474	1	"GOStats"	"depletion"
"LV"	"GO:0006221"	"pyrimidine nucleotide biosynthetic process"	0.00680422544504618	1	"GOStats"	"depletion"
"LV"	"GO:0006261"	"DNA-dependent DNA replication"	0.00567185937809548	2	"GOStats"	"depletion"
"LV"	"GO:0006270"	"DNA replication initiation"	0.00791526076696665	2	"GOStats"	"depletion"
"LV"	"GO:0006304"	"DNA modification"	0.00771198450284775	1	"GOStats"	"depletion"
"LV"	"GO:0006342"	"chromatin silencing"	0.0092760740940766	1	"GOStats"	"depletion"
"LV"	"GO:0006355"	"regulation of transcription, DNA-templated"	0.00719033811592543	1	"GOStats"	"depletion"
"LV"	"GO:0006364"	"rRNA processing"	0.00254095484640984	3	"GOStats"	"depletion"
"LV"	"GO:0006412"	"translation"	0.00017995088542511	1	"GOStats"	"depletion"
"LV"	"GO:0006469"	"negative regulation of protein kinase activity"	0.000771674399291911	1	"GOStats"	"depletion"
"LV"	"GO:0006518"	"peptide metabolic process"	0.00208269122015311	1	"GOStats"	"depletion"
"LV"	"GO:0006520"	"cellular amino acid metabolic process"	0.00134797092532567	1	"GOStats"	"depletion"
"LV"	"GO:0006575"	"cellular modified amino acid metabolic process"	0.00483061193486243	1	"GOStats"	"depletion"
"LV"	"GO:0006629"	"lipid metabolic process"	0.000453949894245662	3	"GOStats"	"depletion"
"LV"	"GO:0006631"	"fatty acid metabolic process"	0.00208441177501377	5	"GOStats"	"depletion"
"LV"	"GO:0006637"	"acyl-CoA metabolic process"	0.00200299303669749	1	"GOStats"	"depletion"
"LV"	"GO:0006641"	"triglyceride metabolic process"	0.0034853682494354	2	"GOStats"	"depletion"
"LV"	"GO:0006644"	"phospholipid metabolic process"	0.000405382277963449	1	"GOStats"	"depletion"
"LV"	"GO:0006650"	"glycerophospholipid metabolic process"	0.0093310214531986	1	"GOStats"	"depletion"
"LV"	"GO:0006694"	"steroid biosynthetic process"	0.00394138452278428	5	"GOStats"	"depletion"
"LV"	"GO:0006720"	"isoprenoid metabolic process"	0.0047794586468602	1	"GOStats"	"depletion"
"LV"	"GO:0006725"	"cellular aromatic compound metabolic process"	0.00033711771399868	1	"GOStats"	"depletion"
"LV"	"GO:0006753"	"nucleoside phosphate metabolic process"	0.00602667473263326	3	"GOStats"	"depletion"
"LV"	"GO:0006805"	"xenobiotic metabolic process"	0.00542391681219261	3	"GOStats"	"depletion"
"LV"	"GO:0006812"	"cation transport"	0.00158677704204112	2	"GOStats"	"depletion"
"LV"	"GO:0006814"	"sodium ion transport"	0.00935447694332678	1	"GOStats"	"depletion"
"LV"	"GO:0006816"	"calcium ion transport"	0.00323111833815082	1	"GOStats"	"depletion"
"LV"	"GO:0006839"	"mitochondrial transport"	0.00480852421435206	1	"GOStats"	"depletion"
"LV"	"GO:0006865"	"amino acid transport"	0.00275782565918687	2	"GOStats"	"depletion"
"LV"	"GO:0006869"	"lipid transport"	0.00196625207810198	1	"GOStats"	"depletion"
"LV"	"GO:0006874"	"cellular calcium ion homeostasis"	0.00760432688025139	1	"GOStats"	"depletion"
"LV"	"GO:0006875"	"cellular metal ion homeostasis"	0.00705770953323474	1	"GOStats"	"depletion"
"LV"	"GO:0006888"	"endoplasmic reticulum to Golgi vesicle-mediated transport"	0.0040809650923069	1	"GOStats"	"depletion"
"LV"	"GO:0006928"	"movement of cell or subcellular component"	0.000289910179246397	3	"GOStats"	"depletion"
"LV"	"GO:0006935"	"chemotaxis"	0.00417047589659597	3	"GOStats"	"depletion"
"LV"	"GO:0006936"	"muscle contraction"	0.00212330792307051	5	"GOStats"	"depletion"
"LV"	"GO:0006941"	"striated muscle contraction"	0.00430474285343316	5	"GOStats"	"depletion"
"LV"	"GO:0006950"	"response to stress"	0.0052371020486012	1	"GOStats"	"depletion"
"LV"	"GO:0006952"	"defense response"	0.000731570683670752	4	"GOStats"	"depletion"
"LV"	"GO:0006954"	"inflammatory response"	0.00211447390216486	4	"GOStats"	"depletion"
"LV"	"GO:0006955"	"immune response"	0.00106636707516114	9	"GOStats"	"depletion"
"LV"	"GO:0006956"	"complement activation"	0.00514057479607977	6	"GOStats"	"depletion"
"LV"	"GO:0006959"	"humoral immune response"	0.00439964772559473	5	"GOStats"	"depletion"
"LV"	"GO:0006979"	"response to oxidative stress"	0.0040723716550725	1	"GOStats"	"depletion"
"LV"	"GO:0007007"	"inner mitochondrial membrane organization"	0.00797148095705665	1	"GOStats"	"depletion"
"LV"	"GO:0007018"	"microtubule-based movement"	0.00799732651830429	1	"GOStats"	"depletion"
"LV"	"GO:0007049"	"cell cycle"	0.00925585210346279	1	"GOStats"	"depletion"
"LV"	"GO:0007154"	"cell communication"	0.00208120328129333	3	"GOStats"	"depletion"
"LV"	"GO:0007155"	"cell adhesion"	0.00286983124395424	4	"GOStats"	"depletion"
"LV"	"GO:0007165"	"signal transduction"	0.000834377795362076	2	"GOStats"	"depletion"
"LV"	"GO:0007166"	"cell surface receptor signaling pathway"	0.00202166555080123	3	"GOStats"	"depletion"
"LV"	"GO:0007167"	"enzyme linked receptor protein signaling pathway"	0.00331629632056794	3	"GOStats"	"depletion"
"LV"	"GO:0007169"	"transmembrane receptor protein tyrosine kinase signaling pathway"	0.00140342278729935	2	"GOStats"	"depletion"
"LV"	"GO:0007229"	"integrin-mediated signaling pathway"	0.00600262850805958	1	"GOStats"	"depletion"
"LV"	"GO:0007259"	"receptor signaling pathway via JAK-STAT"	0.00750127314183946	1	"GOStats"	"depletion"
"LV"	"GO:0007267"	"cell-cell signaling"	0.00938869214180334	1	"GOStats"	"depletion"
"LV"	"GO:0007275"	"multicellular organism development"	0.000308894727868827	2	"GOStats"	"depletion"
"LV"	"GO:0007276"	"gamete generation"	0.00159102944576435	5	"GOStats"	"depletion"
"LV"	"GO:0007281"	"germ cell development"	0.00192738458614362	3	"GOStats"	"depletion"
"LV"	"GO:0007283"	"spermatogenesis"	0.00331534568120662	2	"GOStats"	"depletion"
"LV"	"GO:0007292"	"female gamete generation"	0.000137166448887852	2	"GOStats"	"depletion"
"LV"	"GO:0007338"	"single fertilization"	0.00405390005804559	1	"GOStats"	"depletion"
"LV"	"GO:0007399"	"nervous system development"	0.0002545846525277	1	"GOStats"	"depletion"
"LV"	"GO:0007420"	"brain development"	0.00744662345953296	1	"GOStats"	"depletion"
"LV"	"GO:0007492"	"endoderm development"	0.00763693917527178	1	"GOStats"	"depletion"
"LV"	"GO:0007596"	"blood coagulation"	0.00168643428000304	1	"GOStats"	"depletion"
"LV"	"GO:0007599"	"hemostasis"	0.00682595343404498	3	"GOStats"	"depletion"
"LV"	"GO:0007600"	"sensory perception"	0.00688403507955567	2	"GOStats"	"depletion"
"LV"	"GO:0007601"	"visual perception"	0.00633166253333445	1	"GOStats"	"depletion"
"LV"	"GO:0007623"	"circadian rhythm"	0.00574070450552933	2	"GOStats"	"depletion"
"LV"	"GO:0008015"	"blood circulation"	0.000253910839241424	1	"GOStats"	"depletion"
"LV"	"GO:0008016"	"regulation of heart contraction"	0.00427043075208708	1	"GOStats"	"depletion"
"LV"	"GO:0008038"	"neuron recognition"	0.00459397991053494	1	"GOStats"	"depletion"
"LV"	"GO:0008152"	"metabolic process"	0.00420095114077596	1	"GOStats"	"depletion"
"LV"	"GO:0008202"	"steroid metabolic process"	0.00559881706405486	6	"GOStats"	"depletion"
"LV"	"GO:0008203"	"cholesterol metabolic process"	0.00410069437535868	2	"GOStats"	"depletion"
"LV"	"GO:0008283"	"cell population proliferation"	0.00726599564644618	1	"GOStats"	"depletion"
"LV"	"GO:0008610"	"lipid biosynthetic process"	0.00482802477142598	4	"GOStats"	"depletion"
"LV"	"GO:0008654"	"phospholipid biosynthetic process"	0.000253819982229481	1	"GOStats"	"depletion"
"LV"	"GO:0009058"	"biosynthetic process"	0.000493745168084132	2	"GOStats"	"depletion"
"LV"	"GO:0009063"	"cellular amino acid catabolic process"	0.00621156877329047	1	"GOStats"	"depletion"
"LV"	"GO:0009064"	"glutamine family amino acid metabolic process"	0.00506510470680094	1	"GOStats"	"depletion"
"LV"	"GO:0009069"	"serine family amino acid metabolic process"	0.00821213529906571	1	"GOStats"	"depletion"
"LV"	"GO:0009112"	"nucleobase metabolic process"	0.00485500658367465	2	"GOStats"	"depletion"
"LV"	"GO:0009116"	"nucleoside metabolic process"	0.00131731635364086	1	"GOStats"	"depletion"
"LV"	"GO:0009117"	"nucleotide metabolic process"	0.00579536854546027	3	"GOStats"	"depletion"
"LV"	"GO:0009124"	"nucleoside monophosphate biosynthetic process"	0.00561718383312854	1	"GOStats"	"depletion"
"LV"	"GO:0009132"	"nucleoside diphosphate metabolic process"	0.0047794586468602	1	"GOStats"	"depletion"
"LV"	"GO:0009141"	"nucleoside triphosphate metabolic process"	0.00050095214975846	1	"GOStats"	"depletion"
"LV"	"GO:0009142"	"nucleoside triphosphate biosynthetic process"	0.00229557384116598	1	"GOStats"	"depletion"
"LV"	"GO:0009150"	"purine ribonucleotide metabolic process"	0.000129302577601868	1	"GOStats"	"depletion"
"LV"	"GO:0009152"	"purine ribonucleotide biosynthetic process"	0.00106685513141636	2	"GOStats"	"depletion"
"LV"	"GO:0009156"	"ribonucleoside monophosphate biosynthetic process"	0.00979846080037629	1	"GOStats"	"depletion"
"LV"	"GO:0009165"	"nucleotide biosynthetic process"	0.000109695809414323	2	"GOStats"	"depletion"
"LV"	"GO:0009199"	"ribonucleoside triphosphate metabolic process"	0.00440611704119474	1	"GOStats"	"depletion"
"LV"	"GO:0009201"	"ribonucleoside triphosphate biosynthetic process"	0.00680422544504618	1	"GOStats"	"depletion"
"LV"	"GO:0009259"	"ribonucleotide metabolic process"	0.00504114574560434	2	"GOStats"	"depletion"
"LV"	"GO:0009260"	"ribonucleotide biosynthetic process"	0.000375124995128166	2	"GOStats"	"depletion"
"LV"	"GO:0009410"	"response to xenobiotic stimulus"	0.00498168378913963	3	"GOStats"	"depletion"
"LV"	"GO:0009416"	"response to light stimulus"	0.00623499821011394	1	"GOStats"	"depletion"
"LV"	"GO:0009566"	"fertilization"	0.00265205731749431	1	"GOStats"	"depletion"
"LV"	"GO:0009605"	"response to external stimulus"	0.00204254615455091	5	"GOStats"	"depletion"
"LV"	"GO:0009607"	"response to biotic stimulus"	0.00229774802034025	6	"GOStats"	"depletion"
"LV"	"GO:0009611"	"response to wounding"	0.0044083156094095	5	"GOStats"	"depletion"
"LV"	"GO:0009612"	"response to mechanical stimulus"	0.0070988384527047	1	"GOStats"	"depletion"
"LV"	"GO:0009615"	"response to virus"	0.00642276328103805	2	"GOStats"	"depletion"
"LV"	"GO:0009617"	"response to bacterium"	0.0055477685227088	2	"GOStats"	"depletion"
"LV"	"GO:0009653"	"anatomical structure morphogenesis"	0.00403102229410585	3	"GOStats"	"depletion"
"LV"	"GO:0009719"	"response to endogenous stimulus"	0.000532168546200204	2	"GOStats"	"depletion"
"LV"	"GO:0009725"	"response to hormone"	0.0070778662874178	3	"GOStats"	"depletion"
"LV"	"GO:0009888"	"tissue development"	0.00564806544305494	2	"GOStats"	"depletion"
"LV"	"GO:0009889"	"regulation of biosynthetic process"	0.0060603698258392	2	"GOStats"	"depletion"
"LV"	"GO:0009892"	"negative regulation of metabolic process"	0.0075108330149869	1	"GOStats"	"depletion"
"LV"	"GO:0009948"	"anterior/posterior axis specification"	0.00845519994389495	1	"GOStats"	"depletion"
"LV"	"GO:0009994"	"oocyte differentiation"	0.0053011415411441	2	"GOStats"	"depletion"
"LV"	"GO:0010033"	"response to organic substance"	0.00425913998748188	3	"GOStats"	"depletion"
"LV"	"GO:0010466"	"negative regulation of peptidase activity"	0.00485521160619649	6	"GOStats"	"depletion"
"LV"	"GO:0010556"	"regulation of macromolecule biosynthetic process"	0.00657701889225007	2	"GOStats"	"depletion"
"LV"	"GO:0010563"	"negative regulation of phosphorus metabolic process"	0.00264435379157806	1	"GOStats"	"depletion"
"LV"	"GO:0010564"	"regulation of cell cycle process"	0.000514687768836675	1	"GOStats"	"depletion"
"LV"	"GO:0010639"	"negative regulation of organelle organization"	0.00985678375270082	1	"GOStats"	"depletion"
"LV"	"GO:0010721"	"negative regulation of cell development"	0.000742115670533419	1	"GOStats"	"depletion"
"LV"	"GO:0010876"	"lipid localization"	0.00632896081704931	1	"GOStats"	"depletion"
"LV"	"GO:0010927"	"cellular component assembly involved in morphogenesis"	0.0035069551739982	1	"GOStats"	"depletion"
"LV"	"GO:0010951"	"negative regulation of endopeptidase activity"	0.00920314868058551	1	"GOStats"	"depletion"
"LV"	"GO:0010959"	"regulation of metal ion transport"	0.00258545913115058	1	"GOStats"	"depletion"
"LV"	"GO:0010975"	"regulation of neuron projection development"	0.00703668194000894	1	"GOStats"	"depletion"
"LV"	"GO:0010977"	"negative regulation of neuron projection development"	0.00293034383250388	3	"GOStats"	"depletion"
"LV"	"GO:0014031"	"mesenchymal cell development"	0.00434582300710251	1	"GOStats"	"depletion"
"LV"	"GO:0014032"	"neural crest cell development"	0.00434582300710251	1	"GOStats"	"depletion"
"LV"	"GO:0014033"	"neural crest cell differentiation"	0.0010477072106497	1	"GOStats"	"depletion"
"LV"	"GO:0014070"	"response to organic cyclic compound"	0.00293640614552847	1	"GOStats"	"depletion"
"LV"	"GO:0014902"	"myotube differentiation"	0.00334978841204582	1	"GOStats"	"depletion"
"LV"	"GO:0015711"	"organic anion transport"	0.00261046154022964	2	"GOStats"	"depletion"
"LV"	"GO:0015849"	"organic acid transport"	0.00521356172865244	2	"GOStats"	"depletion"
"LV"	"GO:0015850"	"organic hydroxy compound transport"	0.00782157862592678	2	"GOStats"	"depletion"
"LV"	"GO:0016042"	"lipid catabolic process"	0.00956601233425977	2	"GOStats"	"depletion"
"LV"	"GO:0016052"	"carbohydrate catabolic process"	0.000374880617357045	1	"GOStats"	"depletion"
"LV"	"GO:0016053"	"organic acid biosynthetic process"	0.00499898480619847	2	"GOStats"	"depletion"
"LV"	"GO:0016054"	"organic acid catabolic process"	0.00482904224373606	3	"GOStats"	"depletion"
"LV"	"GO:0016072"	"rRNA metabolic process"	0.00161695873705457	3	"GOStats"	"depletion"
"LV"	"GO:0016079"	"synaptic vesicle exocytosis"	0.00608932258222651	1	"GOStats"	"depletion"
"LV"	"GO:0016125"	"sterol metabolic process"	0.00503044303004541	2	"GOStats"	"depletion"
"LV"	"GO:0016477"	"cell migration"	0.000993987400026574	3	"GOStats"	"depletion"
"LV"	"GO:0016485"	"protein processing"	0.00628264696067298	1	"GOStats"	"depletion"
"LV"	"GO:0017038"	"protein import"	0.00090024239738994	1	"GOStats"	"depletion"
"LV"	"GO:0017144"	"drug metabolic process"	0.00680422544504618	1	"GOStats"	"depletion"
"LV"	"GO:0018108"	"peptidyl-tyrosine phosphorylation"	0.0052433698501773	1	"GOStats"	"depletion"
"LV"	"GO:0018130"	"heterocycle biosynthetic process"	0.00891619180426363	1	"GOStats"	"depletion"
"LV"	"GO:0019220"	"regulation of phosphate metabolic process"	0.00618733349631576	1	"GOStats"	"depletion"
"LV"	"GO:0019221"	"cytokine-mediated signaling pathway"	0.000323310533973502	2	"GOStats"	"depletion"
"LV"	"GO:0019222"	"regulation of metabolic process"	0.00513092897445005	2	"GOStats"	"depletion"
"LV"	"GO:0019318"	"hexose metabolic process"	0.00533869730414839	3	"GOStats"	"depletion"
"LV"	"GO:0019438"	"aromatic compound biosynthetic process"	0.0083639908428528	2	"GOStats"	"depletion"
"LV"	"GO:0019439"	"aromatic compound catabolic process"	0.00487673432302506	1	"GOStats"	"depletion"
"LV"	"GO:0019637"	"organophosphate metabolic process"	0.0013292709922034	2	"GOStats"	"depletion"
"LV"	"GO:0019693"	"ribose phosphate metabolic process"	6.84229787404066e-05	1	"GOStats"	"depletion"
"LV"	"GO:0019722"	"calcium-mediated signaling"	0.00734011072465447	1	"GOStats"	"depletion"
"LV"	"GO:0019752"	"carboxylic acid metabolic process"	0.00108474061616139	5	"GOStats"	"depletion"
"LV"	"GO:0019932"	"second-messenger-mediated signaling"	0.00324631287197749	1	"GOStats"	"depletion"
"LV"	"GO:0019953"	"sexual reproduction"	0.00249692236380342	4	"GOStats"	"depletion"
"LV"	"GO:0022402"	"cell cycle process"	0.00129091451200965	1	"GOStats"	"depletion"
"LV"	"GO:0022412"	"cellular process involved in reproduction in multicellular organism"	0.00326331790631813	4	"GOStats"	"depletion"
"LV"	"GO:0022414"	"reproductive process"	0.0026442637500126	3	"GOStats"	"depletion"
"LV"	"GO:0022610"	"biological adhesion"	0.00286983124395424	4	"GOStats"	"depletion"
"LV"	"GO:0022613"	"ribonucleoprotein complex biogenesis"	0.00184201456991501	3	"GOStats"	"depletion"
"LV"	"GO:0022900"	"electron transport chain"	0.00376834273470458	1	"GOStats"	"depletion"
"LV"	"GO:0022904"	"respiratory electron transport chain"	0.00554562125985721	1	"GOStats"	"depletion"
"LV"	"GO:0023052"	"signaling"	0.00163330260171164	3	"GOStats"	"depletion"
"LV"	"GO:0030003"	"cellular cation homeostasis"	0.00684182990195881	1	"GOStats"	"depletion"
"LV"	"GO:0030029"	"actin filament-based process"	0.0023446929091668	1	"GOStats"	"depletion"
"LV"	"GO:0030030"	"cell projection organization"	0.000401931736861293	1	"GOStats"	"depletion"
"LV"	"GO:0030031"	"cell projection assembly"	0.00656996509563882	1	"GOStats"	"depletion"
"LV"	"GO:0030036"	"actin cytoskeleton organization"	0.00197869945672154	1	"GOStats"	"depletion"
"LV"	"GO:0030154"	"cell differentiation"	0.00478327412813366	3	"GOStats"	"depletion"
"LV"	"GO:0030155"	"regulation of cell adhesion"	0.00858356296043902	1	"GOStats"	"depletion"
"LV"	"GO:0030198"	"extracellular matrix organization"	0.00443198933032823	2	"GOStats"	"depletion"
"LV"	"GO:0030239"	"myofibril assembly"	0.00155455121055282	1	"GOStats"	"depletion"
"LV"	"GO:0030334"	"regulation of cell migration"	0.00151280276093335	1	"GOStats"	"depletion"
"LV"	"GO:0030509"	"BMP signaling pathway"	0.0026426867213279	1	"GOStats"	"depletion"
"LV"	"GO:0030517"	"negative regulation of axon extension"	0.00631543083273438	3	"GOStats"	"depletion"
"LV"	"GO:0030593"	"neutrophil chemotaxis"	0.0031469171291978	3	"GOStats"	"depletion"
"LV"	"GO:0030595"	"leukocyte chemotaxis"	0.000210567651494479	1	"GOStats"	"depletion"
"LV"	"GO:0030903"	"notochord development"	0.00951008611864214	1	"GOStats"	"depletion"
"LV"	"GO:0031076"	"embryonic camera-type eye development"	0.00128310308092116	2	"GOStats"	"depletion"
"LV"	"GO:0031323"	"regulation of cellular metabolic process"	0.00159656453484295	1	"GOStats"	"depletion"
"LV"	"GO:0031326"	"regulation of cellular biosynthetic process"	0.00380276705066958	1	"GOStats"	"depletion"
"LV"	"GO:0031334"	"positive regulation of protein-containing complex assembly"	0.00659751236695503	1	"GOStats"	"depletion"
"LV"	"GO:0031345"	"negative regulation of cell projection organization"	0.00236389476622733	3	"GOStats"	"depletion"
"LV"	"GO:0032101"	"regulation of response to external stimulus"	0.00414948174186429	4	"GOStats"	"depletion"
"LV"	"GO:0032102"	"negative regulation of response to external stimulus"	0.00439959817269181	3	"GOStats"	"depletion"
"LV"	"GO:0032259"	"methylation"	0.00152177035284706	1	"GOStats"	"depletion"
"LV"	"GO:0032269"	"negative regulation of cellular protein metabolic process"	0.00841825123323058	1	"GOStats"	"depletion"
"LV"	"GO:0032501"	"multicellular organismal process"	0.00369661970639	6	"GOStats"	"depletion"
"LV"	"GO:0032502"	"developmental process"	0.00271392470607059	3	"GOStats"	"depletion"
"LV"	"GO:0032504"	"multicellular organism reproduction"	0.00217186447057375	5	"GOStats"	"depletion"
"LV"	"GO:0032535"	"regulation of cellular component size"	0.00947606977423323	1	"GOStats"	"depletion"
"LV"	"GO:0032787"	"monocarboxylic acid metabolic process"	0.00284778432740751	5	"GOStats"	"depletion"
"LV"	"GO:0032835"	"glomerulus development"	0.000889504930832077	1	"GOStats"	"depletion"
"LV"	"GO:0032879"	"regulation of localization"	0.00123251939843217	1	"GOStats"	"depletion"
"LV"	"GO:0032989"	"cellular component morphogenesis"	0.00305525758251672	1	"GOStats"	"depletion"
"LV"	"GO:0033673"	"negative regulation of kinase activity"	0.000635378422397383	1	"GOStats"	"depletion"
"LV"	"GO:0033865"	"nucleoside bisphosphate metabolic process"	0.000440086366779872	1	"GOStats"	"depletion"
"LV"	"GO:0033866"	"nucleoside bisphosphate biosynthetic process"	0.00577408741162679	2	"GOStats"	"depletion"
"LV"	"GO:0033875"	"ribonucleoside bisphosphate metabolic process"	0.000440086366779872	1	"GOStats"	"depletion"
"LV"	"GO:0033993"	"response to lipid"	0.008836563897838	1	"GOStats"	"depletion"
"LV"	"GO:0034030"	"ribonucleoside bisphosphate biosynthetic process"	0.00577408741162679	2	"GOStats"	"depletion"
"LV"	"GO:0034032"	"purine nucleoside bisphosphate metabolic process"	0.000440086366779872	1	"GOStats"	"depletion"
"LV"	"GO:0034033"	"purine nucleoside bisphosphate biosynthetic process"	0.00577408741162679	2	"GOStats"	"depletion"
"LV"	"GO:0034097"	"response to cytokine"	0.00372371820987367	2	"GOStats"	"depletion"
"LV"	"GO:0034220"	"ion transmembrane transport"	0.0023375673619023	3	"GOStats"	"depletion"
"LV"	"GO:0034329"	"cell junction assembly"	0.00621165028976907	1	"GOStats"	"depletion"
"LV"	"GO:0034330"	"cell junction organization"	0.00694675934776695	1	"GOStats"	"depletion"
"LV"	"GO:0034341"	"response to interferon-gamma"	0.008825756119138	1	"GOStats"	"depletion"
"LV"	"GO:0034401"	"chromatin organization involved in regulation of transcription"	0.00656523585979575	1	"GOStats"	"depletion"
"LV"	"GO:0034470"	"ncRNA processing"	0.000123569742482845	1	"GOStats"	"depletion"
"LV"	"GO:0034504"	"protein localization to nucleus"	0.00740299883955316	1	"GOStats"	"depletion"
"LV"	"GO:0034612"	"response to tumor necrosis factor"	0.00606226193748621	1	"GOStats"	"depletion"
"LV"	"GO:0034637"	"cellular carbohydrate biosynthetic process"	0.00920653247426369	1	"GOStats"	"depletion"
"LV"	"GO:0034641"	"cellular nitrogen compound metabolic process"	5.99193141161731e-05	1	"GOStats"	"depletion"
"LV"	"GO:0034655"	"nucleobase-containing compound catabolic process"	0.0068101072683731	1	"GOStats"	"depletion"
"LV"	"GO:0034660"	"ncRNA metabolic process"	0.00425565207310146	2	"GOStats"	"depletion"
"LV"	"GO:0035239"	"tube morphogenesis"	0.00284393553870353	1	"GOStats"	"depletion"
"LV"	"GO:0035383"	"thioester metabolic process"	0.00200299303669749	1	"GOStats"	"depletion"
"LV"	"GO:0036293"	"response to decreased oxygen levels"	0.00570599359870694	2	"GOStats"	"depletion"
"LV"	"GO:0039019"	"pronephric nephron development"	0.00731775443289065	1	"GOStats"	"depletion"
"LV"	"GO:0040011"	"locomotion"	0.00336334958169748	4	"GOStats"	"depletion"
"LV"	"GO:0040012"	"regulation of locomotion"	0.00342349961826912	1	"GOStats"	"depletion"
"LV"	"GO:0040013"	"negative regulation of locomotion"	0.00814574185807418	1	"GOStats"	"depletion"
"LV"	"GO:0040017"	"positive regulation of locomotion"	0.00900695972234077	1	"GOStats"	"depletion"
"LV"	"GO:0042060"	"wound healing"	0.00246219108693877	3	"GOStats"	"depletion"
"LV"	"GO:0042221"	"response to chemical"	0.0015320296834212	4	"GOStats"	"depletion"
"LV"	"GO:0042254"	"ribosome biogenesis"	0.000454286076428091	3	"GOStats"	"depletion"
"LV"	"GO:0042273"	"ribosomal large subunit biogenesis"	0.00598433275742926	3	"GOStats"	"depletion"
"LV"	"GO:0042325"	"regulation of phosphorylation"	0.00488513349020121	3	"GOStats"	"depletion"
"LV"	"GO:0042326"	"negative regulation of phosphorylation"	8.91198435861023e-05	1	"GOStats"	"depletion"
"LV"	"GO:0042330"	"taxis"	0.00430814456543045	2	"GOStats"	"depletion"
"LV"	"GO:0042391"	"regulation of membrane potential"	0.00694535693890045	1	"GOStats"	"depletion"
"LV"	"GO:0042737"	"drug catabolic process"	0.00680422544504618	1	"GOStats"	"depletion"
"LV"	"GO:0042738"	"exogenous drug catabolic process"	0.00680422544504618	1	"GOStats"	"depletion"
"LV"	"GO:0042742"	"defense response to bacterium"	0.00814574185807418	1	"GOStats"	"depletion"
"LV"	"GO:0043010"	"camera-type eye development"	0.00225333767610779	1	"GOStats"	"depletion"
"LV"	"GO:0043043"	"peptide biosynthetic process"	0.000145352036363039	1	"GOStats"	"depletion"
"LV"	"GO:0043062"	"extracellular structure organization"	0.00443198933032823	2	"GOStats"	"depletion"
"LV"	"GO:0043086"	"negative regulation of catalytic activity"	0.0054648738085295	6	"GOStats"	"depletion"
"LV"	"GO:0043087"	"regulation of GTPase activity"	0.00869203697240881	1	"GOStats"	"depletion"
"LV"	"GO:0043094"	"cellular metabolic compound salvage"	0.008825756119138	1	"GOStats"	"depletion"
"LV"	"GO:0043207"	"response to external biotic stimulus"	0.00239562958846307	6	"GOStats"	"depletion"
"LV"	"GO:0043269"	"regulation of ion transport"	0.000926307795175376	1	"GOStats"	"depletion"
"LV"	"GO:0043271"	"negative regulation of ion transport"	0.00906442186076267	1	"GOStats"	"depletion"
"LV"	"GO:0043297"	"apical junction assembly"	0.00629915662813246	1	"GOStats"	"depletion"
"LV"	"GO:0043408"	"regulation of MAPK cascade"	0.00137559997779958	2	"GOStats"	"depletion"
"LV"	"GO:0043410"	"positive regulation of MAPK cascade"	0.000223362828377262	1	"GOStats"	"depletion"
"LV"	"GO:0043436"	"oxoacid metabolic process"	0.00109511676855096	5	"GOStats"	"depletion"
"LV"	"GO:0043491"	"protein kinase B signaling"	0.00821213529906571	1	"GOStats"	"depletion"
"LV"	"GO:0043549"	"regulation of kinase activity"	0.00622981439710356	1	"GOStats"	"depletion"
"LV"	"GO:0043603"	"cellular amide metabolic process"	4.25972804730473e-05	1	"GOStats"	"depletion"
"LV"	"GO:0043604"	"amide biosynthetic process"	3.56489531874946e-06	1	"GOStats"	"depletion"
"LV"	"GO:0043648"	"dicarboxylic acid metabolic process"	0.00294763468805368	2	"GOStats"	"depletion"
"LV"	"GO:0044057"	"regulation of system process"	0.00722653362787181	1	"GOStats"	"depletion"
"LV"	"GO:0044070"	"regulation of anion transport"	0.000306308153426129	1	"GOStats"	"depletion"
"LV"	"GO:0044092"	"negative regulation of molecular function"	0.00319860182009887	4	"GOStats"	"depletion"
"LV"	"GO:0044242"	"cellular lipid catabolic process"	0.00609156122563503	1	"GOStats"	"depletion"
"LV"	"GO:0044249"	"cellular biosynthetic process"	0.0016491410124997	2	"GOStats"	"depletion"
"LV"	"GO:0044255"	"cellular lipid metabolic process"	0.00265383465276831	3	"GOStats"	"depletion"
"LV"	"GO:0044270"	"cellular nitrogen compound catabolic process"	0.0046472676675499	1	"GOStats"	"depletion"
"LV"	"GO:0044271"	"cellular nitrogen compound biosynthetic process"	0.00221221615623042	2	"GOStats"	"depletion"
"LV"	"GO:0044281"	"small molecule metabolic process"	0.00137690276099987	7	"GOStats"	"depletion"
"LV"	"GO:0044282"	"small molecule catabolic process"	0.00296427501707308	3	"GOStats"	"depletion"
"LV"	"GO:0044283"	"small molecule biosynthetic process"	0.00294935849073753	6	"GOStats"	"depletion"
"LV"	"GO:0044419"	"biological process involved in interspecies interaction between organisms"	0.00152862545639449	5	"GOStats"	"depletion"
"LV"	"GO:0044703"	"multi-organism reproductive process"	0.00249692236380342	4	"GOStats"	"depletion"
"LV"	"GO:0044728"	"DNA methylation or demethylation"	0.00771198450284775	1	"GOStats"	"depletion"
"LV"	"GO:0044782"	"cilium organization"	0.00162818496240073	1	"GOStats"	"depletion"
"LV"	"GO:0045010"	"actin nucleation"	0.00581362621362004	1	"GOStats"	"depletion"
"LV"	"GO:0045017"	"glycerolipid biosynthetic process"	0.000536963270632194	1	"GOStats"	"depletion"
"LV"	"GO:0045087"	"innate immune response"	0.00496898586903293	3	"GOStats"	"depletion"
"LV"	"GO:0045132"	"meiotic chromosome segregation"	0.00972173367202541	1	"GOStats"	"depletion"
"LV"	"GO:0045229"	"external encapsulating structure organization"	0.00443198933032823	2	"GOStats"	"depletion"
"LV"	"GO:0045321"	"leukocyte activation"	0.00820505529935777	1	"GOStats"	"depletion"
"LV"	"GO:0045333"	"cellular respiration"	0.00292805243244373	1	"GOStats"	"depletion"
"LV"	"GO:0045765"	"regulation of angiogenesis"	0.00775798011236741	1	"GOStats"	"depletion"
"LV"	"GO:0045766"	"positive regulation of angiogenesis"	0.00731775443289065	1	"GOStats"	"depletion"
"LV"	"GO:0045861"	"negative regulation of proteolysis"	0.00832298542022598	2	"GOStats"	"depletion"
"LV"	"GO:0045926"	"negative regulation of growth"	0.00920653247426369	1	"GOStats"	"depletion"
"LV"	"GO:0045936"	"negative regulation of phosphate metabolic process"	0.00264435379157806	1	"GOStats"	"depletion"
"LV"	"GO:0046390"	"ribose phosphate biosynthetic process"	0.000511530283515613	2	"GOStats"	"depletion"
"LV"	"GO:0046394"	"carboxylic acid biosynthetic process"	0.00514684824109631	1	"GOStats"	"depletion"
"LV"	"GO:0046395"	"carboxylic acid catabolic process"	0.00498663155936922	4	"GOStats"	"depletion"
"LV"	"GO:0046434"	"organophosphate catabolic process"	0.00324631287197749	1	"GOStats"	"depletion"
"LV"	"GO:0046474"	"glycerophospholipid biosynthetic process"	0.00282960880351685	1	"GOStats"	"depletion"
"LV"	"GO:0046483"	"heterocycle metabolic process"	0.000273684799550575	1	"GOStats"	"depletion"
"LV"	"GO:0046486"	"glycerolipid metabolic process"	0.00263875214768742	1	"GOStats"	"depletion"
"LV"	"GO:0046700"	"heterocycle catabolic process"	0.00295948630196095	1	"GOStats"	"depletion"
"LV"	"GO:0046939"	"nucleotide phosphorylation"	0.0039290856871177	1	"GOStats"	"depletion"
"LV"	"GO:0046942"	"carboxylic acid transport"	0.00429041683672793	1	"GOStats"	"depletion"
"LV"	"GO:0048010"	"vascular endothelial growth factor receptor signaling pathway"	0.00731775443289065	1	"GOStats"	"depletion"
"LV"	"GO:0048048"	"embryonic eye morphogenesis"	0.00149208742895405	1	"GOStats"	"depletion"
"LV"	"GO:0048232"	"male gamete generation"	0.00469190368744021	3	"GOStats"	"depletion"
"LV"	"GO:0048285"	"organelle fission"	0.00272505013868579	1	"GOStats"	"depletion"
"LV"	"GO:0048468"	"cell development"	0.00928578176556966	1	"GOStats"	"depletion"
"LV"	"GO:0048477"	"oogenesis"	0.000440789766042876	2	"GOStats"	"depletion"
"LV"	"GO:0048511"	"rhythmic process"	0.00314321190594711	2	"GOStats"	"depletion"
"LV"	"GO:0048519"	"negative regulation of biological process"	0.0049663451319966	2	"GOStats"	"depletion"
"LV"	"GO:0048523"	"negative regulation of cellular process"	0.0050634707397611	4	"GOStats"	"depletion"
"LV"	"GO:0048545"	"response to steroid hormone"	0.00711635022678446	1	"GOStats"	"depletion"
"LV"	"GO:0048562"	"embryonic organ morphogenesis"	0.00342059855125762	1	"GOStats"	"depletion"
"LV"	"GO:0048583"	"regulation of response to stimulus"	0.00365405127183207	2	"GOStats"	"depletion"
"LV"	"GO:0048596"	"embryonic camera-type eye morphogenesis"	0.0045361347891518	2	"GOStats"	"depletion"
"LV"	"GO:0048598"	"embryonic morphogenesis"	0.00222049425909115	1	"GOStats"	"depletion"
"LV"	"GO:0048599"	"oocyte development"	0.00656778086197454	2	"GOStats"	"depletion"
"LV"	"GO:0048609"	"multicellular organismal reproductive process"	0.00204794075897743	5	"GOStats"	"depletion"
"LV"	"GO:0048640"	"negative regulation of developmental growth"	0.00410803107883995	3	"GOStats"	"depletion"
"LV"	"GO:0048646"	"anatomical structure formation involved in morphogenesis"	0.00127570782841202	1	"GOStats"	"depletion"
"LV"	"GO:0048701"	"embryonic cranial skeleton morphogenesis"	0.00939093553646814	1	"GOStats"	"depletion"
"LV"	"GO:0048703"	"embryonic viscerocranium morphogenesis"	0.00621165028976907	1	"GOStats"	"depletion"
"LV"	"GO:0048704"	"embryonic skeletal system morphogenesis"	0.00484029991096385	1	"GOStats"	"depletion"
"LV"	"GO:0048705"	"skeletal system morphogenesis"	0.00605813101924909	1	"GOStats"	"depletion"
"LV"	"GO:0048706"	"embryonic skeletal system development"	0.00457223128051946	1	"GOStats"	"depletion"
"LV"	"GO:0048731"	"system development"	0.000965083297062265	2	"GOStats"	"depletion"
"LV"	"GO:0048732"	"gland development"	0.00993455527467877	1	"GOStats"	"depletion"
"LV"	"GO:0048856"	"anatomical structure development"	0.000261644467263658	2	"GOStats"	"depletion"
"LV"	"GO:0048863"	"stem cell differentiation"	0.00205526176898156	1	"GOStats"	"depletion"
"LV"	"GO:0048864"	"stem cell development"	0.00434582300710251	1	"GOStats"	"depletion"
"LV"	"GO:0048869"	"cellular developmental process"	0.00486733936739701	3	"GOStats"	"depletion"
"LV"	"GO:0048870"	"cell motility"	0.0014527702151933	3	"GOStats"	"depletion"
"LV"	"GO:0048878"	"chemical homeostasis"	0.0066569469862101	2	"GOStats"	"depletion"
"LV"	"GO:0048880"	"sensory system development"	0.00411837497593733	1	"GOStats"	"depletion"
"LV"	"GO:0048881"	"mechanosensory lateral line system development"	0.00571433400870023	1	"GOStats"	"depletion"
"LV"	"GO:0048915"	"posterior lateral line system development"	0.00663641138465534	1	"GOStats"	"depletion"
"LV"	"GO:0048916"	"posterior lateral line development"	0.00458553816003172	1	"GOStats"	"depletion"
"LV"	"GO:0050767"	"regulation of neurogenesis"	0.00347504011619352	1	"GOStats"	"depletion"
"LV"	"GO:0050768"	"negative regulation of neurogenesis"	0.00214497773655405	1	"GOStats"	"depletion"
"LV"	"GO:0050771"	"negative regulation of axonogenesis"	0.00631543083273438	3	"GOStats"	"depletion"
"LV"	"GO:0050776"	"regulation of immune response"	0.00199932437678189	4	"GOStats"	"depletion"
"LV"	"GO:0050778"	"positive regulation of immune response"	0.00563829009289305	3	"GOStats"	"depletion"
"LV"	"GO:0050789"	"regulation of biological process"	0.0042871251875289	2	"GOStats"	"depletion"
"LV"	"GO:0050790"	"regulation of catalytic activity"	0.00555831702448475	1	"GOStats"	"depletion"
"LV"	"GO:0050794"	"regulation of cellular process"	0.00140042217273827	1	"GOStats"	"depletion"
"LV"	"GO:0050801"	"ion homeostasis"	0.00315910700769373	1	"GOStats"	"depletion"
"LV"	"GO:0050817"	"coagulation"	0.00563445221013386	3	"GOStats"	"depletion"
"LV"	"GO:0050878"	"regulation of body fluid levels"	0.00656725495776159	3	"GOStats"	"depletion"
"LV"	"GO:0050879"	"multicellular organismal movement"	0.008825756119138	1	"GOStats"	"depletion"
"LV"	"GO:0050881"	"musculoskeletal movement"	0.008825756119138	1	"GOStats"	"depletion"
"LV"	"GO:0050896"	"response to stimulus"	0.00312268183450367	5	"GOStats"	"depletion"
"LV"	"GO:0050900"	"leukocyte migration"	4.67278058158611e-05	1	"GOStats"	"depletion"
"LV"	"GO:0050919"	"negative chemotaxis"	0.008804850968236	1	"GOStats"	"depletion"
"LV"	"GO:0050953"	"sensory perception of light stimulus"	0.00292410093930049	1	"GOStats"	"depletion"
"LV"	"GO:0051049"	"regulation of transport"	0.00697071268696011	2	"GOStats"	"depletion"
"LV"	"GO:0051050"	"positive regulation of transport"	0.00422979221864938	2	"GOStats"	"depletion"
"LV"	"GO:0051051"	"negative regulation of transport"	0.00633021886149129	1	"GOStats"	"depletion"
"LV"	"GO:0051093"	"negative regulation of developmental process"	0.00809091340850246	2	"GOStats"	"depletion"
"LV"	"GO:0051129"	"negative regulation of cellular component organization"	0.00564864045534361	1	"GOStats"	"depletion"
"LV"	"GO:0051171"	"regulation of nitrogen compound metabolic process"	0.00428762317509535	2	"GOStats"	"depletion"
"LV"	"GO:0051174"	"regulation of phosphorus metabolic process"	0.00618733349631576	1	"GOStats"	"depletion"
"LV"	"GO:0051223"	"regulation of protein transport"	0.000451817451551014	1	"GOStats"	"depletion"
"LV"	"GO:0051239"	"regulation of multicellular organismal process"	0.00181467496561443	4	"GOStats"	"depletion"
"LV"	"GO:0051241"	"negative regulation of multicellular organismal process"	0.00344341578097098	4	"GOStats"	"depletion"
"LV"	"GO:0051252"	"regulation of RNA metabolic process"	0.00853339968745874	1	"GOStats"	"depletion"
"LV"	"GO:0051270"	"regulation of cellular component movement"	0.00381573013861276	1	"GOStats"	"depletion"
"LV"	"GO:0051321"	"meiotic cell cycle"	0.0033796299970501	2	"GOStats"	"depletion"
"LV"	"GO:0051336"	"regulation of hydrolase activity"	0.00881184751626003	1	"GOStats"	"depletion"
"LV"	"GO:0051346"	"negative regulation of hydrolase activity"	0.00525220270347298	5	"GOStats"	"depletion"
"LV"	"GO:0051651"	"maintenance of location in cell"	0.00143548418615724	1	"GOStats"	"depletion"
"LV"	"GO:0051674"	"localization of cell"	0.0014527702151933	3	"GOStats"	"depletion"
"LV"	"GO:0051704"	"multi-organism process"	0.00249692236380342	4	"GOStats"	"depletion"
"LV"	"GO:0051707"	"response to other organism"	0.00239562958846307	6	"GOStats"	"depletion"
"LV"	"GO:0051716"	"cellular response to stimulus"	0.00452053138509339	2	"GOStats"	"depletion"
"LV"	"GO:0051726"	"regulation of cell cycle"	0.00020083207421029	1	"GOStats"	"depletion"
"LV"	"GO:0051875"	"pigment granule localization"	0.00729974498339624	1	"GOStats"	"depletion"
"LV"	"GO:0051924"	"regulation of calcium ion transport"	0.00258545913115058	1	"GOStats"	"depletion"
"LV"	"GO:0051960"	"regulation of nervous system development"	0.00114262594540984	1	"GOStats"	"depletion"
"LV"	"GO:0051961"	"negative regulation of nervous system development"	0.00214497773655405	1	"GOStats"	"depletion"
"LV"	"GO:0055002"	"striated muscle cell development"	0.00387425367317378	1	"GOStats"	"depletion"
"LV"	"GO:0055065"	"metal ion homeostasis"	0.00712186334038872	1	"GOStats"	"depletion"
"LV"	"GO:0055074"	"calcium ion homeostasis"	0.00479289638042336	1	"GOStats"	"depletion"
"LV"	"GO:0055080"	"cation homeostasis"	0.00469824087161548	1	"GOStats"	"depletion"
"LV"	"GO:0055082"	"cellular chemical homeostasis"	0.00498654604393971	1	"GOStats"	"depletion"
"LV"	"GO:0055085"	"transmembrane transport"	0.00201024716245258	2	"GOStats"	"depletion"
"LV"	"GO:0055086"	"nucleobase-containing small molecule metabolic process"	0.00390455063608874	4	"GOStats"	"depletion"
"LV"	"GO:0055088"	"lipid homeostasis"	0.00814574185807418	1	"GOStats"	"depletion"
"LV"	"GO:0060047"	"heart contraction"	4.57622291878991e-05	1	"GOStats"	"depletion"
"LV"	"GO:0060048"	"cardiac muscle contraction"	0.00485431925059189	3	"GOStats"	"depletion"
"LV"	"GO:0060255"	"regulation of macromolecule metabolic process"	0.00651487515356785	2	"GOStats"	"depletion"
"LV"	"GO:0060271"	"cilium assembly"	0.0056703132958235	1	"GOStats"	"depletion"
"LV"	"GO:0060284"	"regulation of cell development"	0.00316699813025721	1	"GOStats"	"depletion"
"LV"	"GO:0060322"	"head development"	0.00904438179336989	1	"GOStats"	"depletion"
"LV"	"GO:0060326"	"cell chemotaxis"	0.00588278514189555	3	"GOStats"	"depletion"
"LV"	"GO:0060429"	"epithelium development"	0.00642225292303594	2	"GOStats"	"depletion"
"LV"	"GO:0060900"	"embryonic camera-type eye formation"	0.00250118542256093	1	"GOStats"	"depletion"
"LV"	"GO:0061462"	"protein localization to lysosome"	0.00877096967374593	1	"GOStats"	"depletion"
"LV"	"GO:0061726"	"mitochondrion disassembly"	0.00549386868770199	1	"GOStats"	"depletion"
"LV"	"GO:0065007"	"biological regulation"	0.00225768848365341	1	"GOStats"	"depletion"
"LV"	"GO:0065008"	"regulation of biological quality"	0.00560180688276328	2	"GOStats"	"depletion"
"LV"	"GO:0065009"	"regulation of molecular function"	0.00428975914023994	2	"GOStats"	"depletion"
"LV"	"GO:0070098"	"chemokine-mediated signaling pathway"	0.00691901014853612	3	"GOStats"	"depletion"
"LV"	"GO:0070201"	"regulation of establishment of protein localization"	0.000451817451551014	1	"GOStats"	"depletion"
"LV"	"GO:0070371"	"ERK1 and ERK2 cascade"	0.00437345527202474	2	"GOStats"	"depletion"
"LV"	"GO:0070372"	"regulation of ERK1 and ERK2 cascade"	0.00437345527202474	2	"GOStats"	"depletion"
"LV"	"GO:0070374"	"positive regulation of ERK1 and ERK2 cascade"	0.00231779194046954	2	"GOStats"	"depletion"
"LV"	"GO:0070555"	"response to interleukin-1"	0.00928166045104502	1	"GOStats"	"depletion"
"LV"	"GO:0070585"	"protein localization to mitochondrion"	0.008368802021992	1	"GOStats"	"depletion"
"LV"	"GO:0070588"	"calcium ion transmembrane transport"	0.00819723469561681	1	"GOStats"	"depletion"
"LV"	"GO:0070830"	"bicellular tight junction assembly"	0.00629915662813246	1	"GOStats"	"depletion"
"LV"	"GO:0070848"	"response to growth factor"	0.00181483100845697	1	"GOStats"	"depletion"
"LV"	"GO:0070887"	"cellular response to chemical stimulus"	0.00360422663231925	6	"GOStats"	"depletion"
"LV"	"GO:0071310"	"cellular response to organic substance"	0.00297474158991385	4	"GOStats"	"depletion"
"LV"	"GO:0071345"	"cellular response to cytokine stimulus"	0.000554700548119487	2	"GOStats"	"depletion"
"LV"	"GO:0071346"	"cellular response to interferon-gamma"	0.008825756119138	1	"GOStats"	"depletion"
"LV"	"GO:0071356"	"cellular response to tumor necrosis factor"	0.00750127314183946	1	"GOStats"	"depletion"
"LV"	"GO:0071363"	"cellular response to growth factor stimulus"	0.00181483100845697	1	"GOStats"	"depletion"
"LV"	"GO:0071466"	"cellular response to xenobiotic stimulus"	0.00285985171059693	2	"GOStats"	"depletion"
"LV"	"GO:0071495"	"cellular response to endogenous stimulus"	0.000299670963802546	2	"GOStats"	"depletion"
"LV"	"GO:0071621"	"granulocyte chemotaxis"	0.00517001131135972	2	"GOStats"	"depletion"
"LV"	"GO:0071674"	"mononuclear cell migration"	0.00182505985939441	1	"GOStats"	"depletion"
"LV"	"GO:0071772"	"response to BMP"	0.0026426867213279	1	"GOStats"	"depletion"
"LV"	"GO:0071773"	"cellular response to BMP stimulus"	0.0026426867213279	1	"GOStats"	"depletion"
"LV"	"GO:0071901"	"negative regulation of protein serine/threonine kinase activity"	0.00596365559711172	1	"GOStats"	"depletion"
"LV"	"GO:0072006"	"nephron development"	0.00633166253333445	1	"GOStats"	"depletion"
"LV"	"GO:0072009"	"nephron epithelium development"	0.0088171890029972	1	"GOStats"	"depletion"
"LV"	"GO:0072507"	"divalent inorganic cation homeostasis"	0.00771481731941994	1	"GOStats"	"depletion"
"LV"	"GO:0072521"	"purine-containing compound metabolic process"	0.0028734185354899	2	"GOStats"	"depletion"
"LV"	"GO:0072522"	"purine-containing compound biosynthetic process"	0.00147508582879872	2	"GOStats"	"depletion"
"LV"	"GO:0072527"	"pyrimidine-containing compound metabolic process"	0.0039290856871177	1	"GOStats"	"depletion"
"LV"	"GO:0072528"	"pyrimidine-containing compound biosynthetic process"	0.005475486904455	1	"GOStats"	"depletion"
"LV"	"GO:0072594"	"establishment of protein localization to organelle"	0.0069850385233232	1	"GOStats"	"depletion"
"LV"	"GO:0072655"	"establishment of protein localization to mitochondrion"	0.008368802021992	1	"GOStats"	"depletion"
"LV"	"GO:0072676"	"lymphocyte migration"	0.00329941347205267	1	"GOStats"	"depletion"
"LV"	"GO:0080090"	"regulation of primary metabolic process"	0.00195494005137315	2	"GOStats"	"depletion"
"LV"	"GO:0090087"	"regulation of peptide transport"	0.000294272581650492	1	"GOStats"	"depletion"
"LV"	"GO:0090092"	"regulation of transmembrane receptor protein serine/threonine kinase signaling pathway"	0.00527833360031502	1	"GOStats"	"depletion"
"LV"	"GO:0090257"	"regulation of muscle system process"	0.00906442186076267	1	"GOStats"	"depletion"
"LV"	"GO:0090407"	"organophosphate biosynthetic process"	0.00369871223941567	2	"GOStats"	"depletion"
"LV"	"GO:0090630"	"activation of GTPase activity"	0.00911651179921823	1	"GOStats"	"depletion"
"LV"	"GO:0097435"	"supramolecular fiber organization"	0.00238998465198927	2	"GOStats"	"depletion"
"LV"	"GO:0097529"	"myeloid leukocyte migration"	0.000602457742975071	1	"GOStats"	"depletion"
"LV"	"GO:0097530"	"granulocyte migration"	0.00566188395938254	2	"GOStats"	"depletion"
"LV"	"GO:0097549"	"chromatin organization involved in negative regulation of transcription"	0.00448456386946015	1	"GOStats"	"depletion"
"LV"	"GO:0097696"	"receptor signaling pathway via STAT"	0.00750127314183946	1	"GOStats"	"depletion"
"LV"	"GO:0098542"	"defense response to other organism"	0.00407384874409781	4	"GOStats"	"depletion"
"LV"	"GO:0098609"	"cell-cell adhesion"	0.00431424074010366	2	"GOStats"	"depletion"
"LV"	"GO:0098656"	"anion transmembrane transport"	0.00440697062114869	1	"GOStats"	"depletion"
"LV"	"GO:0098771"	"inorganic ion homeostasis"	0.005732167448937	1	"GOStats"	"depletion"
"LV"	"GO:0098813"	"nuclear chromosome segregation"	0.0030627492132701	1	"GOStats"	"depletion"
"LV"	"GO:0099003"	"vesicle-mediated transport in synapse"	0.0038792831461902	1	"GOStats"	"depletion"
"LV"	"GO:0099504"	"synaptic vesicle cycle"	0.0038792831461902	1	"GOStats"	"depletion"
"LV"	"GO:0120036"	"plasma membrane bounded cell projection organization"	0.000754220447423827	1	"GOStats"	"depletion"
"LV"	"GO:0120192"	"tight junction assembly"	0.00629915662813246	1	"GOStats"	"depletion"
"LV"	"GO:0120193"	"tight junction organization"	0.00629915662813246	1	"GOStats"	"depletion"
"LV"	"GO:0140014"	"mitotic nuclear division"	0.00562378111023007	1	"GOStats"	"depletion"
"LV"	"GO:0150063"	"visual system development"	0.00198222764059842	1	"GOStats"	"depletion"
"LV"	"GO:1901135"	"carbohydrate derivative metabolic process"	0.00212052761395278	1	"GOStats"	"depletion"
"LV"	"GO:1901137"	"carbohydrate derivative biosynthetic process"	0.00742197261278481	1	"GOStats"	"depletion"
"LV"	"GO:1901293"	"nucleoside phosphate biosynthetic process"	5.77010867376333e-05	2	"GOStats"	"depletion"
"LV"	"GO:1901342"	"regulation of vasculature development"	0.0026544408529497	1	"GOStats"	"depletion"
"LV"	"GO:1901360"	"organic cyclic compound metabolic process"	6.96149936354278e-05	1	"GOStats"	"depletion"
"LV"	"GO:1901361"	"organic cyclic compound catabolic process"	0.00113467165722336	1	"GOStats"	"depletion"
"LV"	"GO:1901362"	"organic cyclic compound biosynthetic process"	0.00316533147622048	1	"GOStats"	"depletion"
"LV"	"GO:1901564"	"organonitrogen compound metabolic process"	0.00921818023563497	1	"GOStats"	"depletion"
"LV"	"GO:1901566"	"organonitrogen compound biosynthetic process"	0.00466579088680005	2	"GOStats"	"depletion"
"LV"	"GO:1901576"	"organic substance biosynthetic process"	0.000722535009186171	2	"GOStats"	"depletion"
"LV"	"GO:1901605"	"alpha-amino acid metabolic process"	0.00056551691353475	2	"GOStats"	"depletion"
"LV"	"GO:1901606"	"alpha-amino acid catabolic process"	0.00254512477602209	2	"GOStats"	"depletion"
"LV"	"GO:1901615"	"organic hydroxy compound metabolic process"	0.00480283005640839	4	"GOStats"	"depletion"
"LV"	"GO:1901657"	"glycosyl compound metabolic process"	0.00148358732256212	1	"GOStats"	"depletion"
"LV"	"GO:1901659"	"glycosyl compound biosynthetic process"	0.008825756119138	1	"GOStats"	"depletion"
"LV"	"GO:1901700"	"response to oxygen-containing compound"	0.00420632950724826	3	"GOStats"	"depletion"
"LV"	"GO:1901701"	"cellular response to oxygen-containing compound"	0.00168025136393521	1	"GOStats"	"depletion"
"LV"	"GO:1902115"	"regulation of organelle assembly"	0.00250827297155348	1	"GOStats"	"depletion"
"LV"	"GO:1902533"	"positive regulation of intracellular signal transduction"	0.00625123328400816	1	"GOStats"	"depletion"
"LV"	"GO:1902652"	"secondary alcohol metabolic process"	0.000643359810340239	1	"GOStats"	"depletion"
"LV"	"GO:1902903"	"regulation of supramolecular fiber organization"	0.00995525604059712	1	"GOStats"	"depletion"
"LV"	"GO:1903034"	"regulation of response to wounding"	0.00606226193748621	1	"GOStats"	"depletion"
"LV"	"GO:1903047"	"mitotic cell cycle process"	0.00305957798869801	1	"GOStats"	"depletion"
"LV"	"GO:1903506"	"regulation of nucleic acid-templated transcription"	0.00847627498275766	1	"GOStats"	"depletion"
"LV"	"GO:1903522"	"regulation of blood circulation"	0.00254725725054312	1	"GOStats"	"depletion"
"LV"	"GO:1903825"	"organic acid transmembrane transport"	0.00951008611864214	1	"GOStats"	"depletion"
"LV"	"GO:1904018"	"positive regulation of vasculature development"	0.00731775443289065	1	"GOStats"	"depletion"
"LV"	"GO:1904029"	"regulation of cyclin-dependent protein kinase activity"	0.00420455559843505	1	"GOStats"	"depletion"
"LV"	"GO:1905039"	"carboxylic acid transmembrane transport"	0.00951008611864214	1	"GOStats"	"depletion"
"LV"	"GO:1990138"	"neuron projection extension"	0.00763140283066951	1	"GOStats"	"depletion"
"LV"	"GO:1990266"	"neutrophil migration"	0.00279929875877437	3	"GOStats"	"depletion"
"LV"	"GO:1990868"	"response to chemokine"	0.00693948330849397	4	"GOStats"	"depletion"
"LV"	"GO:1990869"	"cellular response to chemokine"	0.00693948330849397	4	"GOStats"	"depletion"
"LV"	"GO:2000026"	"regulation of multicellular organismal development"	0.00492286978534056	1	"GOStats"	"depletion"
"LV"	"GO:2000112"	"regulation of cellular macromolecule biosynthetic process"	0.00675548043583433	2	"GOStats"	"depletion"
"LV"	"GO:2000145"	"regulation of cell motility"	0.00451058484154091	1	"GOStats"	"depletion"
"LV"	"GO:2000241"	"regulation of reproductive process"	0.0057361757132831	2	"GOStats"	"depletion"
"LV"	"GO:2001141"	"regulation of RNA biosynthetic process"	0.00787929183141591	1	"GOStats"	"depletion"
"MV"	"GO:0000003"	"reproduction"	0.00208428014766005	1	"GOStats"	"depletion"
"MV"	"GO:0000041"	"transition metal ion transport"	0.00902129548734845	2	"GOStats"	"depletion"
"MV"	"GO:0000910"	"cytokinesis"	0.00828687400973097	1	"GOStats"	"depletion"
"MV"	"GO:0001501"	"skeletal system development"	0.00922241948402297	1	"GOStats"	"depletion"
"MV"	"GO:0001763"	"morphogenesis of a branching structure"	0.00608404843058683	2	"GOStats"	"depletion"
"MV"	"GO:0002040"	"sprouting angiogenesis"	0.00807927219576133	1	"GOStats"	"depletion"
"MV"	"GO:0002067"	"glandular epithelial cell differentiation"	0.00703131099088989	1	"GOStats"	"depletion"
"MV"	"GO:0002252"	"immune effector process"	0.000900803595617341	1	"GOStats"	"depletion"
"MV"	"GO:0002376"	"immune system process"	5.16348190165472e-05	1	"GOStats"	"depletion"
"MV"	"GO:0002548"	"monocyte chemotaxis"	0.00524991082893038	1	"GOStats"	"depletion"
"MV"	"GO:0002697"	"regulation of immune effector process"	0.00956382444965243	1	"GOStats"	"depletion"
"MV"	"GO:0002764"	"immune response-regulating signaling pathway"	0.00800775844382304	2	"GOStats"	"depletion"
"MV"	"GO:0003006"	"developmental process involved in reproduction"	0.00416325816751648	1	"GOStats"	"depletion"
"MV"	"GO:0003009"	"skeletal muscle contraction"	0.00626857596054963	2	"GOStats"	"depletion"
"MV"	"GO:0003012"	"muscle system process"	0.00544008428402345	2	"GOStats"	"depletion"
"MV"	"GO:0003309"	"type B pancreatic cell differentiation"	0.00890566259143905	1	"GOStats"	"depletion"
"MV"	"GO:0005996"	"monosaccharide metabolic process"	0.00340196314425062	1	"GOStats"	"depletion"
"MV"	"GO:0006022"	"aminoglycan metabolic process"	0.00895106323458613	1	"GOStats"	"depletion"
"MV"	"GO:0006082"	"organic acid metabolic process"	0.00423929183811975	1	"GOStats"	"depletion"
"MV"	"GO:0006284"	"base-excision repair"	0.0068239521745892	1	"GOStats"	"depletion"
"MV"	"GO:0006342"	"chromatin silencing"	0.00561679776397149	1	"GOStats"	"depletion"
"MV"	"GO:0006351"	"transcription, DNA-templated"	0.00122704268709499	1	"GOStats"	"depletion"
"MV"	"GO:0006355"	"regulation of transcription, DNA-templated"	0.00445589644588258	1	"GOStats"	"depletion"
"MV"	"GO:0006357"	"regulation of transcription by RNA polymerase II"	0.00180102248123672	1	"GOStats"	"depletion"
"MV"	"GO:0006366"	"transcription by RNA polymerase II"	0.00121020387400008	1	"GOStats"	"depletion"
"MV"	"GO:0006367"	"transcription initiation from RNA polymerase II promoter"	0.005295706414358	1	"GOStats"	"depletion"
"MV"	"GO:0006458"	"'de novo' protein folding"	0.00870474167713529	1	"GOStats"	"depletion"
"MV"	"GO:0006468"	"protein phosphorylation"	0.00604549569313204	1	"GOStats"	"depletion"
"MV"	"GO:0006470"	"protein dephosphorylation"	0.00519814751387152	1	"GOStats"	"depletion"
"MV"	"GO:0006479"	"protein methylation"	0.00503466408130518	1	"GOStats"	"depletion"
"MV"	"GO:0006515"	"protein quality control for misfolded or incompletely synthesized proteins"	0.00863722492768085	1	"GOStats"	"depletion"
"MV"	"GO:0006606"	"protein import into nucleus"	2.40254882695549e-05	1	"GOStats"	"depletion"
"MV"	"GO:0006629"	"lipid metabolic process"	0.00924097957432127	1	"GOStats"	"depletion"
"MV"	"GO:0006637"	"acyl-CoA metabolic process"	0.00898877328882832	1	"GOStats"	"depletion"
"MV"	"GO:0006694"	"steroid biosynthetic process"	0.00860954156968548	1	"GOStats"	"depletion"
"MV"	"GO:0006778"	"porphyrin-containing compound metabolic process"	0.00924410711630233	1	"GOStats"	"depletion"
"MV"	"GO:0006779"	"porphyrin-containing compound biosynthetic process"	0.00540098577937897	1	"GOStats"	"depletion"
"MV"	"GO:0006783"	"heme biosynthetic process"	0.00711109132518335	1	"GOStats"	"depletion"
"MV"	"GO:0006790"	"sulfur compound metabolic process"	0.00693773663998892	1	"GOStats"	"depletion"
"MV"	"GO:0006793"	"phosphorus metabolic process"	0.00657032375003492	1	"GOStats"	"depletion"
"MV"	"GO:0006796"	"phosphate-containing compound metabolic process"	0.00679923589051398	1	"GOStats"	"depletion"
"MV"	"GO:0006873"	"cellular ion homeostasis"	0.00142070902909461	1	"GOStats"	"depletion"
"MV"	"GO:0006874"	"cellular calcium ion homeostasis"	0.00193351235813569	1	"GOStats"	"depletion"
"MV"	"GO:0006875"	"cellular metal ion homeostasis"	0.0032308486798441	2	"GOStats"	"depletion"
"MV"	"GO:0006879"	"cellular iron ion homeostasis"	0.0057436704084175	1	"GOStats"	"depletion"
"MV"	"GO:0006913"	"nucleocytoplasmic transport"	0.00255797841825102	1	"GOStats"	"depletion"
"MV"	"GO:0006936"	"muscle contraction"	0.00602742846708235	1	"GOStats"	"depletion"
"MV"	"GO:0006941"	"striated muscle contraction"	0.00618465860278429	2	"GOStats"	"depletion"
"MV"	"GO:0006952"	"defense response"	0.00570182180641997	2	"GOStats"	"depletion"
"MV"	"GO:0006955"	"immune response"	0.00044177087291125	2	"GOStats"	"depletion"
"MV"	"GO:0006956"	"complement activation"	0.00473170711189599	1	"GOStats"	"depletion"
"MV"	"GO:0006959"	"humoral immune response"	0.000519491658029052	1	"GOStats"	"depletion"
"MV"	"GO:0007005"	"mitochondrion organization"	0.00950292975099758	1	"GOStats"	"depletion"
"MV"	"GO:0007010"	"cytoskeleton organization"	0.00388510494024114	1	"GOStats"	"depletion"
"MV"	"GO:0007033"	"vacuole organization"	0.00432837628990664	1	"GOStats"	"depletion"
"MV"	"GO:0007093"	"mitotic cell cycle checkpoint"	0.00969076546833886	1	"GOStats"	"depletion"
"MV"	"GO:0007154"	"cell communication"	0.00626462763291917	1	"GOStats"	"depletion"
"MV"	"GO:0007156"	"homophilic cell adhesion via plasma membrane adhesion molecules"	0.00577232483878467	1	"GOStats"	"depletion"
"MV"	"GO:0007204"	"positive regulation of cytosolic calcium ion concentration"	0.00792094887367448	1	"GOStats"	"depletion"
"MV"	"GO:0007254"	"JNK cascade"	0.00803729372302833	1	"GOStats"	"depletion"
"MV"	"GO:0007338"	"single fertilization"	0.00351503077712614	1	"GOStats"	"depletion"
"MV"	"GO:0007346"	"regulation of mitotic cell cycle"	0.00791715520267552	1	"GOStats"	"depletion"
"MV"	"GO:0007519"	"skeletal muscle tissue development"	0.00595288881620632	1	"GOStats"	"depletion"
"MV"	"GO:0007610"	"behavior"	0.0051839018217273	2	"GOStats"	"depletion"
"MV"	"GO:0008016"	"regulation of heart contraction"	0.00528735634257534	1	"GOStats"	"depletion"
"MV"	"GO:0008037"	"cell recognition"	0.00424642419449254	1	"GOStats"	"depletion"
"MV"	"GO:0008064"	"regulation of actin polymerization or depolymerization"	0.00494465510603109	1	"GOStats"	"depletion"
"MV"	"GO:0008202"	"steroid metabolic process"	0.00516036836190282	1	"GOStats"	"depletion"
"MV"	"GO:0008203"	"cholesterol metabolic process"	0.0042076524647752	1	"GOStats"	"depletion"
"MV"	"GO:0008213"	"protein alkylation"	0.00503466408130518	1	"GOStats"	"depletion"
"MV"	"GO:0008380"	"RNA splicing"	0.00918403686877453	1	"GOStats"	"depletion"
"MV"	"GO:0009056"	"catabolic process"	0.00920396213919568	1	"GOStats"	"depletion"
"MV"	"GO:0009267"	"cellular response to starvation"	0.0067554443536842	1	"GOStats"	"depletion"
"MV"	"GO:0009408"	"response to heat"	0.00711109132518335	1	"GOStats"	"depletion"
"MV"	"GO:0009605"	"response to external stimulus"	0.00589967879074219	1	"GOStats"	"depletion"
"MV"	"GO:0009607"	"response to biotic stimulus"	0.00453963585287291	2	"GOStats"	"depletion"
"MV"	"GO:0009611"	"response to wounding"	0.00429011031608857	1	"GOStats"	"depletion"
"MV"	"GO:0009628"	"response to abiotic stimulus"	0.0031948266639663	1	"GOStats"	"depletion"
"MV"	"GO:0009653"	"anatomical structure morphogenesis"	0.000665389952852051	1	"GOStats"	"depletion"
"MV"	"GO:0009725"	"response to hormone"	0.00985433283942052	1	"GOStats"	"depletion"
"MV"	"GO:0009790"	"embryo development"	0.00741433703117462	1	"GOStats"	"depletion"
"MV"	"GO:0009792"	"embryo development ending in birth or egg hatching"	0.00821212258222341	1	"GOStats"	"depletion"
"MV"	"GO:0009887"	"animal organ morphogenesis"	0.000787307993496739	1	"GOStats"	"depletion"
"MV"	"GO:0009889"	"regulation of biosynthetic process"	0.00686268251706631	1	"GOStats"	"depletion"
"MV"	"GO:0009891"	"positive regulation of biosynthetic process"	0.00959444440275371	1	"GOStats"	"depletion"
"MV"	"GO:0010038"	"response to metal ion"	0.00305569117120084	1	"GOStats"	"depletion"
"MV"	"GO:0010557"	"positive regulation of macromolecule biosynthetic process"	0.00585738194887933	1	"GOStats"	"depletion"
"MV"	"GO:0010638"	"positive regulation of organelle organization"	0.00520242577433029	1	"GOStats"	"depletion"
"MV"	"GO:0010720"	"positive regulation of cell development"	0.0099302420230761	1	"GOStats"	"depletion"
"MV"	"GO:0010927"	"cellular component assembly involved in morphogenesis"	0.00667614261200401	1	"GOStats"	"depletion"
"MV"	"GO:0010951"	"negative regulation of endopeptidase activity"	0.00389963007076035	1	"GOStats"	"depletion"
"MV"	"GO:0014904"	"myotube cell development"	0.00892661074104334	1	"GOStats"	"depletion"
"MV"	"GO:0016125"	"sterol metabolic process"	0.00297692831408912	2	"GOStats"	"depletion"
"MV"	"GO:0016310"	"phosphorylation"	0.00232334476246876	1	"GOStats"	"depletion"
"MV"	"GO:0016441"	"posttranscriptional gene silencing"	0.00589846352282075	1	"GOStats"	"depletion"
"MV"	"GO:0016574"	"histone ubiquitination"	0.00711058920972765	1	"GOStats"	"depletion"
"MV"	"GO:0017038"	"protein import"	0.000615625884199711	1	"GOStats"	"depletion"
"MV"	"GO:0018130"	"heterocycle biosynthetic process"	0.00127313837591614	1	"GOStats"	"depletion"
"MV"	"GO:0019219"	"regulation of nucleobase-containing compound metabolic process"	0.0067652778410593	1	"GOStats"	"depletion"
"MV"	"GO:0019221"	"cytokine-mediated signaling pathway"	0.00265248744785876	2	"GOStats"	"depletion"
"MV"	"GO:0019318"	"hexose metabolic process"	0.00724780597352727	1	"GOStats"	"depletion"
"MV"	"GO:0019438"	"aromatic compound biosynthetic process"	0.00159927454853906	1	"GOStats"	"depletion"
"MV"	"GO:0019932"	"second-messenger-mediated signaling"	0.0099302420230761	1	"GOStats"	"depletion"
"MV"	"GO:0021952"	"central nervous system projection neuron axonogenesis"	0.00687602193222993	1	"GOStats"	"depletion"
"MV"	"GO:0021955"	"central nervous system neuron axonogenesis"	0.00325519840305124	1	"GOStats"	"depletion"
"MV"	"GO:0022412"	"cellular process involved in reproduction in multicellular organism"	0.00652958628138946	1	"GOStats"	"depletion"
"MV"	"GO:0022414"	"reproductive process"	0.0026017912690769	1	"GOStats"	"depletion"
"MV"	"GO:0030003"	"cellular cation homeostasis"	0.00164766779140418	1	"GOStats"	"depletion"
"MV"	"GO:0030162"	"regulation of proteolysis"	0.00730255740708217	1	"GOStats"	"depletion"
"MV"	"GO:0030198"	"extracellular matrix organization"	0.00153680097639045	1	"GOStats"	"depletion"
"MV"	"GO:0030832"	"regulation of actin filament length"	0.00494465510603109	1	"GOStats"	"depletion"
"MV"	"GO:0030833"	"regulation of actin filament polymerization"	0.00258671147073173	1	"GOStats"	"depletion"
"MV"	"GO:0030838"	"positive regulation of actin filament polymerization"	0.00623487740196681	1	"GOStats"	"depletion"
"MV"	"GO:0030903"	"notochord development"	0.00940909471105811	1	"GOStats"	"depletion"
"MV"	"GO:0030917"	"midbrain-hindbrain boundary development"	0.00971374233326084	1	"GOStats"	"depletion"
"MV"	"GO:0031017"	"exocrine pancreas development"	0.00729366648867774	1	"GOStats"	"depletion"
"MV"	"GO:0031032"	"actomyosin structure organization"	0.00571156575573858	2	"GOStats"	"depletion"
"MV"	"GO:0031047"	"gene silencing by RNA"	0.0033183351098111	1	"GOStats"	"depletion"
"MV"	"GO:0031056"	"regulation of histone modification"	0.00334339103133203	1	"GOStats"	"depletion"
"MV"	"GO:0031326"	"regulation of cellular biosynthetic process"	0.00780347584854439	1	"GOStats"	"depletion"
"MV"	"GO:0031328"	"positive regulation of cellular biosynthetic process"	0.00959444440275371	1	"GOStats"	"depletion"
"MV"	"GO:0031334"	"positive regulation of protein-containing complex assembly"	0.00257973934959422	1	"GOStats"	"depletion"
"MV"	"GO:0031589"	"cell-substrate adhesion"	0.00661588778091214	1	"GOStats"	"depletion"
"MV"	"GO:0031668"	"cellular response to extracellular stimulus"	0.00317740460101786	1	"GOStats"	"depletion"
"MV"	"GO:0031669"	"cellular response to nutrient levels"	0.00384385965765874	1	"GOStats"	"depletion"
"MV"	"GO:0031929"	"TOR signaling"	0.00458234004199885	1	"GOStats"	"depletion"
"MV"	"GO:0032006"	"regulation of TOR signaling"	0.00113774757507695	1	"GOStats"	"depletion"
"MV"	"GO:0032007"	"negative regulation of TOR signaling"	0.00561679776397149	1	"GOStats"	"depletion"
"MV"	"GO:0032271"	"regulation of protein polymerization"	0.00100986357773129	1	"GOStats"	"depletion"
"MV"	"GO:0032273"	"positive regulation of protein polymerization"	0.00295466829146806	1	"GOStats"	"depletion"
"MV"	"GO:0032501"	"multicellular organismal process"	0.000853270412255063	1	"GOStats"	"depletion"
"MV"	"GO:0032774"	"RNA biosynthetic process"	0.00147592259275211	1	"GOStats"	"depletion"
"MV"	"GO:0032870"	"cellular response to hormone stimulus"	0.00665441637483121	1	"GOStats"	"depletion"
"MV"	"GO:0032956"	"regulation of actin cytoskeleton organization"	0.00450097189178767	1	"GOStats"	"depletion"
"MV"	"GO:0032970"	"regulation of actin filament-based process"	0.00807657658458051	1	"GOStats"	"depletion"
"MV"	"GO:0033014"	"tetrapyrrole biosynthetic process"	0.00540098577937897	1	"GOStats"	"depletion"
"MV"	"GO:0033333"	"fin development"	0.0013358754457243	1	"GOStats"	"depletion"
"MV"	"GO:0033339"	"pectoral fin development"	0.00311314602346729	1	"GOStats"	"depletion"
"MV"	"GO:0034097"	"response to cytokine"	0.00407454103441578	2	"GOStats"	"depletion"
"MV"	"GO:0034220"	"ion transmembrane transport"	0.00498302735873258	1	"GOStats"	"depletion"
"MV"	"GO:0034308"	"primary alcohol metabolic process"	0.0022686957887174	1	"GOStats"	"depletion"
"MV"	"GO:0034341"	"response to interferon-gamma"	0.00320839790820558	2	"GOStats"	"depletion"
"MV"	"GO:0034504"	"protein localization to nucleus"	6.818614937309e-05	1	"GOStats"	"depletion"
"MV"	"GO:0034599"	"cellular response to oxidative stress"	0.00761412286136775	1	"GOStats"	"depletion"
"MV"	"GO:0034654"	"nucleobase-containing compound biosynthetic process"	0.00154028198407469	1	"GOStats"	"depletion"
"MV"	"GO:0035148"	"tube formation"	0.00679208535502391	1	"GOStats"	"depletion"
"MV"	"GO:0035194"	"post-transcriptional gene silencing by RNA"	0.00589846352282075	1	"GOStats"	"depletion"
"MV"	"GO:0035272"	"exocrine system development"	0.00729366648867774	1	"GOStats"	"depletion"
"MV"	"GO:0035383"	"thioester metabolic process"	0.00898877328882832	1	"GOStats"	"depletion"
"MV"	"GO:0035883"	"enteroendocrine cell differentiation"	0.00703131099088989	1	"GOStats"	"depletion"
"MV"	"GO:0039019"	"pronephric nephron development"	0.00447997697234142	1	"GOStats"	"depletion"
"MV"	"GO:0039021"	"pronephric glomerulus development"	0.00936237779215138	1	"GOStats"	"depletion"
"MV"	"GO:0042181"	"ketone biosynthetic process"	0.00540098577937897	1	"GOStats"	"depletion"
"MV"	"GO:0042490"	"mechanoreceptor differentiation"	0.00581631416133989	1	"GOStats"	"depletion"
"MV"	"GO:0042594"	"response to starvation"	0.00262347659123651	1	"GOStats"	"depletion"
"MV"	"GO:0043009"	"chordate embryonic development"	0.00882052750531434	1	"GOStats"	"depletion"
"MV"	"GO:0043062"	"extracellular structure organization"	0.00153680097639045	1	"GOStats"	"depletion"
"MV"	"GO:0043087"	"regulation of GTPase activity"	0.00796400727914586	1	"GOStats"	"depletion"
"MV"	"GO:0043207"	"response to external biotic stimulus"	0.00356975116103583	2	"GOStats"	"depletion"
"MV"	"GO:0043254"	"regulation of protein-containing complex assembly"	0.0026499913331171	1	"GOStats"	"depletion"
"MV"	"GO:0043409"	"negative regulation of MAPK cascade"	0.0068275660243931	1	"GOStats"	"depletion"
"MV"	"GO:0043467"	"regulation of generation of precursor metabolites and energy"	0.00472965126582404	2	"GOStats"	"depletion"
"MV"	"GO:0043583"	"ear development"	0.00258938431664822	1	"GOStats"	"depletion"
"MV"	"GO:0044089"	"positive regulation of cellular component biogenesis"	0.00584265127448107	1	"GOStats"	"depletion"
"MV"	"GO:0044238"	"primary metabolic process"	0.00966813146328978	1	"GOStats"	"depletion"
"MV"	"GO:0044272"	"sulfur compound biosynthetic process"	0.00972311119580818	1	"GOStats"	"depletion"
"MV"	"GO:0044281"	"small molecule metabolic process"	0.00574933856701054	2	"GOStats"	"depletion"
"MV"	"GO:0044419"	"biological process involved in interspecies interaction between organisms"	0.000208491048324884	1	"GOStats"	"depletion"
"MV"	"GO:0044772"	"mitotic cell cycle phase transition"	0.00895847442236632	1	"GOStats"	"depletion"
"MV"	"GO:0045010"	"actin nucleation"	0.0058773382347954	1	"GOStats"	"depletion"
"MV"	"GO:0045143"	"homologous chromosome segregation"	0.00936237779215138	1	"GOStats"	"depletion"
"MV"	"GO:0045229"	"external encapsulating structure organization"	0.00153680097639045	1	"GOStats"	"depletion"
"MV"	"GO:0045893"	"positive regulation of transcription, DNA-templated"	0.000890234259139229	1	"GOStats"	"depletion"
"MV"	"GO:0045935"	"positive regulation of nucleobase-containing compound metabolic process"	0.00554483564096115	1	"GOStats"	"depletion"
"MV"	"GO:0045944"	"positive regulation of transcription by RNA polymerase II"	0.00278072405190771	1	"GOStats"	"depletion"
"MV"	"GO:0046483"	"heterocycle metabolic process"	0.00685818356619886	1	"GOStats"	"depletion"
"MV"	"GO:0046578"	"regulation of Ras protein signal transduction"	0.0090014682163111	1	"GOStats"	"depletion"
"MV"	"GO:0046916"	"cellular transition metal ion homeostasis"	0.00860954156968548	1	"GOStats"	"depletion"
"MV"	"GO:0048477"	"oogenesis"	0.00630226642096631	1	"GOStats"	"depletion"
"MV"	"GO:0048513"	"animal organ development"	0.00726505440225165	1	"GOStats"	"depletion"
"MV"	"GO:0048523"	"negative regulation of cellular process"	0.00587021379073682	1	"GOStats"	"depletion"
"MV"	"GO:0048562"	"embryonic organ morphogenesis"	0.00386469480589593	1	"GOStats"	"depletion"
"MV"	"GO:0048584"	"positive regulation of response to stimulus"	0.0097614948337151	1	"GOStats"	"depletion"
"MV"	"GO:0048592"	"eye morphogenesis"	0.006453146531648	1	"GOStats"	"depletion"
"MV"	"GO:0048646"	"anatomical structure formation involved in morphogenesis"	0.00366171477091769	1	"GOStats"	"depletion"
"MV"	"GO:0048705"	"skeletal system morphogenesis"	0.00961527619315122	1	"GOStats"	"depletion"
"MV"	"GO:0048736"	"appendage development"	0.000848138963865793	1	"GOStats"	"depletion"
"MV"	"GO:0048741"	"skeletal muscle fiber development"	0.00892661074104334	1	"GOStats"	"depletion"
"MV"	"GO:0048839"	"inner ear development"	0.00294734692290212	1	"GOStats"	"depletion"
"MV"	"GO:0048878"	"chemical homeostasis"	0.00460580756194466	1	"GOStats"	"depletion"
"MV"	"GO:0050789"	"regulation of biological process"	0.00195265983942072	1	"GOStats"	"depletion"
"MV"	"GO:0050793"	"regulation of developmental process"	0.00240675792036732	1	"GOStats"	"depletion"
"MV"	"GO:0050794"	"regulation of cellular process"	0.00744383592691351	1	"GOStats"	"depletion"
"MV"	"GO:0050801"	"ion homeostasis"	0.00246786185704207	1	"GOStats"	"depletion"
"MV"	"GO:0050878"	"regulation of body fluid levels"	0.00947698811368876	1	"GOStats"	"depletion"
"MV"	"GO:0051056"	"regulation of small GTPase mediated signal transduction"	0.00530328994654672	1	"GOStats"	"depletion"
"MV"	"GO:0051084"	"'de novo' posttranslational protein folding"	0.00870474167713529	1	"GOStats"	"depletion"
"MV"	"GO:0051093"	"negative regulation of developmental process"	0.00652700539216175	1	"GOStats"	"depletion"
"MV"	"GO:0051169"	"nuclear transport"	0.00255797841825102	1	"GOStats"	"depletion"
"MV"	"GO:0051170"	"import into nucleus"	1.89570852831966e-05	1	"GOStats"	"depletion"
"MV"	"GO:0051216"	"cartilage development"	0.00351391331123873	1	"GOStats"	"depletion"
"MV"	"GO:0051239"	"regulation of multicellular organismal process"	0.00882977257642924	1	"GOStats"	"depletion"
"MV"	"GO:0051252"	"regulation of RNA metabolic process"	0.00826193698075462	1	"GOStats"	"depletion"
"MV"	"GO:0051254"	"positive regulation of RNA metabolic process"	0.000918262386320752	1	"GOStats"	"depletion"
"MV"	"GO:0051258"	"protein polymerization"	0.0015913275115759	1	"GOStats"	"depletion"
"MV"	"GO:0051260"	"protein homooligomerization"	0.0090426080961468	1	"GOStats"	"depletion"
"MV"	"GO:0051321"	"meiotic cell cycle"	0.000337672145444971	1	"GOStats"	"depletion"
"MV"	"GO:0051480"	"regulation of cytosolic calcium ion concentration"	0.00193566875217973	1	"GOStats"	"depletion"
"MV"	"GO:0051495"	"positive regulation of cytoskeleton organization"	0.0007672277304806	1	"GOStats"	"depletion"
"MV"	"GO:0051707"	"response to other organism"	0.00356975116103583	2	"GOStats"	"depletion"
"MV"	"GO:0051960"	"regulation of nervous system development"	0.00619371311241661	1	"GOStats"	"depletion"
"MV"	"GO:0055065"	"metal ion homeostasis"	0.00496363151165576	2	"GOStats"	"depletion"
"MV"	"GO:0055074"	"calcium ion homeostasis"	0.00205738186968302	1	"GOStats"	"depletion"
"MV"	"GO:0055080"	"cation homeostasis"	0.00220342713641145	1	"GOStats"	"depletion"
"MV"	"GO:0055082"	"cellular chemical homeostasis"	0.00194909799453122	1	"GOStats"	"depletion"
"MV"	"GO:0060173"	"limb development"	0.00146393608109642	1	"GOStats"	"depletion"
"MV"	"GO:0060348"	"bone development"	0.00017684871033354	1	"GOStats"	"depletion"
"MV"	"GO:0060349"	"bone morphogenesis"	0.0067792778903162	1	"GOStats"	"depletion"
"MV"	"GO:0061448"	"connective tissue development"	0.00553605600131387	1	"GOStats"	"depletion"
"MV"	"GO:0061982"	"meiosis I cell cycle process"	0.00522060243020864	2	"GOStats"	"depletion"
"MV"	"GO:0062197"	"cellular response to chemical stress"	0.00399423952273715	1	"GOStats"	"depletion"
"MV"	"GO:0065007"	"biological regulation"	0.00180157492642519	1	"GOStats"	"depletion"
"MV"	"GO:0070098"	"chemokine-mediated signaling pathway"	0.00573106555196575	2	"GOStats"	"depletion"
"MV"	"GO:0070192"	"chromosome organization involved in meiotic cell cycle"	0.00236593842054476	1	"GOStats"	"depletion"
"MV"	"GO:0070555"	"response to interleukin-1"	0.00338089395770492	2	"GOStats"	"depletion"
"MV"	"GO:0070588"	"calcium ion transmembrane transport"	0.00794721264217637	1	"GOStats"	"depletion"
"MV"	"GO:0071345"	"cellular response to cytokine stimulus"	0.00193037091452139	2	"GOStats"	"depletion"
"MV"	"GO:0071346"	"cellular response to interferon-gamma"	0.00320839790820558	2	"GOStats"	"depletion"
"MV"	"GO:0071347"	"cellular response to interleukin-1"	0.00238634407496555	1	"GOStats"	"depletion"
"MV"	"GO:0071356"	"cellular response to tumor necrosis factor"	0.00645169243799366	1	"GOStats"	"depletion"
"MV"	"GO:0071375"	"cellular response to peptide hormone stimulus"	0.00609831965989882	1	"GOStats"	"depletion"
"MV"	"GO:0071496"	"cellular response to external stimulus"	0.00262347659123651	1	"GOStats"	"depletion"
"MV"	"GO:0071600"	"otic vesicle morphogenesis"	0.00940119694712048	1	"GOStats"	"depletion"
"MV"	"GO:0071674"	"mononuclear cell migration"	0.0023788224957144	1	"GOStats"	"depletion"
"MV"	"GO:0071695"	"anatomical structure maturation"	0.00559597437811228	1	"GOStats"	"depletion"
"MV"	"GO:0071696"	"ectodermal placode development"	0.00274843435976589	1	"GOStats"	"depletion"
"MV"	"GO:0071697"	"ectodermal placode morphogenesis"	0.00940119694712048	1	"GOStats"	"depletion"
"MV"	"GO:0071704"	"organic substance metabolic process"	0.00834663950562196	1	"GOStats"	"depletion"
"MV"	"GO:0072331"	"signal transduction by p53 class mediator"	0.00479105936603747	1	"GOStats"	"depletion"
"MV"	"GO:0072503"	"cellular divalent inorganic cation homeostasis"	0.00114141336250543	1	"GOStats"	"depletion"
"MV"	"GO:0072507"	"divalent inorganic cation homeostasis"	0.00090823969904185	1	"GOStats"	"depletion"
"MV"	"GO:0072594"	"establishment of protein localization to organelle"	0.000510388367530468	1	"GOStats"	"depletion"
"MV"	"GO:0072676"	"lymphocyte migration"	0.00479105936603747	1	"GOStats"	"depletion"
"MV"	"GO:0080090"	"regulation of primary metabolic process"	0.00828485527787063	1	"GOStats"	"depletion"
"MV"	"GO:0080134"	"regulation of response to stress"	0.00700874372986663	1	"GOStats"	"depletion"
"MV"	"GO:0090130"	"tissue migration"	0.00708063362755066	1	"GOStats"	"depletion"
"MV"	"GO:0097191"	"extrinsic apoptotic signaling pathway"	0.00639518225020208	1	"GOStats"	"depletion"
"MV"	"GO:0097659"	"nucleic acid-templated transcription"	0.00116804202225773	1	"GOStats"	"depletion"
"MV"	"GO:0098655"	"cation transmembrane transport"	0.00735246236754078	1	"GOStats"	"depletion"
"MV"	"GO:0098660"	"inorganic ion transmembrane transport"	0.00735246236754078	1	"GOStats"	"depletion"
"MV"	"GO:0098771"	"inorganic ion homeostasis"	0.00362790231577271	1	"GOStats"	"depletion"
"MV"	"GO:0098876"	"vesicle-mediated transport to the plasma membrane"	0.00803729372302833	1	"GOStats"	"depletion"
"MV"	"GO:0099003"	"vesicle-mediated transport in synapse"	0.00305953369111597	1	"GOStats"	"depletion"
"MV"	"GO:0099504"	"synaptic vesicle cycle"	0.00305953369111597	1	"GOStats"	"depletion"
"MV"	"GO:0110053"	"regulation of actin filament organization"	0.00204139421913235	1	"GOStats"	"depletion"
"MV"	"GO:1901360"	"organic cyclic compound metabolic process"	0.00743363508434625	1	"GOStats"	"depletion"
"MV"	"GO:1901362"	"organic cyclic compound biosynthetic process"	0.000582407222424778	1	"GOStats"	"depletion"
"MV"	"GO:1901565"	"organonitrogen compound catabolic process"	0.00240429360616018	1	"GOStats"	"depletion"
"MV"	"GO:1901575"	"organic substance catabolic process"	0.0034490441586886	1	"GOStats"	"depletion"
"MV"	"GO:1901653"	"cellular response to peptide"	0.00609831965989882	1	"GOStats"	"depletion"
"MV"	"GO:1902275"	"regulation of chromatin organization"	0.00070265530296994	1	"GOStats"	"depletion"
"MV"	"GO:1902652"	"secondary alcohol metabolic process"	0.00122033492786405	1	"GOStats"	"depletion"
"MV"	"GO:1902680"	"positive regulation of RNA biosynthetic process"	0.000890234259139229	1	"GOStats"	"depletion"
"MV"	"GO:1902903"	"regulation of supramolecular fiber organization"	0.00145886143853789	1	"GOStats"	"depletion"
"MV"	"GO:1902905"	"positive regulation of supramolecular fiber organization"	0.0007672277304806	1	"GOStats"	"depletion"
"MV"	"GO:1903034"	"regulation of response to wounding"	0.00855527963482365	1	"GOStats"	"depletion"
"MV"	"GO:1903046"	"meiotic cell cycle process"	0.000828652708436786	1	"GOStats"	"depletion"
"MV"	"GO:1903506"	"regulation of nucleic acid-templated transcription"	0.00426002376987319	1	"GOStats"	"depletion"
"MV"	"GO:1903508"	"positive regulation of nucleic acid-templated transcription"	0.000890234259139229	1	"GOStats"	"depletion"
"MV"	"GO:1903706"	"regulation of hemopoiesis"	0.00331835482659741	1	"GOStats"	"depletion"
"MV"	"GO:1990542"	"mitochondrial transmembrane transport"	0.00255081178698558	1	"GOStats"	"depletion"
"MV"	"GO:1990868"	"response to chemokine"	0.0043764752745586	2	"GOStats"	"depletion"
"MV"	"GO:1990869"	"cellular response to chemokine"	0.0043764752745586	2	"GOStats"	"depletion"
"MV"	"GO:2000112"	"regulation of cellular macromolecule biosynthetic process"	0.00876327680548483	1	"GOStats"	"depletion"
"MV"	"GO:2000241"	"regulation of reproductive process"	0.00762197769836482	1	"GOStats"	"depletion"
"MV"	"GO:2001141"	"regulation of RNA biosynthetic process"	0.00389147698362572	1	"GOStats"	"depletion"
"HV"	"GO:0000070"	"mitotic sister chromatid segregation"	0.00160505893981857	2	"GOStats"	"depletion"
"HV"	"GO:0000075"	"cell cycle checkpoint"	0.00728976294802672	1	"GOStats"	"depletion"
"HV"	"GO:0000209"	"protein polyubiquitination"	0.00151380307466636	8	"GOStats"	"depletion"
"HV"	"GO:0000226"	"microtubule cytoskeleton organization"	0.00319808654929007	2	"GOStats"	"depletion"
"HV"	"GO:0000245"	"spliceosomal complex assembly"	0.00665959867700035	4	"GOStats"	"depletion"
"HV"	"GO:0000280"	"nuclear division"	0.00685588026888577	1	"GOStats"	"depletion"
"HV"	"GO:0000281"	"mitotic cytokinesis"	0.0040996828580158	1	"GOStats"	"depletion"
"HV"	"GO:0000288"	"nuclear-transcribed mRNA catabolic process, deadenylation-dependent decay"	0.00463822917388027	2	"GOStats"	"depletion"
"HV"	"GO:0000375"	"RNA splicing, via transesterification reactions"	4.02384021410232e-05	12	"GOStats"	"depletion"
"HV"	"GO:0000377"	"RNA splicing, via transesterification reactions with bulged adenosine as nucleophile"	4.02384021410232e-05	12	"GOStats"	"depletion"
"HV"	"GO:0000380"	"alternative mRNA splicing, via spliceosome"	0.00571035236020881	2	"GOStats"	"depletion"
"HV"	"GO:0000398"	"mRNA splicing, via spliceosome"	4.02384021410232e-05	12	"GOStats"	"depletion"
"HV"	"GO:0000460"	"maturation of 5.8S rRNA"	0.0053572035841113	2	"GOStats"	"depletion"
"HV"	"GO:0000470"	"maturation of LSU-rRNA"	0.00774092648077199	1	"GOStats"	"depletion"
"HV"	"GO:0000724"	"double-strand break repair via homologous recombination"	0.00259381043807419	2	"GOStats"	"depletion"
"HV"	"GO:0000725"	"recombinational repair"	0.00469121124255748	3	"GOStats"	"depletion"
"HV"	"GO:0000819"	"sister chromatid segregation"	0.00587582570831582	2	"GOStats"	"depletion"
"HV"	"GO:0000902"	"cell morphogenesis"	0.00111675419787379	3	"GOStats"	"depletion"
"HV"	"GO:0000904"	"cell morphogenesis involved in differentiation"	0.000223389830555106	3	"GOStats"	"depletion"
"HV"	"GO:0000956"	"nuclear-transcribed mRNA catabolic process"	0.000660906957066659	2	"GOStats"	"depletion"
"HV"	"GO:0001501"	"skeletal system development"	0.00526239056313197	1	"GOStats"	"depletion"
"HV"	"GO:0001505"	"regulation of neurotransmitter levels"	0.00774706613975084	1	"GOStats"	"depletion"
"HV"	"GO:0001510"	"RNA methylation"	0.00375457271933297	2	"GOStats"	"depletion"
"HV"	"GO:0001525"	"angiogenesis"	0.00213499247934537	1	"GOStats"	"depletion"
"HV"	"GO:0001568"	"blood vessel development"	0.00303867364297293	1	"GOStats"	"depletion"
"HV"	"GO:0001654"	"eye development"	0.00345251761312109	1	"GOStats"	"depletion"
"HV"	"GO:0001655"	"urogenital system development"	0.00349653663596956	1	"GOStats"	"depletion"
"HV"	"GO:0001667"	"ameboidal-type cell migration"	2.67362412883796e-05	1	"GOStats"	"depletion"
"HV"	"GO:0001822"	"kidney development"	0.00402764627210084	1	"GOStats"	"depletion"
"HV"	"GO:0001894"	"tissue homeostasis"	0.0043793547115847	4	"GOStats"	"depletion"
"HV"	"GO:0001933"	"negative regulation of protein phosphorylation"	0.00774954775345645	1	"GOStats"	"depletion"
"HV"	"GO:0001935"	"endothelial cell proliferation"	0.00784060870176945	1	"GOStats"	"depletion"
"HV"	"GO:0001944"	"vasculature development"	0.00359320868938402	1	"GOStats"	"depletion"
"HV"	"GO:0002009"	"morphogenesis of an epithelium"	0.000772488354990295	2	"GOStats"	"depletion"
"HV"	"GO:0002011"	"morphogenesis of an epithelial sheet"	0.00644876684949256	1	"GOStats"	"depletion"
"HV"	"GO:0002040"	"sprouting angiogenesis"	0.00398652430873015	2	"GOStats"	"depletion"
"HV"	"GO:0002520"	"immune system development"	0.00531835909878261	1	"GOStats"	"depletion"
"HV"	"GO:0002521"	"leukocyte differentiation"	0.00374399990681215	1	"GOStats"	"depletion"
"HV"	"GO:0002573"	"myeloid leukocyte differentiation"	0.000203865965210665	1	"GOStats"	"depletion"
"HV"	"GO:0003008"	"system process"	0.00206816224792394	1	"GOStats"	"depletion"
"HV"	"GO:0003407"	"neural retina development"	0.00443371789471234	1	"GOStats"	"depletion"
"HV"	"GO:0005975"	"carbohydrate metabolic process"	0.00139150638196816	1	"GOStats"	"depletion"
"HV"	"GO:0006029"	"proteoglycan metabolic process"	0.00676419193612844	2	"GOStats"	"depletion"
"HV"	"GO:0006139"	"nucleobase-containing compound metabolic process"	0.00119141288426046	13	"GOStats"	"depletion"
"HV"	"GO:0006259"	"DNA metabolic process"	0.00127542414786617	9	"GOStats"	"depletion"
"HV"	"GO:0006260"	"DNA replication"	0.00167461551632432	5	"GOStats"	"depletion"
"HV"	"GO:0006261"	"DNA-dependent DNA replication"	0.00371801603350956	4	"GOStats"	"depletion"
"HV"	"GO:0006281"	"DNA repair"	0.000545081843000256	9	"GOStats"	"depletion"
"HV"	"GO:0006282"	"regulation of DNA repair"	0.00934399972123405	1	"GOStats"	"depletion"
"HV"	"GO:0006302"	"double-strand break repair"	0.00301022661390985	6	"GOStats"	"depletion"
"HV"	"GO:0006310"	"DNA recombination"	0.00441901108236913	1	"GOStats"	"depletion"
"HV"	"GO:0006323"	"DNA packaging"	0.00257725196582487	1	"GOStats"	"depletion"
"HV"	"GO:0006325"	"chromatin organization"	0.00184709095657349	16	"GOStats"	"depletion"
"HV"	"GO:0006334"	"nucleosome assembly"	0.00344927508313715	1	"GOStats"	"depletion"
"HV"	"GO:0006338"	"chromatin remodeling"	0.00159900844841684	7	"GOStats"	"depletion"
"HV"	"GO:0006351"	"transcription, DNA-templated"	0.00281227299483754	5	"GOStats"	"depletion"
"HV"	"GO:0006352"	"DNA-templated transcription, initiation"	0.00307318134219895	5	"GOStats"	"depletion"
"HV"	"GO:0006354"	"DNA-templated transcription, elongation"	0.00663139560268939	4	"GOStats"	"depletion"
"HV"	"GO:0006355"	"regulation of transcription, DNA-templated"	0.0022898789516612	4	"GOStats"	"depletion"
"HV"	"GO:0006364"	"rRNA processing"	0.000883507024446871	9	"GOStats"	"depletion"
"HV"	"GO:0006367"	"transcription initiation from RNA polymerase II promoter"	0.00425489195473547	3	"GOStats"	"depletion"
"HV"	"GO:0006368"	"transcription elongation from RNA polymerase II promoter"	0.0061242620765121	3	"GOStats"	"depletion"
"HV"	"GO:0006396"	"RNA processing"	0.000191160092638255	14	"GOStats"	"depletion"
"HV"	"GO:0006397"	"mRNA processing"	0.000645458390730461	14	"GOStats"	"depletion"
"HV"	"GO:0006399"	"tRNA metabolic process"	0.00148867790885782	12	"GOStats"	"depletion"
"HV"	"GO:0006400"	"tRNA modification"	0.00221952843385847	4	"GOStats"	"depletion"
"HV"	"GO:0006401"	"RNA catabolic process"	0.000409896747288103	3	"GOStats"	"depletion"
"HV"	"GO:0006402"	"mRNA catabolic process"	0.00266702194163823	3	"GOStats"	"depletion"
"HV"	"GO:0006403"	"RNA localization"	0.000868505801207426	2	"GOStats"	"depletion"
"HV"	"GO:0006405"	"RNA export from nucleus"	0.00402565991965189	1	"GOStats"	"depletion"
"HV"	"GO:0006412"	"translation"	0.00208926319796892	10	"GOStats"	"depletion"
"HV"	"GO:0006413"	"translational initiation"	0.000558926569844101	1	"GOStats"	"depletion"
"HV"	"GO:0006418"	"tRNA aminoacylation for protein translation"	0.00150202195837956	1	"GOStats"	"depletion"
"HV"	"GO:0006457"	"protein folding"	0.00732422336721457	1	"GOStats"	"depletion"
"HV"	"GO:0006464"	"cellular protein modification process"	0.000635963732050299	17	"GOStats"	"depletion"
"HV"	"GO:0006473"	"protein acetylation"	0.00156012577614559	12	"GOStats"	"depletion"
"HV"	"GO:0006475"	"internal protein amino acid acetylation"	0.00148205623331973	9	"GOStats"	"depletion"
"HV"	"GO:0006479"	"protein methylation"	0.00595704610086453	3	"GOStats"	"depletion"
"HV"	"GO:0006505"	"GPI anchor metabolic process"	0.00858393454199971	4	"GOStats"	"depletion"
"HV"	"GO:0006506"	"GPI anchor biosynthetic process"	0.00858393454199971	4	"GOStats"	"depletion"
"HV"	"GO:0006508"	"proteolysis"	0.00526167259978764	4	"GOStats"	"depletion"
"HV"	"GO:0006511"	"ubiquitin-dependent protein catabolic process"	0.000723935617709091	15	"GOStats"	"depletion"
"HV"	"GO:0006518"	"peptide metabolic process"	0.00308563641550717	6	"GOStats"	"depletion"
"HV"	"GO:0006520"	"cellular amino acid metabolic process"	0.00994444125703042	1	"GOStats"	"depletion"
"HV"	"GO:0006605"	"protein targeting"	0.00435669732761183	5	"GOStats"	"depletion"
"HV"	"GO:0006611"	"protein export from nucleus"	0.00690313593380806	2	"GOStats"	"depletion"
"HV"	"GO:0006626"	"protein targeting to mitochondrion"	0.00751833079420981	1	"GOStats"	"depletion"
"HV"	"GO:0006631"	"fatty acid metabolic process"	0.00498255537317884	1	"GOStats"	"depletion"
"HV"	"GO:0006643"	"membrane lipid metabolic process"	0.00817333835642397	1	"GOStats"	"depletion"
"HV"	"GO:0006650"	"glycerophospholipid metabolic process"	0.00232004456921867	1	"GOStats"	"depletion"
"HV"	"GO:0006664"	"glycolipid metabolic process"	0.00410626776052459	3	"GOStats"	"depletion"
"HV"	"GO:0006725"	"cellular aromatic compound metabolic process"	0.000269414242675902	10	"GOStats"	"depletion"
"HV"	"GO:0006807"	"nitrogen compound metabolic process"	0.0019988084747172	14	"GOStats"	"depletion"
"HV"	"GO:0006810"	"transport"	0.00223322460113487	3	"GOStats"	"depletion"
"HV"	"GO:0006811"	"ion transport"	0.00340202167318926	1	"GOStats"	"depletion"
"HV"	"GO:0006820"	"anion transport"	0.0013047320765449	4	"GOStats"	"depletion"
"HV"	"GO:0006836"	"neurotransmitter transport"	0.00764047635577239	1	"GOStats"	"depletion"
"HV"	"GO:0006886"	"intracellular protein transport"	0.00129926867885509	13	"GOStats"	"depletion"
"HV"	"GO:0006887"	"exocytosis"	0.00406236926984023	4	"GOStats"	"depletion"
"HV"	"GO:0006888"	"endoplasmic reticulum to Golgi vesicle-mediated transport"	0.00350642804126232	10	"GOStats"	"depletion"
"HV"	"GO:0006890"	"retrograde vesicle-mediated transport, Golgi to endoplasmic reticulum"	0.0069499935028813	1	"GOStats"	"depletion"
"HV"	"GO:0006904"	"vesicle docking involved in exocytosis"	0.00974945269180196	1	"GOStats"	"depletion"
"HV"	"GO:0006906"	"vesicle fusion"	0.00329004410875065	4	"GOStats"	"depletion"
"HV"	"GO:0006913"	"nucleocytoplasmic transport"	0.00322932314045757	4	"GOStats"	"depletion"
"HV"	"GO:0006914"	"autophagy"	0.00336055582842176	3	"GOStats"	"depletion"
"HV"	"GO:0006928"	"movement of cell or subcellular component"	0.000329660338138091	1	"GOStats"	"depletion"
"HV"	"GO:0006974"	"cellular response to DNA damage stimulus"	0.000909552480485039	10	"GOStats"	"depletion"
"HV"	"GO:0006996"	"organelle organization"	0.000125231315581262	15	"GOStats"	"depletion"
"HV"	"GO:0007005"	"mitochondrion organization"	0.00207257875565422	4	"GOStats"	"depletion"
"HV"	"GO:0007007"	"inner mitochondrial membrane organization"	0.00861312264044829	3	"GOStats"	"depletion"
"HV"	"GO:0007010"	"cytoskeleton organization"	0.000682299349936219	2	"GOStats"	"depletion"
"HV"	"GO:0007015"	"actin filament organization"	0.00142583749725053	3	"GOStats"	"depletion"
"HV"	"GO:0007017"	"microtubule-based process"	0.00457653900618702	4	"GOStats"	"depletion"
"HV"	"GO:0007018"	"microtubule-based movement"	0.00175468074456705	3	"GOStats"	"depletion"
"HV"	"GO:0007029"	"endoplasmic reticulum organization"	0.00474776422935507	2	"GOStats"	"depletion"
"HV"	"GO:0007030"	"Golgi organization"	0.00504327315672479	1	"GOStats"	"depletion"
"HV"	"GO:0007033"	"vacuole organization"	0.00888021418822746	1	"GOStats"	"depletion"
"HV"	"GO:0007034"	"vacuolar transport"	0.0020566857449026	4	"GOStats"	"depletion"
"HV"	"GO:0007049"	"cell cycle"	0.00339019361435445	1	"GOStats"	"depletion"
"HV"	"GO:0007051"	"spindle organization"	0.00329874884442088	3	"GOStats"	"depletion"
"HV"	"GO:0007052"	"mitotic spindle organization"	0.00974169190542281	1	"GOStats"	"depletion"
"HV"	"GO:0007059"	"chromosome segregation"	0.00271717113427308	2	"GOStats"	"depletion"
"HV"	"GO:0007154"	"cell communication"	0.00262360057433269	3	"GOStats"	"depletion"
"HV"	"GO:0007155"	"cell adhesion"	0.00851501787748048	1	"GOStats"	"depletion"
"HV"	"GO:0007163"	"establishment or maintenance of cell polarity"	0.00283088162349918	4	"GOStats"	"depletion"
"HV"	"GO:0007165"	"signal transduction"	0.00281186909672331	3	"GOStats"	"depletion"
"HV"	"GO:0007166"	"cell surface receptor signaling pathway"	0.00499596075783074	1	"GOStats"	"depletion"
"HV"	"GO:0007167"	"enzyme linked receptor protein signaling pathway"	0.00135223891254369	1	"GOStats"	"depletion"
"HV"	"GO:0007169"	"transmembrane receptor protein tyrosine kinase signaling pathway"	0.0025691682108874	1	"GOStats"	"depletion"
"HV"	"GO:0007179"	"transforming growth factor beta receptor signaling pathway"	0.0062952883269721	1	"GOStats"	"depletion"
"HV"	"GO:0007249"	"I-kappaB kinase/NF-kappaB signaling"	0.00339147133931435	3	"GOStats"	"depletion"
"HV"	"GO:0007264"	"small GTPase mediated signal transduction"	0.00259458218371441	2	"GOStats"	"depletion"
"HV"	"GO:0007265"	"Ras protein signal transduction"	0.002213370969292	2	"GOStats"	"depletion"
"HV"	"GO:0007266"	"Rho protein signal transduction"	0.000293790869221877	1	"GOStats"	"depletion"
"HV"	"GO:0007267"	"cell-cell signaling"	0.00444498865798071	1	"GOStats"	"depletion"
"HV"	"GO:0007268"	"chemical synaptic transmission"	0.00924910708391562	1	"GOStats"	"depletion"
"HV"	"GO:0007275"	"multicellular organism development"	0.00303571324762969	3	"GOStats"	"depletion"
"HV"	"GO:0007389"	"pattern specification process"	0.00198754167917356	1	"GOStats"	"depletion"
"HV"	"GO:0007399"	"nervous system development"	0.00281271721252018	3	"GOStats"	"depletion"
"HV"	"GO:0007409"	"axonogenesis"	0.000882597897293615	3	"GOStats"	"depletion"
"HV"	"GO:0007411"	"axon guidance"	0.00204722970376811	3	"GOStats"	"depletion"
"HV"	"GO:0007417"	"central nervous system development"	1.90131944886105e-05	1	"GOStats"	"depletion"
"HV"	"GO:0007420"	"brain development"	0.00048582996285257	1	"GOStats"	"depletion"
"HV"	"GO:0007423"	"sensory organ development"	0.000823902041322925	1	"GOStats"	"depletion"
"HV"	"GO:0007517"	"muscle organ development"	0.00532040801206591	1	"GOStats"	"depletion"
"HV"	"GO:0007519"	"skeletal muscle tissue development"	0.00890051736826905	1	"GOStats"	"depletion"
"HV"	"GO:0007600"	"sensory perception"	0.00350285329550472	3	"GOStats"	"depletion"
"HV"	"GO:0007601"	"visual perception"	0.00240956294435306	7	"GOStats"	"depletion"
"HV"	"GO:0008033"	"tRNA processing"	0.00289842108251267	9	"GOStats"	"depletion"
"HV"	"GO:0008104"	"protein localization"	0.00117294491580363	16	"GOStats"	"depletion"
"HV"	"GO:0008152"	"metabolic process"	0.00160108248521996	5	"GOStats"	"depletion"
"HV"	"GO:0008213"	"protein alkylation"	0.00595704610086453	3	"GOStats"	"depletion"
"HV"	"GO:0008283"	"cell population proliferation"	0.00389802539493636	1	"GOStats"	"depletion"
"HV"	"GO:0008380"	"RNA splicing"	0.000443246433201174	14	"GOStats"	"depletion"
"HV"	"GO:0008589"	"regulation of smoothened signaling pathway"	0.00710841257632114	1	"GOStats"	"depletion"
"HV"	"GO:0008643"	"carbohydrate transport"	0.00608510340793635	1	"GOStats"	"depletion"
"HV"	"GO:0008654"	"phospholipid biosynthetic process"	0.00223689767433307	1	"GOStats"	"depletion"
"HV"	"GO:0009057"	"macromolecule catabolic process"	0.000924665178748619	13	"GOStats"	"depletion"
"HV"	"GO:0009058"	"biosynthetic process"	0.00470708043639129	3	"GOStats"	"depletion"
"HV"	"GO:0009059"	"macromolecule biosynthetic process"	0.00296151176730169	8	"GOStats"	"depletion"
"HV"	"GO:0009100"	"glycoprotein metabolic process"	0.00223568734079202	3	"GOStats"	"depletion"
"HV"	"GO:0009101"	"glycoprotein biosynthetic process"	0.00394952286111307	3	"GOStats"	"depletion"
"HV"	"GO:0009247"	"glycolipid biosynthetic process"	0.00740050953364555	2	"GOStats"	"depletion"
"HV"	"GO:0009416"	"response to light stimulus"	0.00572352583273858	1	"GOStats"	"depletion"
"HV"	"GO:0009451"	"RNA modification"	0.000935936299491135	4	"GOStats"	"depletion"
"HV"	"GO:0009611"	"response to wounding"	0.00586107151500608	1	"GOStats"	"depletion"
"HV"	"GO:0009653"	"anatomical structure morphogenesis"	0.00104997669291569	3	"GOStats"	"depletion"
"HV"	"GO:0009888"	"tissue development"	0.00292663670123008	2	"GOStats"	"depletion"
"HV"	"GO:0009889"	"regulation of biosynthetic process"	0.00113750119499176	4	"GOStats"	"depletion"
"HV"	"GO:0009891"	"positive regulation of biosynthetic process"	0.000606011941428808	3	"GOStats"	"depletion"
"HV"	"GO:0009893"	"positive regulation of metabolic process"	0.00399553748072388	4	"GOStats"	"depletion"
"HV"	"GO:0009894"	"regulation of catabolic process"	0.00499730683388895	2	"GOStats"	"depletion"
"HV"	"GO:0009896"	"positive regulation of catabolic process"	0.000819678999932679	1	"GOStats"	"depletion"
"HV"	"GO:0009966"	"regulation of signal transduction"	0.000704045873043336	1	"GOStats"	"depletion"
"HV"	"GO:0009987"	"cellular process"	0.00120097907352965	13	"GOStats"	"depletion"
"HV"	"GO:0010035"	"response to inorganic substance"	0.00809553949224128	1	"GOStats"	"depletion"
"HV"	"GO:0010038"	"response to metal ion"	0.00566618909481797	1	"GOStats"	"depletion"
"HV"	"GO:0010256"	"endomembrane system organization"	0.00531340027112896	3	"GOStats"	"depletion"
"HV"	"GO:0010467"	"gene expression"	0.00178828484623334	13	"GOStats"	"depletion"
"HV"	"GO:0010468"	"regulation of gene expression"	0.000504808948230364	4	"GOStats"	"depletion"
"HV"	"GO:0010498"	"proteasomal protein catabolic process"	0.001203604741492	14	"GOStats"	"depletion"
"HV"	"GO:0010556"	"regulation of macromolecule biosynthetic process"	0.0010178923219841	4	"GOStats"	"depletion"
"HV"	"GO:0010557"	"positive regulation of macromolecule biosynthetic process"	0.00294839000476514	5	"GOStats"	"depletion"
"HV"	"GO:0010604"	"positive regulation of macromolecule metabolic process"	0.00584058327366044	5	"GOStats"	"depletion"
"HV"	"GO:0010608"	"posttranscriptional regulation of gene expression"	0.00927026504631842	1	"GOStats"	"depletion"
"HV"	"GO:0010629"	"negative regulation of gene expression"	0.00361389597715093	1	"GOStats"	"depletion"
"HV"	"GO:0010631"	"epithelial cell migration"	0.000924661574619637	1	"GOStats"	"depletion"
"HV"	"GO:0010638"	"positive regulation of organelle organization"	0.00873976594231724	1	"GOStats"	"depletion"
"HV"	"GO:0010646"	"regulation of cell communication"	0.000623726957285293	1	"GOStats"	"depletion"
"HV"	"GO:0010942"	"positive regulation of cell death"	0.00878109940884935	1	"GOStats"	"depletion"
"HV"	"GO:0010970"	"transport along microtubule"	0.00790192250644741	1	"GOStats"	"depletion"
"HV"	"GO:0014070"	"response to organic cyclic compound"	0.00457938336857634	1	"GOStats"	"depletion"
"HV"	"GO:0015031"	"protein transport"	0.000203084905365398	12	"GOStats"	"depletion"
"HV"	"GO:0015833"	"peptide transport"	0.000328876153954174	12	"GOStats"	"depletion"
"HV"	"GO:0015931"	"nucleobase-containing compound transport"	0.00375407442372497	1	"GOStats"	"depletion"
"HV"	"GO:0016043"	"cellular component organization"	0.000428191339300223	14	"GOStats"	"depletion"
"HV"	"GO:0016049"	"cell growth"	0.00384918398336995	3	"GOStats"	"depletion"
"HV"	"GO:0016050"	"vesicle organization"	0.0017973784809569	4	"GOStats"	"depletion"
"HV"	"GO:0016052"	"carbohydrate catabolic process"	0.00210518733968099	1	"GOStats"	"depletion"
"HV"	"GO:0016070"	"RNA metabolic process"	0.00136095982486317	13	"GOStats"	"depletion"
"HV"	"GO:0016071"	"mRNA metabolic process"	0.000170770333724517	13	"GOStats"	"depletion"
"HV"	"GO:0016072"	"rRNA metabolic process"	0.00164767489449083	10	"GOStats"	"depletion"
"HV"	"GO:0016073"	"snRNA metabolic process"	0.00391350497070134	1	"GOStats"	"depletion"
"HV"	"GO:0016079"	"synaptic vesicle exocytosis"	0.00463508811129066	1	"GOStats"	"depletion"
"HV"	"GO:0016192"	"vesicle-mediated transport"	0.000163438047666439	10	"GOStats"	"depletion"
"HV"	"GO:0016197"	"endosomal transport"	0.00308280839041795	9	"GOStats"	"depletion"
"HV"	"GO:0016236"	"macroautophagy"	0.00358525712916835	3	"GOStats"	"depletion"
"HV"	"GO:0016311"	"dephosphorylation"	0.00397195810961298	3	"GOStats"	"depletion"
"HV"	"GO:0016441"	"posttranscriptional gene silencing"	0.0069499935028813	1	"GOStats"	"depletion"
"HV"	"GO:0016477"	"cell migration"	0.000765331858776373	1	"GOStats"	"depletion"
"HV"	"GO:0016482"	"cytosolic transport"	0.00670173001582553	1	"GOStats"	"depletion"
"HV"	"GO:0016567"	"protein ubiquitination"	0.00152325607811935	3	"GOStats"	"depletion"
"HV"	"GO:0016569"	"covalent chromatin modification"	0.00212039934504761	13	"GOStats"	"depletion"
"HV"	"GO:0016570"	"histone modification"	0.00205755604243735	13	"GOStats"	"depletion"
"HV"	"GO:0016571"	"histone methylation"	0.00850555356089587	1	"GOStats"	"depletion"
"HV"	"GO:0016573"	"histone acetylation"	0.00240370796387478	10	"GOStats"	"depletion"
"HV"	"GO:0016579"	"protein deubiquitination"	0.00403319027166398	2	"GOStats"	"depletion"
"HV"	"GO:0017038"	"protein import"	0.00432283124379647	3	"GOStats"	"depletion"
"HV"	"GO:0017157"	"regulation of exocytosis"	0.0023022973720569	2	"GOStats"	"depletion"
"HV"	"GO:0018130"	"heterocycle biosynthetic process"	0.00180537850648694	4	"GOStats"	"depletion"
"HV"	"GO:0018193"	"peptidyl-amino acid modification"	0.000724337817470292	9	"GOStats"	"depletion"
"HV"	"GO:0018205"	"peptidyl-lysine modification"	0.00179993460326988	14	"GOStats"	"depletion"
"HV"	"GO:0018393"	"internal peptidyl-lysine acetylation"	0.00148205623331973	9	"GOStats"	"depletion"
"HV"	"GO:0018394"	"peptidyl-lysine acetylation"	0.00208580645517447	10	"GOStats"	"depletion"
"HV"	"GO:0019219"	"regulation of nucleobase-containing compound metabolic process"	0.00200081547802328	5	"GOStats"	"depletion"
"HV"	"GO:0019222"	"regulation of metabolic process"	0.00389374358466151	4	"GOStats"	"depletion"
"HV"	"GO:0019438"	"aromatic compound biosynthetic process"	0.00223805498155786	4	"GOStats"	"depletion"
"HV"	"GO:0019538"	"protein metabolic process"	0.000585310420519344	14	"GOStats"	"depletion"
"HV"	"GO:0019752"	"carboxylic acid metabolic process"	0.00684332152775123	1	"GOStats"	"depletion"
"HV"	"GO:0019941"	"modification-dependent protein catabolic process"	0.00157548090974918	15	"GOStats"	"depletion"
"HV"	"GO:0021953"	"central nervous system neuron differentiation"	0.00659203312308708	1	"GOStats"	"depletion"
"HV"	"GO:0022008"	"neurogenesis"	0.00221802009931811	3	"GOStats"	"depletion"
"HV"	"GO:0022402"	"cell cycle process"	0.0024030548907933	6	"GOStats"	"depletion"
"HV"	"GO:0022406"	"membrane docking"	0.00407245548504481	4	"GOStats"	"depletion"
"HV"	"GO:0022411"	"cellular component disassembly"	0.00414534608020155	4	"GOStats"	"depletion"
"HV"	"GO:0022607"	"cellular component assembly"	0.00235526300173722	4	"GOStats"	"depletion"
"HV"	"GO:0022610"	"biological adhesion"	0.00851501787748048	1	"GOStats"	"depletion"
"HV"	"GO:0022613"	"ribonucleoprotein complex biogenesis"	0.000226165502299671	11	"GOStats"	"depletion"
"HV"	"GO:0022618"	"ribonucleoprotein complex assembly"	0.00134301574763978	9	"GOStats"	"depletion"
"HV"	"GO:0023051"	"regulation of signaling"	0.000761225605378643	1	"GOStats"	"depletion"
"HV"	"GO:0023052"	"signaling"	0.000787489178816135	3	"GOStats"	"depletion"
"HV"	"GO:0023061"	"signal release"	0.00147167832491839	1	"GOStats"	"depletion"
"HV"	"GO:0030004"	"cellular monovalent inorganic cation homeostasis"	0.00210260120984906	1	"GOStats"	"depletion"
"HV"	"GO:0030010"	"establishment of cell polarity"	0.0080692830171657	1	"GOStats"	"depletion"
"HV"	"GO:0030029"	"actin filament-based process"	0.000339707121072581	3	"GOStats"	"depletion"
"HV"	"GO:0030030"	"cell projection organization"	0.00167275226290284	7	"GOStats"	"depletion"
"HV"	"GO:0030031"	"cell projection assembly"	0.00408262010924514	3	"GOStats"	"depletion"
"HV"	"GO:0030036"	"actin cytoskeleton organization"	0.000334740414694497	3	"GOStats"	"depletion"
"HV"	"GO:0030048"	"actin filament-based movement"	0.0095211559402534	1	"GOStats"	"depletion"
"HV"	"GO:0030099"	"myeloid cell differentiation"	0.00350268321015998	1	"GOStats"	"depletion"
"HV"	"GO:0030148"	"sphingolipid biosynthetic process"	0.0088627216475986	1	"GOStats"	"depletion"
"HV"	"GO:0030154"	"cell differentiation"	0.000539248624810853	1	"GOStats"	"depletion"
"HV"	"GO:0030163"	"protein catabolic process"	0.000980299151283256	11	"GOStats"	"depletion"
"HV"	"GO:0030182"	"neuron differentiation"	0.000284533110408581	3	"GOStats"	"depletion"
"HV"	"GO:0030433"	"ubiquitin-dependent ERAD pathway"	0.00503388357605148	2	"GOStats"	"depletion"
"HV"	"GO:0030490"	"maturation of SSU-rRNA"	0.00463034091822065	2	"GOStats"	"depletion"
"HV"	"GO:0030705"	"cytoskeleton-dependent intracellular transport"	0.00452103878293667	2	"GOStats"	"depletion"
"HV"	"GO:0030851"	"granulocyte differentiation"	0.00974945269180196	1	"GOStats"	"depletion"
"HV"	"GO:0031123"	"RNA 3'-end processing"	0.0025788895537982	4	"GOStats"	"depletion"
"HV"	"GO:0031124"	"mRNA 3'-end processing"	0.00618744120471838	2	"GOStats"	"depletion"
"HV"	"GO:0031175"	"neuron projection development"	0.0029903642640989	5	"GOStats"	"depletion"
"HV"	"GO:0031323"	"regulation of cellular metabolic process"	0.00415784222331677	4	"GOStats"	"depletion"
"HV"	"GO:0031325"	"positive regulation of cellular metabolic process"	0.00268108725110729	5	"GOStats"	"depletion"
"HV"	"GO:0031326"	"regulation of cellular biosynthetic process"	0.000790626571260093	4	"GOStats"	"depletion"
"HV"	"GO:0031328"	"positive regulation of cellular biosynthetic process"	0.000382556416015976	3	"GOStats"	"depletion"
"HV"	"GO:0031329"	"regulation of cellular catabolic process"	0.00532155557709849	3	"GOStats"	"depletion"
"HV"	"GO:0031331"	"positive regulation of cellular catabolic process"	0.000941830234184301	1	"GOStats"	"depletion"
"HV"	"GO:0031334"	"positive regulation of protein-containing complex assembly"	0.00739686779201281	1	"GOStats"	"depletion"
"HV"	"GO:0031396"	"regulation of protein ubiquitination"	0.00365808973894904	2	"GOStats"	"depletion"
"HV"	"GO:0031497"	"chromatin assembly"	0.000164329927921176	1	"GOStats"	"depletion"
"HV"	"GO:0031503"	"protein-containing complex localization"	0.00437964126538531	1	"GOStats"	"depletion"
"HV"	"GO:0032259"	"methylation"	0.00322310514622521	8	"GOStats"	"depletion"
"HV"	"GO:0032446"	"protein modification by small protein conjugation"	0.00490561845802365	7	"GOStats"	"depletion"
"HV"	"GO:0032501"	"multicellular organismal process"	0.00798945260773895	1	"GOStats"	"depletion"
"HV"	"GO:0032502"	"developmental process"	0.00389565533270425	3	"GOStats"	"depletion"
"HV"	"GO:0032543"	"mitochondrial translation"	0.00244405300436167	1	"GOStats"	"depletion"
"HV"	"GO:0032774"	"RNA biosynthetic process"	0.00276939431557441	5	"GOStats"	"depletion"
"HV"	"GO:0032787"	"monocarboxylic acid metabolic process"	0.00317071634335601	1	"GOStats"	"depletion"
"HV"	"GO:0032879"	"regulation of localization"	0.00340665757135003	1	"GOStats"	"depletion"
"HV"	"GO:0032886"	"regulation of microtubule-based process"	0.00554560138489835	1	"GOStats"	"depletion"
"HV"	"GO:0032940"	"secretion by cell"	0.00425701523567498	4	"GOStats"	"depletion"
"HV"	"GO:0032956"	"regulation of actin cytoskeleton organization"	0.00309470336316429	2	"GOStats"	"depletion"
"HV"	"GO:0032970"	"regulation of actin filament-based process"	0.00277932905385223	2	"GOStats"	"depletion"
"HV"	"GO:0032984"	"protein-containing complex disassembly"	0.00663897539976315	2	"GOStats"	"depletion"
"HV"	"GO:0032989"	"cellular component morphogenesis"	0.00358053770859314	2	"GOStats"	"depletion"
"HV"	"GO:0032990"	"cell part morphogenesis"	0.00101337160801356	3	"GOStats"	"depletion"
"HV"	"GO:0033036"	"macromolecule localization"	0.00100335703991066	13	"GOStats"	"depletion"
"HV"	"GO:0033043"	"regulation of organelle organization"	0.00479145491068574	3	"GOStats"	"depletion"
"HV"	"GO:0033044"	"regulation of chromosome organization"	0.00466417111228422	3	"GOStats"	"depletion"
"HV"	"GO:0033059"	"cellular pigmentation"	0.00157944353348578	1	"GOStats"	"depletion"
"HV"	"GO:0033108"	"mitochondrial respiratory chain complex assembly"	0.00486306379719265	2	"GOStats"	"depletion"
"HV"	"GO:0033333"	"fin development"	0.000984450940335509	2	"GOStats"	"depletion"
"HV"	"GO:0033334"	"fin morphogenesis"	0.0021556779159093	2	"GOStats"	"depletion"
"HV"	"GO:0033339"	"pectoral fin development"	0.00333302330287119	2	"GOStats"	"depletion"
"HV"	"GO:0033365"	"protein localization to organelle"	0.00144883203920742	10	"GOStats"	"depletion"
"HV"	"GO:0033554"	"cellular response to stress"	0.00257204732498807	6	"GOStats"	"depletion"
"HV"	"GO:0033559"	"unsaturated fatty acid metabolic process"	0.00950478240636903	1	"GOStats"	"depletion"
"HV"	"GO:0034330"	"cell junction organization"	0.00379402195037875	1	"GOStats"	"depletion"
"HV"	"GO:0034440"	"lipid oxidation"	0.00883259370073949	1	"GOStats"	"depletion"
"HV"	"GO:0034470"	"ncRNA processing"	0.000960981066700205	12	"GOStats"	"depletion"
"HV"	"GO:0034613"	"cellular protein localization"	0.000546240703805193	14	"GOStats"	"depletion"
"HV"	"GO:0034622"	"cellular protein-containing complex assembly"	0.00141659849309557	6	"GOStats"	"depletion"
"HV"	"GO:0034641"	"cellular nitrogen compound metabolic process"	0.00196837422388421	12	"GOStats"	"depletion"
"HV"	"GO:0034645"	"cellular macromolecule biosynthetic process"	0.00328619581211265	8	"GOStats"	"depletion"
"HV"	"GO:0034654"	"nucleobase-containing compound biosynthetic process"	0.00180724395638323	4	"GOStats"	"depletion"
"HV"	"GO:0034655"	"nucleobase-containing compound catabolic process"	0.0062790984480372	2	"GOStats"	"depletion"
"HV"	"GO:0034660"	"ncRNA metabolic process"	0.00094404579062931	13	"GOStats"	"depletion"
"HV"	"GO:0034728"	"nucleosome organization"	0.00211295266972831	1	"GOStats"	"depletion"
"HV"	"GO:0034976"	"response to endoplasmic reticulum stress"	0.00727661919100364	2	"GOStats"	"depletion"
"HV"	"GO:0035023"	"regulation of Rho protein signal transduction"	0.00165686864096648	1	"GOStats"	"depletion"
"HV"	"GO:0035107"	"appendage morphogenesis"	0.00498242210053823	2	"GOStats"	"depletion"
"HV"	"GO:0035194"	"post-transcriptional gene silencing by RNA"	0.0069499935028813	1	"GOStats"	"depletion"
"HV"	"GO:0035239"	"tube morphogenesis"	0.00547650785015425	1	"GOStats"	"depletion"
"HV"	"GO:0035265"	"organ growth"	0.00876448859600857	1	"GOStats"	"depletion"
"HV"	"GO:0035295"	"tube development"	0.000519973433752136	1	"GOStats"	"depletion"
"HV"	"GO:0035303"	"regulation of dephosphorylation"	0.00838474008602198	1	"GOStats"	"depletion"
"HV"	"GO:0035556"	"intracellular signal transduction"	0.0019217477624169	2	"GOStats"	"depletion"
"HV"	"GO:0035601"	"protein deacylation"	0.00541814771231858	1	"GOStats"	"depletion"
"HV"	"GO:0036211"	"protein modification process"	0.000635963732050299	17	"GOStats"	"depletion"
"HV"	"GO:0036503"	"ERAD pathway"	0.00461966252089676	5	"GOStats"	"depletion"
"HV"	"GO:0040007"	"growth"	0.000382118137944551	1	"GOStats"	"depletion"
"HV"	"GO:0040011"	"locomotion"	0.0011991262302328	1	"GOStats"	"depletion"
"HV"	"GO:0042060"	"wound healing"	0.00232584335187072	1	"GOStats"	"depletion"
"HV"	"GO:0042147"	"retrograde transport, endosome to Golgi"	0.00167187499969961	1	"GOStats"	"depletion"
"HV"	"GO:0042176"	"regulation of protein catabolic process"	0.00637852648735233	1	"GOStats"	"depletion"
"HV"	"GO:0042254"	"ribosome biogenesis"	0.00115304037883054	9	"GOStats"	"depletion"
"HV"	"GO:0042273"	"ribosomal large subunit biogenesis"	0.00163193291819103	4	"GOStats"	"depletion"
"HV"	"GO:0042274"	"ribosomal small subunit biogenesis"	0.0037191054501807	3	"GOStats"	"depletion"
"HV"	"GO:0042692"	"muscle cell differentiation"	0.00814390004478179	1	"GOStats"	"depletion"
"HV"	"GO:0042886"	"amide transport"	0.000396665602803418	12	"GOStats"	"depletion"
"HV"	"GO:0043010"	"camera-type eye development"	0.00888692184113157	1	"GOStats"	"depletion"
"HV"	"GO:0043038"	"amino acid activation"	0.00596161600971028	4	"GOStats"	"depletion"
"HV"	"GO:0043039"	"tRNA aminoacylation"	0.00596161600971028	4	"GOStats"	"depletion"
"HV"	"GO:0043043"	"peptide biosynthetic process"	0.00187065097311792	8	"GOStats"	"depletion"
"HV"	"GO:0043044"	"ATP-dependent chromatin remodeling"	0.00658581049320773	3	"GOStats"	"depletion"
"HV"	"GO:0043065"	"positive regulation of apoptotic process"	0.00878109940884935	1	"GOStats"	"depletion"
"HV"	"GO:0043068"	"positive regulation of programmed cell death"	0.00878109940884935	1	"GOStats"	"depletion"
"HV"	"GO:0043122"	"regulation of I-kappaB kinase/NF-kappaB signaling"	0.00357828749465291	2	"GOStats"	"depletion"
"HV"	"GO:0043161"	"proteasome-mediated ubiquitin-dependent protein catabolic process"	0.00280163361216772	15	"GOStats"	"depletion"
"HV"	"GO:0043170"	"macromolecule metabolic process"	0.000136082400161633	16	"GOStats"	"depletion"
"HV"	"GO:0043412"	"macromolecule modification"	0.000531360286904224	17	"GOStats"	"depletion"
"HV"	"GO:0043414"	"macromolecule methylation"	0.00287940665310024	4	"GOStats"	"depletion"
"HV"	"GO:0043436"	"oxoacid metabolic process"	0.00425441740919172	1	"GOStats"	"depletion"
"HV"	"GO:0043473"	"pigmentation"	0.00619698326828257	1	"GOStats"	"depletion"
"HV"	"GO:0043484"	"regulation of RNA splicing"	0.00322356796805781	5	"GOStats"	"depletion"
"HV"	"GO:0043534"	"blood vessel endothelial cell migration"	0.0064565478337893	1	"GOStats"	"depletion"
"HV"	"GO:0043542"	"endothelial cell migration"	0.00244405300436167	1	"GOStats"	"depletion"
"HV"	"GO:0043543"	"protein acylation"	0.00262232355036136	10	"GOStats"	"depletion"
"HV"	"GO:0043583"	"ear development"	0.00703442096090958	1	"GOStats"	"depletion"
"HV"	"GO:0043603"	"cellular amide metabolic process"	0.00126935930084388	3	"GOStats"	"depletion"
"HV"	"GO:0043604"	"amide biosynthetic process"	0.00112671155227081	5	"GOStats"	"depletion"
"HV"	"GO:0043628"	"ncRNA 3'-end processing"	0.00573924143968294	1	"GOStats"	"depletion"
"HV"	"GO:0043632"	"modification-dependent macromolecule catabolic process"	0.000732319323070639	14	"GOStats"	"depletion"
"HV"	"GO:0043933"	"protein-containing complex subunit organization"	0.000777155621554737	7	"GOStats"	"depletion"
"HV"	"GO:0044085"	"cellular component biogenesis"	0.00176364706931834	8	"GOStats"	"depletion"
"HV"	"GO:0044087"	"regulation of cellular component biogenesis"	0.00361389597715093	1	"GOStats"	"depletion"
"HV"	"GO:0044237"	"cellular metabolic process"	0.00042358807919824	10	"GOStats"	"depletion"
"HV"	"GO:0044238"	"primary metabolic process"	0.00246996499875724	12	"GOStats"	"depletion"
"HV"	"GO:0044248"	"cellular catabolic process"	0.00158976093929435	5	"GOStats"	"depletion"
"HV"	"GO:0044249"	"cellular biosynthetic process"	0.000558959057761389	3	"GOStats"	"depletion"
"HV"	"GO:0044255"	"cellular lipid metabolic process"	0.00514731766737789	1	"GOStats"	"depletion"
"HV"	"GO:0044257"	"cellular protein catabolic process"	0.00166773953370889	14	"GOStats"	"depletion"
"HV"	"GO:0044260"	"cellular macromolecule metabolic process"	0.00068552141112856	16	"GOStats"	"depletion"
"HV"	"GO:0044265"	"cellular macromolecule catabolic process"	0.000536663062498908	15	"GOStats"	"depletion"
"HV"	"GO:0044267"	"cellular protein metabolic process"	0.000404144591805461	17	"GOStats"	"depletion"
"HV"	"GO:0044270"	"cellular nitrogen compound catabolic process"	0.00806771789447177	1	"GOStats"	"depletion"
"HV"	"GO:0044271"	"cellular nitrogen compound biosynthetic process"	0.000188088984747847	4	"GOStats"	"depletion"
"HV"	"GO:0044743"	"protein transmembrane import into intracellular organelle"	0.0084159802095393	1	"GOStats"	"depletion"
"HV"	"GO:0044782"	"cilium organization"	0.00448282177840391	4	"GOStats"	"depletion"
"HV"	"GO:0045010"	"actin nucleation"	0.00923221739344565	1	"GOStats"	"depletion"
"HV"	"GO:0045055"	"regulated exocytosis"	0.000723746863971329	1	"GOStats"	"depletion"
"HV"	"GO:0045184"	"establishment of protein localization"	0.000693279774712977	13	"GOStats"	"depletion"
"HV"	"GO:0045786"	"negative regulation of cell cycle"	0.00432634073619974	1	"GOStats"	"depletion"
"HV"	"GO:0045787"	"positive regulation of cell cycle"	0.00927467578513154	1	"GOStats"	"depletion"
"HV"	"GO:0045862"	"positive regulation of proteolysis"	0.0049050100337963	2	"GOStats"	"depletion"
"HV"	"GO:0045893"	"positive regulation of transcription, DNA-templated"	0.000610566254292467	3	"GOStats"	"depletion"
"HV"	"GO:0045930"	"negative regulation of mitotic cell cycle"	0.00929722814460779	1	"GOStats"	"depletion"
"HV"	"GO:0045935"	"positive regulation of nucleobase-containing compound metabolic process"	0.00347561429033754	6	"GOStats"	"depletion"
"HV"	"GO:0045944"	"positive regulation of transcription by RNA polymerase II"	0.000221296070515251	2	"GOStats"	"depletion"
"HV"	"GO:0046467"	"membrane lipid biosynthetic process"	0.00212253804569155	1	"GOStats"	"depletion"
"HV"	"GO:0046474"	"glycerophospholipid biosynthetic process"	0.00447783920899336	3	"GOStats"	"depletion"
"HV"	"GO:0046483"	"heterocycle metabolic process"	0.0014357896193623	12	"GOStats"	"depletion"
"HV"	"GO:0046488"	"phosphatidylinositol metabolic process"	0.00476803449208143	1	"GOStats"	"depletion"
"HV"	"GO:0046578"	"regulation of Ras protein signal transduction"	0.000828321193391	1	"GOStats"	"depletion"
"HV"	"GO:0046700"	"heterocycle catabolic process"	0.00569230543686462	1	"GOStats"	"depletion"
"HV"	"GO:0046839"	"phospholipid dephosphorylation"	0.0023365870925596	1	"GOStats"	"depletion"
"HV"	"GO:0046856"	"phosphatidylinositol dephosphorylation"	0.00919515539688447	1	"GOStats"	"depletion"
"HV"	"GO:0046903"	"secretion"	0.00051313079169482	2	"GOStats"	"depletion"
"HV"	"GO:0046907"	"intracellular transport"	0.000216577991347098	15	"GOStats"	"depletion"
"HV"	"GO:0048024"	"regulation of mRNA splicing, via spliceosome"	0.00482140252008704	5	"GOStats"	"depletion"
"HV"	"GO:0048066"	"developmental pigmentation"	0.00288427692567165	1	"GOStats"	"depletion"
"HV"	"GO:0048193"	"Golgi vesicle transport"	0.00162133843701485	11	"GOStats"	"depletion"
"HV"	"GO:0048278"	"vesicle docking"	0.00558196369835839	4	"GOStats"	"depletion"
"HV"	"GO:0048284"	"organelle fusion"	0.00364532854898993	4	"GOStats"	"depletion"
"HV"	"GO:0048468"	"cell development"	0.00666418431209432	1	"GOStats"	"depletion"
"HV"	"GO:0048513"	"animal organ development"	0.00262374953913455	2	"GOStats"	"depletion"
"HV"	"GO:0048514"	"blood vessel morphogenesis"	0.00174030717584305	1	"GOStats"	"depletion"
"HV"	"GO:0048518"	"positive regulation of biological process"	0.00676247880656243	1	"GOStats"	"depletion"
"HV"	"GO:0048522"	"positive regulation of cellular process"	0.00207227290198713	4	"GOStats"	"depletion"
"HV"	"GO:0048534"	"hematopoietic or lymphoid organ development"	0.00961136852303914	1	"GOStats"	"depletion"
"HV"	"GO:0048546"	"digestive tract morphogenesis"	0.00932168321924698	1	"GOStats"	"depletion"
"HV"	"GO:0048565"	"digestive tract development"	0.002122565905203	1	"GOStats"	"depletion"
"HV"	"GO:0048588"	"developmental cell growth"	0.00468115122441869	2	"GOStats"	"depletion"
"HV"	"GO:0048589"	"developmental growth"	0.000643919542909042	1	"GOStats"	"depletion"
"HV"	"GO:0048598"	"embryonic morphogenesis"	0.00497049715216242	1	"GOStats"	"depletion"
"HV"	"GO:0048646"	"anatomical structure formation involved in morphogenesis"	0.00344680290634558	2	"GOStats"	"depletion"
"HV"	"GO:0048666"	"neuron development"	0.0021129968623681	6	"GOStats"	"depletion"
"HV"	"GO:0048667"	"cell morphogenesis involved in neuron differentiation"	0.00058273814294185	3	"GOStats"	"depletion"
"HV"	"GO:0048675"	"axon extension"	0.00504644602966338	2	"GOStats"	"depletion"
"HV"	"GO:0048699"	"generation of neurons"	0.000608210274002268	3	"GOStats"	"depletion"
"HV"	"GO:0048729"	"tissue morphogenesis"	0.00347177395640897	1	"GOStats"	"depletion"
"HV"	"GO:0048731"	"system development"	0.00286696034563663	4	"GOStats"	"depletion"
"HV"	"GO:0048736"	"appendage development"	0.00142965393346802	2	"GOStats"	"depletion"
"HV"	"GO:0048812"	"neuron projection morphogenesis"	0.000651147865987174	3	"GOStats"	"depletion"
"HV"	"GO:0048839"	"inner ear development"	0.0080696954025356	1	"GOStats"	"depletion"
"HV"	"GO:0048856"	"anatomical structure development"	0.00144216713338752	2	"GOStats"	"depletion"
"HV"	"GO:0048858"	"cell projection morphogenesis"	0.000521379846403299	3	"GOStats"	"depletion"
"HV"	"GO:0048869"	"cellular developmental process"	0.000430544775937257	1	"GOStats"	"depletion"
"HV"	"GO:0048870"	"cell motility"	0.00182082957253148	1	"GOStats"	"depletion"
"HV"	"GO:0048871"	"multicellular organismal homeostasis"	0.00340281521455965	3	"GOStats"	"depletion"
"HV"	"GO:0048880"	"sensory system development"	0.00463196829211707	2	"GOStats"	"depletion"
"HV"	"GO:0048882"	"lateral line development"	0.00190556928989805	1	"GOStats"	"depletion"
"HV"	"GO:0048915"	"posterior lateral line system development"	0.00948686635975722	1	"GOStats"	"depletion"
"HV"	"GO:0048916"	"posterior lateral line development"	0.00506627710435406	1	"GOStats"	"depletion"
"HV"	"GO:0048925"	"lateral line system development"	0.00262240458651477	1	"GOStats"	"depletion"
"HV"	"GO:0050657"	"nucleic acid transport"	0.00221149240413666	2	"GOStats"	"depletion"
"HV"	"GO:0050658"	"RNA transport"	0.00221149240413666	2	"GOStats"	"depletion"
"HV"	"GO:0050673"	"epithelial cell proliferation"	0.00955910143044705	1	"GOStats"	"depletion"
"HV"	"GO:0050684"	"regulation of mRNA processing"	0.00470150643086575	6	"GOStats"	"depletion"
"HV"	"GO:0050789"	"regulation of biological process"	0.00327134569471914	2	"GOStats"	"depletion"
"HV"	"GO:0050793"	"regulation of developmental process"	0.000849394105772497	1	"GOStats"	"depletion"
"HV"	"GO:0050794"	"regulation of cellular process"	0.00208065625033029	3	"GOStats"	"depletion"
"HV"	"GO:0050808"	"synapse organization"	0.00803128691930064	1	"GOStats"	"depletion"
"HV"	"GO:0050877"	"nervous system process"	0.003780461983667	3	"GOStats"	"depletion"
"HV"	"GO:0050896"	"response to stimulus"	0.00194147876066952	1	"GOStats"	"depletion"
"HV"	"GO:0050953"	"sensory perception of light stimulus"	0.00286344153631744	7	"GOStats"	"depletion"
"HV"	"GO:0051028"	"mRNA transport"	0.00360099966464051	2	"GOStats"	"depletion"
"HV"	"GO:0051046"	"regulation of secretion"	0.000176913416874598	1	"GOStats"	"depletion"
"HV"	"GO:0051052"	"regulation of DNA metabolic process"	0.00412574596766477	1	"GOStats"	"depletion"
"HV"	"GO:0051056"	"regulation of small GTPase mediated signal transduction"	0.000967389171554749	1	"GOStats"	"depletion"
"HV"	"GO:0051128"	"regulation of cellular component organization"	0.000965314012775977	2	"GOStats"	"depletion"
"HV"	"GO:0051130"	"positive regulation of cellular component organization"	0.00554192911490301	2	"GOStats"	"depletion"
"HV"	"GO:0051146"	"striated muscle cell differentiation"	0.00411651257937286	1	"GOStats"	"depletion"
"HV"	"GO:0051168"	"nuclear export"	0.00480051652698227	4	"GOStats"	"depletion"
"HV"	"GO:0051169"	"nuclear transport"	0.00322932314045757	4	"GOStats"	"depletion"
"HV"	"GO:0051171"	"regulation of nitrogen compound metabolic process"	0.00162475835636807	4	"GOStats"	"depletion"
"HV"	"GO:0051173"	"positive regulation of nitrogen compound metabolic process"	0.00228275048012661	6	"GOStats"	"depletion"
"HV"	"GO:0051179"	"localization"	0.00224371123525679	3	"GOStats"	"depletion"
"HV"	"GO:0051205"	"protein insertion into membrane"	0.00815537093587731	4	"GOStats"	"depletion"
"HV"	"GO:0051225"	"spindle assembly"	0.000740339635496875	2	"GOStats"	"depletion"
"HV"	"GO:0051234"	"establishment of localization"	0.000946901886785681	3	"GOStats"	"depletion"
"HV"	"GO:0051236"	"establishment of RNA localization"	0.00221149240413666	2	"GOStats"	"depletion"
"HV"	"GO:0051252"	"regulation of RNA metabolic process"	0.0019088884344612	5	"GOStats"	"depletion"
"HV"	"GO:0051254"	"positive regulation of RNA metabolic process"	0.00347846338501406	5	"GOStats"	"depletion"
"HV"	"GO:0051276"	"chromosome organization"	0.000355037279300153	12	"GOStats"	"depletion"
"HV"	"GO:0051301"	"cell division"	0.00410521643131547	5	"GOStats"	"depletion"
"HV"	"GO:0051493"	"regulation of cytoskeleton organization"	0.00499889929719016	3	"GOStats"	"depletion"
"HV"	"GO:0051603"	"proteolysis involved in cellular protein catabolic process"	0.00196547644305895	14	"GOStats"	"depletion"
"HV"	"GO:0051604"	"protein maturation"	0.0016552360263198	1	"GOStats"	"depletion"
"HV"	"GO:0051640"	"organelle localization"	0.00243085698772646	8	"GOStats"	"depletion"
"HV"	"GO:0051641"	"cellular localization"	0.000165167278492521	15	"GOStats"	"depletion"
"HV"	"GO:0051648"	"vesicle localization"	0.00200468441943036	2	"GOStats"	"depletion"
"HV"	"GO:0051649"	"establishment of localization in cell"	0.000446410859506538	15	"GOStats"	"depletion"
"HV"	"GO:0051650"	"establishment of vesicle localization"	0.00250377005743619	2	"GOStats"	"depletion"
"HV"	"GO:0051656"	"establishment of organelle localization"	0.00258783445027	3	"GOStats"	"depletion"
"HV"	"GO:0051674"	"localization of cell"	0.00182082957253148	1	"GOStats"	"depletion"
"HV"	"GO:0051716"	"cellular response to stimulus"	0.00197507489480855	1	"GOStats"	"depletion"
"HV"	"GO:0055001"	"muscle cell development"	0.00300938397675864	1	"GOStats"	"depletion"
"HV"	"GO:0055002"	"striated muscle cell development"	0.00789105696536459	1	"GOStats"	"depletion"
"HV"	"GO:0055067"	"monovalent inorganic cation homeostasis"	0.000369712197942944	1	"GOStats"	"depletion"
"HV"	"GO:0060026"	"convergent extension"	0.000904098768817343	2	"GOStats"	"depletion"
"HV"	"GO:0060027"	"convergent extension involved in gastrulation"	0.00396912257678705	1	"GOStats"	"depletion"
"HV"	"GO:0060173"	"limb development"	0.000475654330634491	1	"GOStats"	"depletion"
"HV"	"GO:0060249"	"anatomical structure homeostasis"	0.0075956826460237	5	"GOStats"	"depletion"
"HV"	"GO:0060255"	"regulation of macromolecule metabolic process"	0.000821888678755521	4	"GOStats"	"depletion"
"HV"	"GO:0060271"	"cilium assembly"	0.00304913533882888	3	"GOStats"	"depletion"
"HV"	"GO:0060322"	"head development"	0.00376143899737486	2	"GOStats"	"depletion"
"HV"	"GO:0060341"	"regulation of cellular localization"	0.00502702346153281	1	"GOStats"	"depletion"
"HV"	"GO:0060348"	"bone development"	0.00745197540173186	1	"GOStats"	"depletion"
"HV"	"GO:0060429"	"epithelium development"	0.00522393851836946	2	"GOStats"	"depletion"
"HV"	"GO:0060538"	"skeletal muscle organ development"	0.00406018021161844	1	"GOStats"	"depletion"
"HV"	"GO:0060560"	"developmental growth involved in morphogenesis"	0.00165022732063574	2	"GOStats"	"depletion"
"HV"	"GO:0060627"	"regulation of vesicle-mediated transport"	0.00527438553809025	3	"GOStats"	"depletion"
"HV"	"GO:0061024"	"membrane organization"	0.00418069144782321	4	"GOStats"	"depletion"
"HV"	"GO:0061025"	"membrane fusion"	0.00529133345795424	4	"GOStats"	"depletion"
"HV"	"GO:0061061"	"muscle structure development"	0.00575007964807643	1	"GOStats"	"depletion"
"HV"	"GO:0061136"	"regulation of proteasomal protein catabolic process"	0.00660736068471239	2	"GOStats"	"depletion"
"HV"	"GO:0061564"	"axon development"	0.000832860360307655	3	"GOStats"	"depletion"
"HV"	"GO:0061919"	"process utilizing autophagic mechanism"	0.00336055582842176	3	"GOStats"	"depletion"
"HV"	"GO:0065002"	"intracellular protein transmembrane transport"	0.00336628057296558	2	"GOStats"	"depletion"
"HV"	"GO:0065003"	"protein-containing complex assembly"	0.00224757517918885	5	"GOStats"	"depletion"
"HV"	"GO:0065004"	"protein-DNA complex assembly"	0.00445321796777352	1	"GOStats"	"depletion"
"HV"	"GO:0065007"	"biological regulation"	0.00012557560931072	1	"GOStats"	"depletion"
"HV"	"GO:0070585"	"protein localization to mitochondrion"	0.00323049422641246	1	"GOStats"	"depletion"
"HV"	"GO:0070646"	"protein modification by small protein removal"	0.00464945872332223	6	"GOStats"	"depletion"
"HV"	"GO:0070647"	"protein modification by small protein conjugation or removal"	0.00188378738506024	9	"GOStats"	"depletion"
"HV"	"GO:0070727"	"cellular macromolecule localization"	0.000651026008929442	14	"GOStats"	"depletion"
"HV"	"GO:0070848"	"response to growth factor"	0.005534639315209	1	"GOStats"	"depletion"
"HV"	"GO:0070925"	"organelle assembly"	0.00580949984189714	1	"GOStats"	"depletion"
"HV"	"GO:0070988"	"demethylation"	0.0067032706683353	2	"GOStats"	"depletion"
"HV"	"GO:0071103"	"DNA conformation change"	0.000211229309953287	1	"GOStats"	"depletion"
"HV"	"GO:0071363"	"cellular response to growth factor stimulus"	0.0060686762438398	1	"GOStats"	"depletion"
"HV"	"GO:0071478"	"cellular response to radiation"	0.00890160566743752	1	"GOStats"	"depletion"
"HV"	"GO:0071559"	"response to transforming growth factor beta"	0.0062952883269721	1	"GOStats"	"depletion"
"HV"	"GO:0071560"	"cellular response to transforming growth factor beta stimulus"	0.0062952883269721	1	"GOStats"	"depletion"
"HV"	"GO:0071702"	"organic substance transport"	0.00112386731604449	4	"GOStats"	"depletion"
"HV"	"GO:0071704"	"organic substance metabolic process"	0.00219038666663125	6	"GOStats"	"depletion"
"HV"	"GO:0071705"	"nitrogen compound transport"	0.00176711866091038	8	"GOStats"	"depletion"
"HV"	"GO:0071806"	"protein transmembrane transport"	0.00336628057296558	2	"GOStats"	"depletion"
"HV"	"GO:0071824"	"protein-DNA complex subunit organization"	0.00134696887042	1	"GOStats"	"depletion"
"HV"	"GO:0071826"	"ribonucleoprotein complex subunit organization"	0.000946130756465926	9	"GOStats"	"depletion"
"HV"	"GO:0071840"	"cellular component organization or biogenesis"	0.000689310137414874	16	"GOStats"	"depletion"
"HV"	"GO:0072001"	"renal system development"	0.00402764627210084	1	"GOStats"	"depletion"
"HV"	"GO:0072359"	"circulatory system development"	0.00182664197783981	1	"GOStats"	"depletion"
"HV"	"GO:0072583"	"clathrin-dependent endocytosis"	0.00919515539688447	1	"GOStats"	"depletion"
"HV"	"GO:0072594"	"establishment of protein localization to organelle"	0.00129890070591245	4	"GOStats"	"depletion"
"HV"	"GO:0072655"	"establishment of protein localization to mitochondrion"	0.00323049422641246	1	"GOStats"	"depletion"
"HV"	"GO:0072657"	"protein localization to membrane"	0.00322445459360366	8	"GOStats"	"depletion"
"HV"	"GO:0072659"	"protein localization to plasma membrane"	0.00288601934926645	2	"GOStats"	"depletion"
"HV"	"GO:0072665"	"protein localization to vacuole"	0.00237821054982443	1	"GOStats"	"depletion"
"HV"	"GO:0072666"	"establishment of protein localization to vacuole"	0.00844143934368246	2	"GOStats"	"depletion"
"HV"	"GO:0080090"	"regulation of primary metabolic process"	0.000915711019068395	3	"GOStats"	"depletion"
"HV"	"GO:0080135"	"regulation of cellular response to stress"	0.0053578022728135	1	"GOStats"	"depletion"
"HV"	"GO:0090066"	"regulation of anatomical structure size"	0.00901924492662757	1	"GOStats"	"depletion"
"HV"	"GO:0090087"	"regulation of peptide transport"	0.0093095806090734	1	"GOStats"	"depletion"
"HV"	"GO:0090132"	"epithelium migration"	0.00062670761252274	1	"GOStats"	"depletion"
"HV"	"GO:0090150"	"establishment of protein localization to membrane"	0.00481842678598157	4	"GOStats"	"depletion"
"HV"	"GO:0090174"	"organelle membrane fusion"	0.0047702539643162	4	"GOStats"	"depletion"
"HV"	"GO:0090287"	"regulation of cellular response to growth factor stimulus"	0.00558790643012403	1	"GOStats"	"depletion"
"HV"	"GO:0090304"	"nucleic acid metabolic process"	0.000397102279520464	14	"GOStats"	"depletion"
"HV"	"GO:0090305"	"nucleic acid phosphodiester bond hydrolysis"	0.00431598463958747	4	"GOStats"	"depletion"
"HV"	"GO:0090501"	"RNA phosphodiester bond hydrolysis"	0.0063004031093786	1	"GOStats"	"depletion"
"HV"	"GO:0090504"	"epiboly"	0.00512720123621834	2	"GOStats"	"depletion"
"HV"	"GO:0097435"	"supramolecular fiber organization"	0.000336068946116983	2	"GOStats"	"depletion"
"HV"	"GO:0097485"	"neuron projection guidance"	0.00204722970376811	3	"GOStats"	"depletion"
"HV"	"GO:0097659"	"nucleic acid-templated transcription"	0.00270055759447048	5	"GOStats"	"depletion"
"HV"	"GO:0098609"	"cell-cell adhesion"	0.00655376124569821	1	"GOStats"	"depletion"
"HV"	"GO:0098732"	"macromolecule deacylation"	0.0046834182763288	1	"GOStats"	"depletion"
"HV"	"GO:0098813"	"nuclear chromosome segregation"	0.00934115619533563	1	"GOStats"	"depletion"
"HV"	"GO:0098840"	"protein transport along microtubule"	0.00756119546811795	1	"GOStats"	"depletion"
"HV"	"GO:0098876"	"vesicle-mediated transport to the plasma membrane"	0.00621745266328069	1	"GOStats"	"depletion"
"HV"	"GO:0098916"	"anterograde trans-synaptic signaling"	0.00924910708391562	1	"GOStats"	"depletion"
"HV"	"GO:0099003"	"vesicle-mediated transport in synapse"	0.00353569494026467	1	"GOStats"	"depletion"
"HV"	"GO:0099111"	"microtubule-based transport"	0.00772272976808373	3	"GOStats"	"depletion"
"HV"	"GO:0099118"	"microtubule-based protein transport"	0.00756119546811795	1	"GOStats"	"depletion"
"HV"	"GO:0099504"	"synaptic vesicle cycle"	0.00353569494026467	1	"GOStats"	"depletion"
"HV"	"GO:0099537"	"trans-synaptic signaling"	0.0080696954025356	1	"GOStats"	"depletion"
"HV"	"GO:0120031"	"plasma membrane bounded cell projection assembly"	0.00372279530914797	3	"GOStats"	"depletion"
"HV"	"GO:0120036"	"plasma membrane bounded cell projection organization"	0.00198342776729917	7	"GOStats"	"depletion"
"HV"	"GO:0120039"	"plasma membrane bounded cell projection morphogenesis"	0.000612346505509736	3	"GOStats"	"depletion"
"HV"	"GO:0140014"	"mitotic nuclear division"	0.00172062780019091	3	"GOStats"	"depletion"
"HV"	"GO:0140029"	"exocytic process"	0.00188952420207594	1	"GOStats"	"depletion"
"HV"	"GO:0140053"	"mitochondrial gene expression"	0.00415444028353372	4	"GOStats"	"depletion"
"HV"	"GO:0140056"	"organelle localization by membrane tethering"	0.00407245548504481	4	"GOStats"	"depletion"
"HV"	"GO:0140352"	"export from cell"	0.0045091625608113	3	"GOStats"	"depletion"
"HV"	"GO:0150063"	"visual system development"	0.00345251761312109	1	"GOStats"	"depletion"
"HV"	"GO:1901137"	"carbohydrate derivative biosynthetic process"	0.0026675149004225	2	"GOStats"	"depletion"
"HV"	"GO:1901360"	"organic cyclic compound metabolic process"	0.00214312340409033	10	"GOStats"	"depletion"
"HV"	"GO:1901362"	"organic cyclic compound biosynthetic process"	0.000818451670491403	1	"GOStats"	"depletion"
"HV"	"GO:1901564"	"organonitrogen compound metabolic process"	0.00212752752150549	5	"GOStats"	"depletion"
"HV"	"GO:1901565"	"organonitrogen compound catabolic process"	0.00136125166936603	1	"GOStats"	"depletion"
"HV"	"GO:1901566"	"organonitrogen compound biosynthetic process"	0.000982956416303878	3	"GOStats"	"depletion"
"HV"	"GO:1901575"	"organic substance catabolic process"	0.00915838986621813	1	"GOStats"	"depletion"
"HV"	"GO:1901576"	"organic substance biosynthetic process"	0.00280004468619195	3	"GOStats"	"depletion"
"HV"	"GO:1901800"	"positive regulation of proteasomal protein catabolic process"	0.00955200368115941	1	"GOStats"	"depletion"
"HV"	"GO:1902531"	"regulation of intracellular signal transduction"	0.0010432805381338	1	"GOStats"	"depletion"
"HV"	"GO:1902532"	"negative regulation of intracellular signal transduction"	0.0032835130937987	1	"GOStats"	"depletion"
"HV"	"GO:1902680"	"positive regulation of RNA biosynthetic process"	0.000610566254292467	3	"GOStats"	"depletion"
"HV"	"GO:1902850"	"microtubule cytoskeleton organization involved in mitosis"	0.00251110992031771	1	"GOStats"	"depletion"
"HV"	"GO:1902903"	"regulation of supramolecular fiber organization"	0.00629117411689413	1	"GOStats"	"depletion"
"HV"	"GO:1903008"	"organelle disassembly"	0.00966402875933829	1	"GOStats"	"depletion"
"HV"	"GO:1903047"	"mitotic cell cycle process"	0.00396481252658916	5	"GOStats"	"depletion"
"HV"	"GO:1903050"	"regulation of proteolysis involved in cellular protein catabolic process"	0.00474614399220383	2	"GOStats"	"depletion"
"HV"	"GO:1903052"	"positive regulation of proteolysis involved in cellular protein catabolic process"	0.00792831824632383	1	"GOStats"	"depletion"
"HV"	"GO:1903305"	"regulation of regulated secretory pathway"	0.00932168321924698	1	"GOStats"	"depletion"
"HV"	"GO:1903311"	"regulation of mRNA metabolic process"	0.00654871992503976	1	"GOStats"	"depletion"
"HV"	"GO:1903320"	"regulation of protein modification by small protein conjugation or removal"	0.00032415509228866	1	"GOStats"	"depletion"
"HV"	"GO:1903322"	"positive regulation of protein modification by small protein conjugation or removal"	0.0069499935028813	1	"GOStats"	"depletion"
"HV"	"GO:1903362"	"regulation of cellular protein catabolic process"	0.00380904349397544	2	"GOStats"	"depletion"
"HV"	"GO:1903364"	"positive regulation of cellular protein catabolic process"	0.00658049609294249	1	"GOStats"	"depletion"
"HV"	"GO:1903506"	"regulation of nucleic acid-templated transcription"	0.00219033873737545	4	"GOStats"	"depletion"
"HV"	"GO:1903508"	"positive regulation of nucleic acid-templated transcription"	0.000610566254292467	3	"GOStats"	"depletion"
"HV"	"GO:1903509"	"liposaccharide metabolic process"	0.00410626776052459	3	"GOStats"	"depletion"
"HV"	"GO:1903530"	"regulation of secretion by cell"	0.000209359981253065	1	"GOStats"	"depletion"
"HV"	"GO:1990138"	"neuron projection extension"	0.00592507584004311	2	"GOStats"	"depletion"
"HV"	"GO:1990778"	"protein localization to cell periphery"	0.00368287860215363	3	"GOStats"	"depletion"
"HV"	"GO:2000026"	"regulation of multicellular organismal development"	0.00100007260259833	1	"GOStats"	"depletion"
"HV"	"GO:2000058"	"regulation of ubiquitin-dependent protein catabolic process"	0.00873899779886847	1	"GOStats"	"depletion"
"HV"	"GO:2000112"	"regulation of cellular macromolecule biosynthetic process"	0.00117470250806338	4	"GOStats"	"depletion"
"HV"	"GO:2001020"	"regulation of response to DNA damage stimulus"	0.00485576073846373	6	"GOStats"	"depletion"
"HV"	"GO:2001022"	"positive regulation of response to DNA damage stimulus"	0.00663564096975382	1	"GOStats"	"depletion"
"HV"	"GO:2001141"	"regulation of RNA biosynthetic process"	0.0020676924284865	4	"GOStats"	"depletion"
